model_id,clustering,path_length,diameter,modularity,num_communities,avg_community_size,max_community_size,community_size_variation
0,0.2557777687629577,2.609746909260555,5.0,0.12728596734047692,16,535.9375,892,177.42902410189265
1,0.2518870245032578,2.625744110100303,5.0,0.12427130773648609,20,428.75,739,204.78082796004122
2,0.2543268442867788,2.6153184044786566,5.0,0.12612888873307282,20,428.75,935,292.87793959258863
3,0.25494997647271445,2.6355994868206203,5.0,0.12185056937846439,318,26.965408805031448,785,101.03250954934836
4,0.25296761172244175,2.6668964310706786,5.0,0.12097199896018047,348,24.64080459770115,755,90.9842745755676
5,0.2537356147802232,2.63303825519011,5.0,0.1287629118406766,20,428.75,859,302.2761775264468
6,0.25557829327825193,2.5663820853743875,5.0,0.12173256791254837,340,25.220588235294116,817,103.19627865899886
7,0.25426326608509503,2.585027991602519,5.0,0.11213262730497688,513,16.71539961013645,748,66.04175606787285
8,0.2515757248533742,2.681013529274551,6.0,0.12221468719944463,22,389.77272727272725,948,250.83350722562454
9,0.25322523533068364,2.635878236529041,5.0,0.11863166901871275,338,25.369822485207102,845,102.90592550246454
10,0.2539183413363095,2.6339779884216554,5.0,0.1281126875642282,18,476.3888888888889,825,242.06017132772973
11,0.25727965601205355,2.639529974341031,5.0,0.11678130021500152,435,19.71264367816092,551,73.38760395904778
12,0.2543511732117085,2.6553918824352696,5.0,0.1253311528842309,21,408.3333333333333,821,293.7736954306565
13,0.2551668040610932,2.6393000466635557,0.0,0.12324340371245109,21,408.3333333333333,966,310.0585710157316
14,0.2530968018249408,2.6003720550501517,5.0,0.11803372881960991,436,19.66743119266055,760,77.98386650253777
15,0.25731939097730855,2.617439934686261,5.0,0.1278997558967695,20,428.75,1083,304.499404761323
16,0.2521483968784765,2.628871005365057,5.0,0.12528161216652783,19,451.3157894736842,922,180.53518468317264
17,0.25464847510029714,2.6710788430137624,6.0,0.12174773484706325,21,408.3333333333333,868,261.9220773496854
18,0.2536709942885945,2.644226551563229,0.0,0.1215855050626144,389,22.043701799485863,804,89.1651691865457
19,0.2532600561864701,2.6393595426971537,0.0,0.12295959178878398,360,23.819444444444443,743,90.10560569392524
20,0.25335078851009946,2.64363774201073,5.0,0.12313013596591237,19,451.3157894736842,1009,239.98707259735974
21,0.2555478867521195,2.648440634476324,5.0,0.1269970425890348,321,26.713395638629283,688,98.9921113380315
22,0.25269687071827873,2.6331082341964076,5.0,0.12513690051747134,14,612.5,905,206.11465256017098
23,0.24960279288660273,2.69037788663401,5.0,0.11967745722138991,23,372.82608695652175,770,227.9018957843032
24,0.2542066666689406,2.6906029857709353,5.0,0.1194780689074599,390,21.987179487179485,629,81.37051907230278
25,0.2557264365754782,2.6259412176347094,5.0,0.11984680336828082,364,23.557692307692307,866,94.54915850971037
26,0.2548787982135329,2.6026137158852345,5.0,0.12515021192901568,23,372.82608695652175,816,231.36488256580358
27,0.25294111905867933,2.6656982703168848,6.0,0.11422328292789559,438,19.577625570776256,757,80.77771038361206
28,0.25604162311163076,2.604250058315839,5.0,0.125485197162103,52,164.90384615384616,974,273.63354633069895
29,0.25181182544995057,2.6076836948915325,5.0,0.12139702716436158,17,504.4117647058824,917,205.28489782094638
30,0.2557045280957043,2.635073477956613,5.0,0.12386269648049575,410,20.914634146341463,738,78.74518974383757
31,0.25728775582431307,2.624674597620714,5.0,0.12987297970628814,15,571.6666666666666,842,143.89749438016247
32,0.25541478007220314,2.6208385817588056,5.0,0.12338029608314512,45,190.55555555555554,886,248.9747470956804
33,0.25232789725318194,2.6163540937718683,5.0,0.12055558253484486,296,28.969594594594593,874,105.8508117388884
34,0.25634359017343383,2.65529974341031,5.0,0.12399141733626434,19,451.3157894736842,825,231.860223917133
35,0.2567022267237437,2.5874212736179145,5.0,0.1263603490178527,16,535.9375,793,222.34530261228818
36,0.25769856009074493,2.7090972708187544,5.0,0.12578743538102655,17,504.4117647058824,983,206.21150159727625
37,0.25578447404490806,2.671931420573828,5.0,0.12402363805640886,296,28.969594594594593,861,115.61782813917338
38,0.2540324549588637,2.6398670398880335,5.0,0.12129717659988845,355,24.154929577464788,734,87.22479423432533
39,0.2560127832610762,2.604785397714019,5.0,0.12292774659011267,21,408.3333333333333,871,281.61377356286647
40,0.2591466340682964,2.693634243060415,5.0,0.12296168473413478,317,27.050473186119874,926,107.74120752739239
41,0.2533264480977941,2.6272171681828786,6.0,0.1208898461706136,379,22.62532981530343,783,87.39361111324814
42,0.25644949145835083,2.6521635176113834,5.0,0.12157932968802695,364,23.557692307692307,660,86.06766103475358
43,0.2514448487708943,2.617368789363191,5.0,0.12245143387787796,351,24.43019943019943,695,89.68244133929235
44,0.2564042958991941,2.692058549101936,5.0,0.1245446885063343,19,451.3157894736842,893,281.79295359902267
45,0.256399783550181,2.6237158852344296,5.0,0.11742901158163954,365,23.493150684931507,679,85.8785895603072
46,0.25432990676672473,2.6855773268019596,5.0,0.12604528973695903,15,571.6666666666666,887,201.90118595216046
47,0.25459308901050787,2.617250991369256,5.0,0.12160298126977769,374,22.927807486631018,809,86.63663516634806
48,0.25270684084123407,2.6535187777000235,5.0,0.12571528197378296,248,34.57661290322581,904,131.8269354292081
49,0.2560756879147519,2.6365267086540705,5.0,0.11582213302170452,404,21.225247524752476,651,79.42641688503994
50,0.25496340727751365,2.6069267553067412,5.0,0.11715884880634185,415,20.662650602409638,644,78.85464393479144
51,0.255064349740681,2.590194774900863,5.0,0.12211941281266925,45,190.55555555555554,1034,285.644421969814
52,0.2538907635878938,2.6393270352227667,5.0,0.11978339477976815,50,171.5,687,206.33257135023544
53,0.2544291803914267,2.5931455563331003,4.0,0.12813208638845064,16,535.9375,1068,259.678519700321
54,0.24979511188621975,2.63801726148822,5.0,0.12465623277732625,25,343.0,684,210.5924974921946
55,0.2526616126382592,2.67149055283415,6.0,0.1249653083246142,19,451.3157894736842,762,254.43767774438535
56,0.2530546093856501,2.622263820853744,5.0,0.12187814986682756,42,204.16666666666666,922,292.7956313643217
57,0.2560860876847145,2.679364357359459,5.0,0.11795690026136772,386,22.21502590673575,773,86.46828693046052
58,0.2531874275818397,2.6402122696524377,5.0,0.12564137889804056,17,504.4117647058824,909,204.30025735595476
59,0.25215095880302385,2.639142757172848,5.0,0.1183148050949155,462,18.560606060606062,681,76.13760331527207
60,0.25690836918757276,2.6067984604618615,5.0,0.11894505965875335,389,22.043701799485863,1120,96.71294627423043
61,0.2544598327760867,2.5955959878703054,5.0,0.12517723713902754,41,209.14634146341464,928,289.21985569051014
62,0.2541521122874547,2.6087683694891535,5.0,0.12973347218212136,20,428.75,956,307.3388805536976
63,0.2545585790594846,2.62833799860042,5.0,0.11570426944455975,524,16.364503816793892,860,70.8011323572894
64,0.2561997260677284,2.6409762071378586,5.0,0.12642244688479526,19,451.3157894736842,757,228.52480059620362
65,0.25566094642477083,2.6499258976515803,5.0,0.12196762745760299,41,209.14634146341464,1144,311.64915866462917
66,0.25384438197053555,2.6359925355726617,5.0,0.12807876881253025,18,476.3888888888889,952,290.445852457694
67,0.25694848642882145,2.624071364449251,5.0,0.12215765675604104,55,155.9090909090909,1055,291.54923318695387
68,0.25316288743397014,2.65371588523443,5.0,0.12063893744151949,450,19.055555555555557,640,67.23454157088389
69,0.2567664530409779,2.5925775600653136,5.0,0.12672846059821824,16,535.9375,906,204.64465200378436
70,0.25230953835385966,2.652021226965244,6.0,0.12320521937159541,22,389.77272727272725,998,319.52904716703154
71,0.2531252983235459,2.6636785630977373,5.0,0.12403840320377868,45,190.55555555555554,741,264.26624247826334
72,0.2531824773289709,2.6320993701889432,5.0,0.12965177971950237,13,659.6153846153846,954,173.80118547065757
73,0.25535540266592377,2.6637707021226964,5.0,0.13573960793311218,15,571.6666666666666,1021,287.83575563543565
74,0.25077192757191374,2.6450664800559833,5.0,0.12530569650638287,20,428.75,925,306.228652317186
75,0.2526597536362233,2.6291101003032424,5.0,0.12135252299861243,321,26.713395638629283,656,97.62008552452427
76,0.2567719773196659,2.690240261254957,6.0,0.1285325866692657,45,190.55555555555554,792,263.17704691840316
77,0.25659765770830806,2.6151329601119664,5.0,0.11461489349408335,422,20.319905213270143,751,75.88485622790856
78,0.2522812664241164,2.661011196641008,5.0,0.12339214057646014,17,504.4117647058824,922,194.67531304366898
79,0.2517491709611546,2.630646139491486,5.0,0.11823774151588456,363,23.62258953168044,753,88.69049310297042
80,0.2523808704521105,2.60537088873338,5.0,0.11804708271892965,406,21.120689655172413,682,76.10808826288941
81,0.252914906374362,2.6230160951714487,5.0,0.12299345869732176,387,22.157622739018088,700,88.92960060116361
82,0.25437131396400636,2.6467797993935154,5.0,0.12175144020829823,354,24.22316384180791,704,93.90233190934453
83,0.25387943767970056,2.6201294611616515,5.0,0.11825156739350569,384,22.330729166666668,745,85.84186341204185
84,0.25384989247238404,2.6359699233087217,5.0,0.11455858537582175,406,21.120689655172413,769,78.53164600436513
85,0.2552512510919996,2.682995101469559,5.0,0.12189225638525802,313,27.396166134185304,672,96.16733411837752
86,0.2553946664395411,2.6364695591322604,5.0,0.12613339503649457,20,428.75,861,254.93918392432343
87,0.25396872789407393,2.6243235362724517,5.0,0.12725477667483837,20,428.75,1037,332.188331372431
88,0.25309805948401404,2.6045253090739444,5.0,0.12112812490028489,329,26.06382978723404,744,101.65331839917343
89,0.2542160139569604,2.6275915558665734,5.0,0.12570440053076665,45,190.55555555555554,814,253.82614833828077
90,0.2543360323698245,2.6005574994168414,5.0,0.12579896068576663,347,24.711815561959654,1009,98.0893432295536
91,0.25467107935858974,2.64482155353394,5.0,0.12414448168664381,282,30.407801418439718,854,115.9069708714048
92,0.2542165323137428,2.6681082341964077,5.0,0.12504646697575028,18,476.3888888888889,893,258.43441869347066
93,0.256596842829198,2.630943550268253,5.0,0.12548322183826516,55,155.9090909090909,1176,281.0237306529159
94,0.2535297883508063,2.638903662234663,5.0,0.1277456651417001,17,504.4117647058824,855,299.8882260057667
95,0.2545064286974298,2.6597562397947283,5.0,0.12288007489484623,21,408.3333333333333,868,229.74402595131278
96,0.2535220804204623,2.6457207837648706,5.0,0.1259661197796666,22,389.77272727272725,813,210.14171231861215
97,0.25699185158989524,2.622157686027525,5.0,0.11934359321578755,45,190.55555555555554,889,261.2120939479858
98,0.25515211599451754,2.645962211336599,6.0,0.12729010024119927,17,504.4117647058824,905,286.1453885544959
99,0.254649344299456,2.655052484254724,5.0,0.12384554064593158,20,428.75,884,291.6816543768223
100,0.2525000592452907,2.668062747842314,5.0,0.12310050899279416,25,343.0,821,260.4044546469971
101,0.25556078248490777,2.6234896197807323,5.0,0.12112054148532983,319,26.88087774294671,765,102.3876013959002
102,0.25246198266467695,2.6930545836249125,5.0,0.12041271340265772,389,22.043701799485863,610,81.28192482662016
103,0.25270219314572706,2.708725215768603,5.0,0.1282779367411523,24,357.2916666666667,961,299.7699783676737
104,0.25351540297589104,2.6698845346396083,5.0,0.11574409733001129,417,20.563549160671464,766,78.47947334229832
105,0.25277874741886913,2.623595412958604,5.0,0.12304977403159799,18,476.3888888888889,1031,292.09799323912
106,0.2545345453173287,2.626020527175181,5.0,0.12368084794023466,17,504.4117647058824,970,185.89056199297016
107,0.2552761879718975,2.6468754373687893,5.0,0.12306755147803086,16,535.9375,1084,197.95247811974974
108,0.2541249852088009,2.6194984837881967,5.0,0.12425335240443554,15,571.6666666666666,910,233.92496422761056
109,0.2538523900396409,2.6761464893865172,5.0,0.12634684400569918,23,372.82608695652175,869,241.1919048634191
110,0.2571514045713906,2.634448332167017,5.0,0.12183885654996668,46,186.41304347826087,964,265.67245083789834
111,0.25447397114328113,2.6608689059948682,5.0,0.12823073916256467,16,535.9375,927,223.63375995978336
112,0.256866964340573,2.667500583158386,5.0,0.12632314840002407,20,428.75,1026,235.5106950862317
113,0.2533781044532366,2.67866542230518,5.0,0.11972344002514879,306,28.022875816993466,818,103.11287108106023
114,0.25748256009154813,2.6424294378353164,5.0,0.11984670338846598,383,22.389033942558747,756,90.74923176051782
115,0.25576763373835304,2.641649171915092,5.0,0.1227164447498636,54,158.7962962962963,922,240.87159477918473
116,0.25375882402576405,2.6180884068112897,5.0,0.12962407802661785,36,238.19444444444446,1073,308.1450613883414
117,0.2539248896036102,2.684919524142757,5.0,0.1293984321096468,14,612.5,1036,213.01835936972998
118,0.2504950548042296,2.5855446699323537,5.0,0.11949368852120798,23,372.82608695652175,757,218.21561976809784
119,0.25431037228427833,2.612170515512013,5.0,0.12437643180753451,26,329.8076923076923,969,283.24697285785084
120,0.2527349951572043,2.627073711219967,5.0,0.12075483020316798,45,190.55555555555554,925,251.39924472224175
121,0.2539905849282789,2.5929076277116865,6.0,0.12171029990321701,289,29.67128027681661,609,101.5114456809834
122,0.2506236469224892,2.6294518311173314,5.0,0.11799150886004804,359,23.885793871866294,656,85.98066631077256
123,0.2541040077951057,2.6556123163051084,5.0,0.132212028622749,13,659.6153846153846,995,258.323154345494
124,0.2532209642950734,2.6280802425938887,5.0,0.1191185797155915,340,25.220588235294116,873,102.48337678521838
125,0.2536908681804274,2.6370970375554,6.0,0.12109379435353738,22,389.77272727272725,922,226.5634432154775
126,0.2543532475003985,2.6304816888266855,5.0,0.1256081703044579,17,504.4117647058824,829,202.01166501657315
127,0.25453398027465735,2.68925822253324,5.0,0.11769416201948417,394,21.763959390862944,787,83.40186257374546
128,0.2530011793568485,2.6590867739678097,5.0,0.12399187000833028,15,571.6666666666666,867,181.48596517514946
129,0.2523075034392395,2.5941229297877304,5.0,0.12389464392464014,344,24.927325581395348,653,94.56453412235328
130,0.25407085004079527,2.6729776067179847,5.0,0.1259631133442779,20,428.75,940,250.71714640207597
131,0.2541707415143873,2.624335199440168,5.0,0.1244806472011537,27,317.5925925925926,995,286.30497327658856
132,0.2551907799036214,2.653154886867273,5.0,0.12574711019287782,22,389.77272727272725,1072,272.221489335795
133,0.2559725320579136,2.697753673897831,5.0,0.12235053983433777,284,30.193661971830984,744,110.49769528843011
134,0.25480882559171125,2.606256123163051,5.0,0.12796164191152246,18,476.3888888888889,959,206.04776654641378
135,0.25202073625017024,2.643846512712853,5.0,0.12669011916215328,40,214.375,1175,344.66242089180537
136,0.2541775057357562,2.61703988803359,5.0,0.12600756082388292,24,357.2916666666667,923,294.4920031691108
137,0.2529468879385863,2.6500723116398412,5.0,0.1251873500266568,21,408.3333333333333,1118,298.5020273255449
138,0.2545474732616451,2.6028796361091673,5.0,0.12345640978128974,343,25.0,834,94.86750004926697
139,0.2544368001631132,2.606969909027292,5.0,0.12490457910037313,39,219.87179487179486,838,279.0775261727951
140,0.25518196679883687,2.648293678563098,5.0,0.12442433492371634,19,451.3157894736842,954,263.56843765830513
141,0.25461120963102385,2.622038721716818,5.0,0.12312556339468794,58,147.8448275862069,964,249.72984035333323
142,0.2558010436249111,2.67190459528808,5.0,0.1176169345022185,362,23.6878453038674,729,86.7038798465222
143,0.25246570628249104,2.6794180079309537,5.0,0.12287104135836378,330,25.984848484848484,822,99.32415440978829
144,0.2505479942419596,2.638187543736879,5.0,0.12311729679973929,20,428.75,979,284.62780521235095
145,0.2522695245663671,2.6204292045719617,5.0,0.12591984415461996,319,26.88087774294671,888,112.79255896767845
146,0.2536116684361428,2.6564672264987172,5.0,0.1199427507387511,385,22.272727272727273,919,87.53644678611651
147,0.24976891149539415,2.6452822486587357,5.0,0.11960260188656166,336,25.520833333333332,709,97.92328530062429
148,0.2520541445486405,2.6072183344996502,5.0,0.1259022916531335,20,428.75,870,267.54118841778364
149,0.2530983502241465,2.632394448332167,5.0,0.12329380352357003,63,136.11111111111111,1323,297.2236137039079
150,0.25358038608928,2.644695520298647,0.0,0.11956159714602677,322,26.630434782608695,700,96.09866535837995
151,0.25305968412450586,2.657702355959879,6.0,0.1243280936411167,21,408.3333333333333,799,183.23737748597176
152,0.252911849642863,2.6307947683035158,5.0,0.11907833220096346,390,21.987179487179485,769,82.80516111589496
153,0.2538581361100752,2.640901562864474,5.0,0.12311529959162505,18,476.3888888888889,945,250.36953552896097
154,0.25496575730631815,2.6817996267786333,5.0,0.12646071212545068,19,451.3157894736842,943,330.5418283319198
155,0.2551772312946066,2.5808164217401446,5.0,0.12615803291348715,57,150.43859649122808,848,233.54258919188857
156,0.2570375201979159,2.642411943083742,5.0,0.1227890188522724,331,25.906344410876134,804,105.2043342914452
157,0.2546670797535388,2.653912992768836,5.0,0.11827453356770978,371,23.11320754716981,862,91.3689131443105
158,0.2543990723509746,2.6580125962211336,5.0,0.11868788564959368,409,20.965770171149146,714,81.8137834404274
159,0.2548017905661007,2.604545136459062,5.0,0.12609621712421598,27,317.5925925925926,910,297.84040708620864
160,0.2530264834050686,2.6734359692092373,5.0,0.13072038682686665,17,504.4117647058824,1050,359.3084958022971
161,0.25826127155778367,2.612042220667133,5.0,0.12469812326951231,15,571.6666666666666,948,230.47622195985616
162,0.2567560186609635,2.6093655236762303,5.0,0.12568972202641973,50,171.5,871,245.05821757288612
163,0.25090744391246816,2.6514135759272217,5.0,0.12477737477755681,23,372.82608695652175,940,300.7614470225911
164,0.25816737685768326,2.64085607651038,5.0,0.12557858419021412,19,451.3157894736842,836,241.4857634752385
165,0.25698539576328155,2.637416608350828,5.0,0.11587336066374326,454,18.887665198237887,547,65.7292750694592
166,0.25487724262102013,2.6184604618614418,5.0,0.12184278799555423,365,23.493150684931507,708,92.17858237669581
167,0.2565399032077456,2.6583904828551437,5.0,0.12267701942852471,42,204.16666666666666,892,245.14436142099606
168,0.2529093379640524,2.6504070445533006,5.0,0.11921858777915133,21,408.3333333333333,888,230.2750598189113
169,0.25430574541844087,2.679432533876201,5.0,0.12190577776523444,300,28.583333333333332,782,106.9039275341286
170,0.255073994239802,2.6200723116398414,5.0,0.12847656982725658,15,571.6666666666666,946,216.80272651012078
171,0.2557214008009255,2.608676230464194,5.0,0.11660006044846286,409,20.965770171149146,722,74.76187986948663
172,0.24837602656204996,2.621706321436902,6.0,0.12139074220885698,18,476.3888888888889,865,265.1532342897612
173,0.25322539917929077,2.6223641240961046,5.0,0.1253353302907795,25,343.0,898,288.59799029099287
174,0.2517066157555888,2.6590039654770234,5.0,0.11538589624828409,394,21.763959390862944,894,87.35226902674124
175,0.2532237628300301,2.6531024026125496,5.0,0.12549409337885148,16,535.9375,1020,203.59133968258573
176,0.25552704927140735,2.615517844646606,5.0,0.12406472461746426,343,25.0,793,94.59494744241181
177,0.25308031009604426,2.6617529741077677,5.0,0.12138258494449382,28,306.25,1120,315.73266551218387
178,0.25772529927791415,2.6505155120130626,5.0,0.11886225402869885,22,389.77272727272725,711,185.83470950336041
179,0.2526400237795228,2.627825961975717,5.0,0.12413209655202713,19,451.3157894736842,800,243.9212669849323
180,0.2550953848276255,2.6517879636109165,5.0,0.12074833055232809,369,23.238482384823847,707,93.51183588912893
181,0.2527228320733214,2.6804525309073943,5.0,0.12201257955558298,296,28.969594594594593,682,101.15275988458289
182,0.25571164266142216,2.6801131327268486,4.0,0.12389971627410364,20,428.75,1166,342.24959824665973
183,0.25381375291305625,2.6728481455563333,5.0,0.1257219717854437,21,408.3333333333333,926,336.8052048762697
184,0.25750738085619773,2.598542104035456,5.0,0.12518407285191366,21,408.3333333333333,847,218.10817179366435
185,0.2551487372603135,2.6541322603219033,5.0,0.12172513981682317,20,428.75,892,216.10619495979284
186,0.25307026685701495,2.6604012129694423,5.0,0.12362831945302077,327,26.223241590214066,716,96.50793732887334
187,0.25139760080770485,2.6525110800093303,5.0,0.11880121358154308,397,21.59949622166247,766,86.39014835468039
188,0.2509447167711474,2.6412479589456495,5.0,0.1242501524492984,21,408.3333333333333,853,254.1809129496873
189,0.25608544872991207,2.6397259155586656,5.0,0.1222480059077629,23,372.82608695652175,1215,295.63706483132216
190,0.2533310624846748,2.6375600653137394,5.0,0.12702728611414904,48,178.64583333333334,878,285.29315986537813
191,0.25257496401125584,2.6093235362724516,5.0,0.1291708233654251,20,428.75,912,295.21007350698585
192,0.25318608789679237,2.6267693025425705,5.0,0.1286451464457466,26,329.8076923076923,1089,313.9457350502042
193,0.2540301611676377,2.6805225099136925,5.0,0.12603011423290872,15,571.6666666666666,1012,212.6492155849367
194,0.2550814331766675,2.640515512013063,5.0,0.12553451389609027,17,504.4117647058824,999,210.3683209274319
195,0.2544458618124029,2.6782890132960113,5.0,0.12490223610101565,52,164.90384615384616,988,279.5820548064959
196,0.2530268951883731,2.6532271985071145,5.0,0.11651276905489405,379,22.62532981530343,982,90.39629543909894
197,0.25395690178182806,2.606463727548402,5.0,0.11825962940859171,408,21.017156862745097,638,76.47646183922203
198,0.25479943592719134,2.6063447632376953,5.0,0.1213441108470229,323,26.54798761609907,709,97.54798781261901
199,0.252457824051714,2.6566375087473757,5.0,0.12528387402762153,24,357.2916666666667,938,306.8552154744789
200,0.2520190645745687,2.611330767436436,5.0,0.12373851606823519,21,408.3333333333333,850,229.35361206024066
201,0.2565760786591401,2.6585619314205737,5.0,0.12221161802373398,357,24.019607843137255,713,86.88146506174252
202,0.2542702068944306,2.626383251691159,5.0,0.11848051968514337,381,22.506561679790025,854,90.45047997121463
203,0.25320265941178627,2.646591881021552,5.0,0.11887241270012724,345,24.855072463768117,807,89.57511225301185
204,0.25368169179958244,2.6301656169815724,5.0,0.12655532628612165,323,26.54798761609907,927,115.73231640046701
205,0.2561869039322199,2.6320422206671332,5.0,0.12265417113709444,23,372.82608695652175,941,286.22591444884824
206,0.25481279358393993,2.607087707021227,5.0,0.12243494230351754,408,21.017156862745097,660,78.03344054248129
207,0.25453207395819455,2.5950878036252423,5.0,0.12583973666295928,50,171.5,884,264.016382067477
208,0.25364285034457107,2.645987870305575,5.0,0.11994366692168475,59,145.33898305084745,1283,268.92791612910344
209,0.25447149972061417,2.5915920223932822,5.0,0.11384799394731429,407,21.06879606879607,627,77.19069328299092
210,0.2552051922371771,2.652320970375554,5.0,0.12382470843446791,362,23.6878453038674,868,92.07584140530787
211,0.25379836135768097,2.632691859108934,5.0,0.12775622609917647,17,504.4117647058824,947,178.2533091264588
212,0.25726763034505185,2.5935782598553767,5.0,0.10924553235402587,521,16.45873320537428,722,61.63734196646393
213,0.2547891153624848,2.6419454163750875,5.0,0.11453096572247334,383,22.389033942558747,749,86.49718198133188
214,0.2544898076866587,2.6537065547002565,5.0,0.12123619802623847,384,22.330729166666668,848,85.19189425869683
215,0.2553989690163444,2.6488441800793097,5.0,0.11617085148093403,444,19.313063063063062,748,80.8534360286851
216,0.2549198145672021,2.6190272918124564,5.0,0.12043224386768064,353,24.291784702549574,910,94.40250372057328
217,0.2552005611246832,2.6322428271518543,5.0,0.12733257339571638,14,612.5,1038,230.9309575237957
218,0.2562282884364097,2.581406906206253,0.0,0.1290558566456327,16,535.9375,771,209.60482721958005
219,0.253526493299689,2.672267319804059,5.0,0.11992490868983932,369,23.238482384823847,713,89.74500180162876
220,0.2562629241550525,2.560181945416375,5.0,0.1263026456799058,253,33.89328063241107,945,125.13755464810951
221,0.255061157578265,2.6290311559730735,5.0,0.11940339797050736,340,25.220588235294116,909,95.36645198579981
222,0.2535888585004731,2.6371401912759507,5.0,0.12700766452691004,45,190.55555555555554,1082,287.08709909909885
223,0.25530156075612237,2.608448798693725,5.0,0.12102148168144736,310,27.661290322580644,786,102.62659272244666
224,0.25540080631567635,2.6753848845346395,5.0,0.12637174127914902,21,408.3333333333333,739,221.86274893519047
225,0.25117207868426067,2.667915791929088,5.0,0.11668324381855447,430,19.941860465116278,649,77.71485665801539
226,0.25487824114326957,2.603143223699557,5.0,0.12372983435890067,18,476.3888888888889,894,296.8548352475946
227,0.2522796892347954,2.6360485187777,5.0,0.12228415861754391,17,504.4117647058824,817,191.41487397597595
228,0.25345421591447237,2.662637042220667,5.0,0.1245432975112534,24,357.2916666666667,1049,330.37358640972224
229,0.25242940439911726,2.627730347562398,5.0,0.1196638145550239,23,372.82608695652175,1085,279.4931207326256
230,0.25455613912208996,2.6497154187077214,5.0,0.1146144814928183,464,18.48060344827586,694,71.16360196380899
231,0.2534114809968178,2.670220433869839,6.0,0.11359985745654551,552,15.534420289855072,685,59.915177754794094
232,0.2537453439519968,2.6262351294611617,5.0,0.12491646980366967,21,408.3333333333333,923,318.12356589005344
233,0.2537786578015947,2.6276067179846048,5.0,0.12164406835434424,30,285.8333333333333,982,281.0237336754476
234,0.25562804804938144,2.5972229997667364,5.0,0.12032807544275062,356,24.087078651685392,790,93.73226125156106
235,0.25387398755666074,2.639096104501983,5.0,0.11918387486168558,383,22.389033942558747,729,88.11766750329232
236,0.25490419929477437,2.6255516678329833,5.0,0.12479684758961733,18,476.3888888888889,1123,351.3301927261414
237,0.25701985601217714,2.6374889199906693,5.0,0.12681687110787018,17,504.4117647058824,740,177.4512555517312
238,0.2541994233136817,2.642631210636809,5.0,0.12729331486628775,19,451.3157894736842,1098,329.52726149209866
239,0.2544099396645546,2.609107767669699,5.0,0.1267146851177836,21,408.3333333333333,911,300.7079477520836
240,0.25366220273691176,2.6320013995801257,5.0,0.12738528497341317,18,476.3888888888889,811,237.26547224783394
241,0.25078769042110954,2.5872883135059483,5.0,0.1268608628930733,309,27.750809061488674,1070,107.84148459807243
242,0.25323155417834153,2.6535572661534874,5.0,0.1215234483820247,21,408.3333333333333,1103,308.60489971318367
243,0.25786859183644906,2.6375845579659436,5.0,0.10952230369099276,452,18.971238938053098,592,66.79529927068015
244,0.25271534914829313,2.6643270352227666,5.0,0.1295801737390048,21,408.3333333333333,790,214.13243194971287
245,0.25293292453569316,2.6230090972708187,5.0,0.12054828611163279,294,29.166666666666668,805,110.8990291715929
246,0.253832640799639,2.65278166550035,5.0,0.12746790768842833,16,535.9375,802,151.31732747359106
247,0.255171123327051,2.6005644973174715,5.0,0.12224234722042518,373,22.989276139410187,888,95.87413494238452
248,0.2529790017734662,2.615188943317005,5.0,0.12179847802345152,24,357.2916666666667,849,269.33119004407115
249,0.25478855939974104,2.641333100069979,5.0,0.12283428040722523,22,389.77272727272725,766,223.1279559148602
250,0.25373088322455994,2.666299276883602,6.0,0.11840915375427886,328,26.14329268292683,725,93.66498202343779
251,0.25330823398319613,2.680956379752741,5.0,0.12098851580836321,338,25.369822485207102,881,102.15765128729485
252,0.25368949091902204,2.6102624212736183,5.0,0.12722167638957216,16,535.9375,931,173.33582605379073
253,0.25386222753910664,2.6600303242360623,5.0,0.12378730010552486,15,571.6666666666666,900,177.7176287135172
254,0.2536203191199652,2.628231863774201,5.0,0.12167095521847059,356,24.087078651685392,703,88.79056756896271
255,0.25275567955575795,2.6785840914392347,5.0,0.11598446428039044,434,19.758064516129032,704,77.09258298963832
256,0.25345443570906645,2.657849311873105,5.0,0.12386973417815915,22,389.77272727272725,917,279.2206575807648
257,0.2565777598875345,2.634997667366457,5.0,0.11788302591603156,445,19.269662921348313,759,76.03038482567553
258,0.25441349757166,2.6052834149755073,5.0,0.12367545052603784,337,25.445103857566764,821,97.70617301160547
259,0.2543412366741739,2.670516678329834,5.0,0.13111852216315467,46,186.41304347826087,943,258.96512910184885
260,0.2547226129510208,2.64530674131094,5.0,0.11332217971246276,442,19.400452488687783,685,70.97935012798887
261,0.25360376041526106,2.6357686027525076,5.0,0.12117704317324104,25,343.0,834,270.6569784801419
262,0.2546967957336614,2.6064497317471425,5.0,0.12648025377660216,18,476.3888888888889,1005,276.2923449474183
263,0.25556677494725183,2.609711919757406,5.0,0.11831729199621274,353,24.291784702549574,744,94.67731010467185
264,0.2553881437871896,2.609267553067413,5.0,0.1275282339361451,14,612.5,836,203.60527287586916
265,0.25351429759958016,2.650172614882202,5.0,0.12872893474423552,19,451.3157894736842,798,221.75616116322544
266,0.25378838083858246,2.6482092860475968,0.0,0.11849799662651908,350,24.5,762,92.98281715303256
267,0.25431712995791167,2.6160216934919522,5.0,0.1264664150708305,20,428.75,875,297.0168134971487
268,0.2537138273727176,2.6492348961978074,5.0,0.13031185708083246,18,476.3888888888889,828,233.02602117190662
269,0.25647093640568586,2.683005598320504,5.0,0.13321341364627726,261,32.8544061302682,947,140.67054071356702
270,0.25503776782370813,2.6575367389783064,5.0,0.12525991919066048,19,451.3157894736842,876,234.5926037851418
271,0.25510311526406254,2.659590622813156,6.0,0.12058064986318404,364,23.557692307692307,690,91.94115097727571
272,0.2556176053713549,2.662583391649172,5.0,0.12663919525932799,17,504.4117647058824,830,264.44927431384855
273,0.25618955889484907,2.5960394307046197,0.0,0.11747811836257308,67,127.98507462686567,828,217.90416163494962
274,0.2561933756845601,2.6225682295311405,5.0,0.12430470831222808,21,408.3333333333333,783,198.73656488482993
275,0.2535960835854107,2.6138383484954515,5.0,0.11706510711654419,385,22.272727272727273,512,78.34068727150901
276,0.2557265792999799,2.631800793095405,5.0,0.11442899212492039,406,21.120689655172413,690,79.16415392410539
277,0.25352900330502165,2.5711814788896663,5.0,0.12328614840527173,20,428.75,988,229.07768878701393
278,0.25573408553479154,2.6524247725682297,5.0,0.12832124641336207,19,451.3157894736842,900,307.41144255516974
279,0.25307363106714015,2.6324014462327967,5.0,0.11913682931190303,353,24.291784702549574,758,89.27157131616292
280,0.25509887331157277,2.6345754606951246,5.0,0.12772905597240564,19,451.3157894736842,991,313.15055276665396
281,0.2533408153919358,2.6211414353471736,5.0,0.12500380271430456,22,389.77272727272725,1142,330.33219255473193
282,0.2518345252116159,2.624274550968043,5.0,0.12440510554928802,399,21.49122807017544,928,92.55579796852052
283,0.2559008740655291,2.6146664334033125,5.0,0.12331854128962802,19,451.3157894736842,897,236.51105518426985
284,0.2530317991000214,2.6838861674830885,5.0,0.12992431713938382,16,535.9375,986,214.4567172968709
285,0.25254870740190677,2.6556717984604616,5.0,0.12502296061269808,17,504.4117647058824,822,151.60127999751788
286,0.2541447351292792,2.617842313972475,5.0,0.1271537176202096,26,329.8076923076923,798,293.912862444057
287,0.2517026276660666,2.636286447399114,6.0,0.12803141660696676,15,571.6666666666666,1028,287.2313043911165
288,0.2566746951240439,2.646017028224866,5.0,0.12280058427605733,53,161.79245283018867,1069,270.49635428021816
289,0.2545887216142046,2.6656706321436903,5.0,0.13002514774987697,36,238.19444444444446,877,279.57257251466774
290,0.2550181126597338,2.6880949603359774,0.0,0.1286914979051425,20,428.75,1179,391.21757054099703
291,0.2545554358679534,2.6528947982271984,5.0,0.12689373997126419,18,476.3888888888889,1087,356.7062499668769
292,0.2521529709651384,2.65494285047819,5.0,0.11703781992030382,373,22.989276139410187,803,91.86847979241188
293,0.25341145136698257,2.6403265686960578,5.0,0.11984795441739754,334,25.67365269461078,797,99.14507950901768
294,0.25376470214149405,2.6477641707487756,5.0,0.13049146879767726,22,389.77272727272725,923,315.74514058280124
295,0.25322808923736767,2.6239946349428505,5.0,0.1284590424968971,22,389.77272727272725,915,299.1364741473183
296,0.25548220370688274,2.6575198320111992,0.0,0.11623780717356075,362,23.6878453038674,547,86.45849332328766
297,0.2541470354679014,2.597238161884768,5.0,0.12606266679681113,24,357.2916666666667,752,289.1756212590466
298,0.25469439902470536,2.670056126019337,5.0,0.11866301099318055,405,21.17283950617284,680,84.96352014914834
299,0.253995620519039,2.641659668766037,5.0,0.11540609287961376,401,21.384039900249377,672,80.19214546421003
300,0.25335844343587893,2.603811523209704,5.0,0.12858487226144458,19,451.3157894736842,973,235.1044678506219
301,0.25321140820398164,2.638885001166317,5.0,0.12591728515929057,17,504.4117647058824,989,270.3266126533799
302,0.25548065910974116,2.631387916958246,5.0,0.12265163301272351,385,22.272727272727273,823,91.30670966705745
303,0.2555276546576501,2.614091439234896,5.0,0.12404528084916516,17,504.4117647058824,814,211.5928551066409
304,0.25495391291626374,2.6060461861441566,5.0,0.12388455897672296,297,28.872053872053872,1289,128.2206265946856
305,0.2512730326377101,2.605917891299277,5.0,0.11281171753659018,477,17.9769392033543,835,67.7020037595889
306,0.25226503104190223,2.644131094005132,5.0,0.11784000591159102,403,21.277915632754343,729,85.88556171320002
307,0.2536641522941229,2.6301364590622813,5.0,0.12349523870103571,25,343.0,844,262.16468106898003
308,0.25245705941128926,2.6501352927455097,6.0,0.11672810076169085,442,19.400452488687783,602,70.59626654770058
309,0.25323695059943363,2.7136680662467927,5.0,0.12374100566516058,25,343.0,833,283.79104989410786
310,0.25363694839787804,2.658062747842314,5.0,0.1258652794033611,357,24.019607843137255,829,100.77568710423564
311,0.25383031861057037,2.688297177513413,5.0,0.12184548215006946,333,25.75075075075075,785,95.85647291830257
312,0.2543763217902138,2.6380907394448334,5.0,0.12809784470902497,13,659.6153846153846,1031,213.18050800690676
313,0.25280266048583844,2.6945218101236295,5.0,0.1279188361458674,39,219.87179487179486,941,314.8968231095238
314,0.2542501164713662,2.628481455563331,5.0,0.12489254613611236,293,29.266211604095563,926,113.00501718746315
315,0.2549314843708063,2.6118661068346163,5.0,0.11884732578375466,391,21.9309462915601,882,94.20960924742286
316,0.25728074709608645,2.602711152589827,0.0,0.12805422357935098,284,30.193661971830984,706,105.26151786350029
317,0.2548939498398994,2.62944366689993,5.0,0.12503709586326772,21,408.3333333333333,1096,329.4389651301615
318,0.2508630285913042,2.6495276417074876,5.0,0.12300098888349315,309,27.750809061488674,578,93.52876809041413
319,0.25278363751948113,2.65802425938885,5.0,0.12590989222396604,15,571.6666666666666,1047,198.03894117628033
320,0.25456481573181367,2.6630067646372755,5.0,0.12317092284840873,21,408.3333333333333,835,258.950874792026
321,0.25128891000257914,2.600833916491719,5.0,0.13027373554379945,19,451.3157894736842,935,254.56176018933502
322,0.2514150506803759,2.633982971775134,5.0,0.12467612594077766,22,389.77272727272725,822,241.15044942151437
323,0.2554121255077903,2.6433356659668767,5.0,0.12946127882399047,21,408.3333333333333,1024,266.35428131457394
324,0.2556343458008636,2.632456836210919,0.0,0.12702355464295803,22,389.77272727272725,774,266.08951532386476
325,0.2577925086585103,2.6246139491485887,5.0,0.1206577427397251,323,26.54798761609907,693,93.4888944943897
326,0.2524442145514695,2.5950968042920457,4.0,0.12160436148939502,314,27.308917197452228,827,98.68325826544675
327,0.2537203893584445,2.6259995334732915,5.0,0.12244728909854938,21,408.3333333333333,677,208.38410809833007
328,0.25423077243735587,2.608430137625379,5.0,0.1299373768076943,19,451.3157894736842,1253,304.6913973932139
329,0.25544076985349384,2.6554420340564495,5.0,0.12570444208397288,19,451.3157894736842,741,204.7262749268627
330,0.25220576991925386,2.6093433636575694,5.0,0.1253209783901436,17,504.4117647058824,1017,353.2471320933546
331,0.2519140036014519,2.5770667133193377,5.0,0.1218691170489998,291,29.467353951890033,735,103.88710565405663
332,0.25414734607439093,2.6977385117797996,5.0,0.12282252271879385,428,20.035046728971963,747,78.68573589545332
333,0.2572329995559216,2.628648238861675,5.0,0.1220202619000804,26,329.8076923076923,1088,320.9858634834453
334,0.2556731875373603,2.6130650804758573,5.0,0.12033414885786863,364,23.557692307692307,592,86.00328687274873
335,0.25417716986194555,2.669862374620947,5.0,0.12463140999743283,280,30.625,764,111.6760881331106
336,0.25432047822793524,2.624510146955913,5.0,0.12446613693398727,21,408.3333333333333,912,247.32941852889493
337,0.2515474834435419,2.6080440867739676,5.0,0.11979970641910187,25,343.0,899,264.1319367285978
338,0.25720331826693316,2.6316829951014697,5.0,0.1187663743693758,420,20.416666666666668,968,85.26524557622878
339,0.2559272140170517,2.621915092139025,5.0,0.12406079878866437,268,31.996268656716417,926,121.83067213409043
340,0.2550765708514807,2.611722649871705,5.0,0.1229241620329663,383,22.389033942558747,803,83.03230102137874
341,0.2576449327242503,2.640258922323303,5.0,0.12804963938731911,17,504.4117647058824,922,212.04940013328454
342,0.25291116087635085,2.6652379286214134,5.0,0.12398065370370828,22,389.77272727272725,710,227.96569355500958
343,0.25722516388794503,2.6499568462794496,5.0,0.1250920757673631,14,612.5,1142,240.0909797793923
344,0.2547669060560232,2.645278749708421,6.0,0.12645676881675566,14,612.5,873,129.83547281078464
345,0.25345927648304917,2.6455388383484952,5.0,0.1260436782338752,18,476.3888888888889,974,250.97413299401745
346,0.25347362500012727,2.618171215302076,5.0,0.12696595117138978,42,204.16666666666666,836,272.86416616075326
347,0.2540811386547911,2.6119255889899695,5.0,0.1309761833041056,19,451.3157894736842,970,320.4751493168228
348,0.251183096359256,2.647641707487754,5.0,0.11954192263562119,306,28.022875816993466,612,97.38195199694968
349,0.2552049304297748,2.6265255423372986,5.0,0.12696914555492556,15,571.6666666666666,875,171.3638105188944
350,0.2543882290400577,2.61549218567763,5.0,0.11430265586435039,414,20.71256038647343,701,76.53783748496146
351,0.25257507874273805,2.630451364590623,5.0,0.11734571886062584,507,16.913214990138066,774,66.91910069914111
352,0.2581215426799788,2.641096337765337,5.0,0.12370212566939713,27,317.5925925925926,990,271.440773058256
353,0.2559212054346273,2.5982202006064847,5.0,0.12146437077438252,324,26.46604938271605,824,103.11638855243295
354,0.25584422640218835,2.634632610216935,5.0,0.12214630433703148,20,428.75,1138,267.9492256006723
355,0.2524213715670362,2.652365290412876,5.0,0.12570129905593463,12,714.5833333333334,1341,300.72591572541415
356,0.2547612927146266,2.631445066480056,5.0,0.12668291747817237,18,476.3888888888889,812,202.86644180316404
357,0.2529173304826799,2.682804991835783,5.0,0.1256664073404758,20,428.75,812,266.4167552914043
358,0.2525220943525663,2.6657056216468393,5.0,0.12750218197787744,20,428.75,1077,354.0193320992513
359,0.25064986499109215,2.649283881502216,5.0,0.12000406340740963,17,504.4117647058824,832,142.46322903225794
360,0.25215586767473447,2.6356089594027066,5.0,0.12374082936001436,22,389.77272727272725,801,250.19718256864778
361,0.25427104297236197,2.611377420107301,5.0,0.12665040261688587,17,504.4117647058824,792,184.92575897418922
362,0.25285918341588226,2.599837881968743,5.0,0.1169372308094923,422,20.319905213270143,860,86.90894909712333
363,0.25449918932468923,2.6116001866106835,5.0,0.12792925235667774,25,343.0,744,264.15964869752537
364,0.2521313233171808,2.676650338231864,5.0,0.12112330009482221,17,504.4117647058824,1044,206.61019245501316
365,0.2532825822087862,2.64715418707721,5.0,0.12125655582367144,318,26.965408805031448,913,106.42567045478792
366,0.25543051795639043,2.6152857476090507,5.0,0.1209095476275128,19,451.3157894736842,794,247.99682778777188
367,0.2532387175576917,2.589587123862841,5.0,0.1253714370935627,25,343.0,902,295.8821386971508
368,0.2532593711500954,2.6386878936319103,5.0,0.1174487631582816,481,17.827442827442827,659,67.81163034074011
369,0.25583765575916134,2.6451364590622815,5.0,0.12195727712760512,21,408.3333333333333,676,192.70390149344058
370,0.25739050400864416,2.6007464427338465,5.0,0.11883572047284155,375,22.866666666666667,936,91.27753039798763
371,0.25285168566816046,2.6223023093072078,5.0,0.11337420128470188,460,18.641304347826086,736,71.55690674314047
372,0.2541957688563259,2.6708479122929787,5.0,0.12048273252036619,65,131.92307692307693,1016,239.0981972516608
373,0.2536563549624299,2.647915791929088,5.0,0.12479431444645787,19,451.3157894736842,927,248.7577668994433
374,0.25721657125369873,2.637927455096804,5.0,0.12597318130033675,356,24.087078651685392,836,86.49420810254261
375,0.2549405844968635,2.6755446699323535,5.0,0.12149682799230231,21,408.3333333333333,968,299.11334582528013
376,0.25568752699522884,2.663606251457896,5.0,0.12724739156040932,14,612.5,1404,313.1042158770782
377,0.25212376402840864,2.623243526941917,5.0,0.12221141279881174,65,131.92307692307693,767,222.78173573062028
378,0.25520381872504744,2.6600513179379517,5.0,0.12372318393900635,19,451.3157894736842,795,235.66636823932595
379,0.2575318157254303,2.6365453697224166,5.0,0.1281530946201448,20,428.75,730,205.1574700077967
380,0.25504629141616864,2.5945882901796127,5.0,0.12098511280335156,329,26.06382978723404,661,93.6716385303897
381,0.25390383801309047,2.6299090272918124,5.0,0.12164347916012791,314,27.308917197452228,723,100.13642024427023
382,0.25411459583053514,2.631096337765337,5.0,0.1152881762532732,417,20.563549160671464,692,80.76054201252278
383,0.2532877556563192,2.6228598087240496,5.0,0.12087126187723701,42,204.16666666666666,900,236.98502229814187
384,0.2509172363677559,2.626032190342897,5.0,0.12432463843175638,21,408.3333333333333,1071,242.57533603149693
385,0.25482628318156186,2.6619699090272917,5.0,0.12375722560082164,22,389.77272727272725,894,228.99323765683994
386,0.2524125912249207,2.6383240027991604,5.0,0.11267349973480958,440,19.488636363636363,669,70.64704110097121
387,0.2527261605075811,2.640891066013529,5.0,0.12255419977572335,412,20.813106796116504,882,85.35022948341785
388,0.25344475471162037,2.6191217634709587,5.0,0.11599084066323592,443,19.35665914221219,690,76.39025453804433
389,0.2535932745229759,2.6002542570562164,5.0,0.11068866144454788,537,15.968342644320298,845,65.20665418605357
390,0.25003063138963155,2.6513109400513177,5.0,0.11934235389576447,307,27.93159609120521,796,111.93107411920317
391,0.2542613844896513,2.6206694658269187,5.0,0.12253082507361188,312,27.483974358974358,710,107.0379144406047
392,0.25553703465459526,2.6451714485654305,5.0,0.12008777294036918,389,22.043701799485863,536,77.62056311093825
393,0.25456980862766004,2.6696501049685093,5.0,0.1163973578339291,425,20.176470588235293,773,77.72563760101572
394,0.25220689042075,2.5952519244226733,5.0,0.12198114281973904,347,24.711815561959654,1010,101.92935878910976
395,0.254757837150942,2.613002099370189,5.0,0.1274130921469152,15,571.6666666666666,842,157.79635258423713
396,0.2528361738623913,2.6343666899930023,5.0,0.1207266374320755,44,194.88636363636363,1172,308.1915148313619
397,0.24999783087352723,2.5989176580359223,5.0,0.11686968578929537,394,21.763959390862944,717,83.41223918129118
398,0.25658724034005315,2.573404478656403,5.0,0.12856622754010844,17,504.4117647058824,996,257.7255856694296
399,0.2538384119769494,2.6232073711219965,5.0,0.11788181796794886,69,124.27536231884058,1001,243.40524353717294
400,0.25301958929473245,2.6108584091439235,5.0,0.1228120422944319,361,23.753462603878116,752,85.78542221902094
401,0.2565287397535838,2.6695731280615815,5.0,0.12286849310957185,338,25.369822485207102,887,101.97567252802234
402,0.2531704420444874,2.635763937485421,5.0,0.13105661048052014,22,389.77272727272725,832,295.0617703924171
403,0.2539308610817144,2.6531782132027057,5.0,0.12206084215322342,20,428.75,813,255.38478321936097
404,0.2553668393377929,2.5913762537905294,5.0,0.13093874765890118,20,428.75,1037,300.48525338192553
405,0.2543893996740512,2.6230522509913694,5.0,0.12378762718407832,19,451.3157894736842,738,160.37818877547858
406,0.2525729596803239,2.6459027291812456,5.0,0.12887737442770045,17,504.4117647058824,835,239.84113831096113
407,0.2525242501697729,2.6158385817588057,5.0,0.11268368878947517,465,18.440860215053764,735,75.00237449511309
408,0.2555872901801715,2.6100221600186613,5.0,0.11863567877396415,393,21.81933842239186,882,89.61044009838322
409,0.2533443132027099,2.7134324702589225,5.0,0.12214724701905198,304,28.207236842105264,718,105.43312834631853
410,0.2516298103570122,2.696003032423606,5.0,0.1264257210987276,51,168.13725490196077,840,259.90850725107873
411,0.25201522326569237,2.6531618847679033,5.0,0.12044244380725466,362,23.6878453038674,1059,99.19200821209004
412,0.2549307621535626,2.6261184977839984,5.0,0.12349715336301031,341,25.146627565982406,622,94.83754698714382
413,0.25361496706878994,2.649331391058873,5.0,0.1254719306439398,52,164.90384615384616,1182,286.839693880061
414,0.25271102516258986,2.650888733379986,5.0,0.12565052392210363,14,612.5,1092,260.4857413152809
415,0.25383532250778984,2.643529274550968,4.0,0.12076697820677988,303,28.300330033003302,773,111.63920656353352
416,0.25552106217228193,2.658446466060182,5.0,0.1231129252626901,16,535.9375,925,161.6954965166006
417,0.25700448960715977,2.6189246559365524,5.0,0.12276555937676818,18,476.3888888888889,971,267.1994966081604
418,0.25278052451313315,2.642333799860042,5.0,0.12208401704596639,348,24.64080459770115,738,86.76613600923642
419,0.25366215882514903,2.6582155353393984,5.0,0.12104559308591795,357,24.019607843137255,703,91.66127607391725
420,0.25632220925282967,2.636944250058316,5.0,0.1289263378544445,20,428.75,871,275.09287068188445
421,0.25496017486101885,2.6661336599020293,5.0,0.11782006778052086,398,21.545226130653266,837,90.67059888594427
422,0.2539512311516537,2.6499696757639373,5.0,0.119124305189372,365,23.493150684931507,805,89.81883185516615
423,0.2548095044071676,2.6268077909960343,5.0,0.12195863897459831,318,26.965408805031448,723,99.89372685551608
424,0.25319545789864406,2.599919524142757,4.0,0.12626411316010672,54,158.7962962962963,903,255.43553072478574
425,0.25154287094979666,2.657478423139725,5.0,0.1266977011597267,16,535.9375,1064,344.8007520202791
426,0.25282711929545393,2.6645218101236297,5.0,0.12513754378237033,21,408.3333333333333,995,258.8526577277089
427,0.2542150453304058,2.596356426405412,5.0,0.12461052837465623,42,204.16666666666666,1058,302.60660590361863
428,0.25444019817034247,2.6392605551667834,5.0,0.12737127200758747,20,428.75,771,279.3961121776751
429,0.2542466049810172,2.619206904595288,5.0,0.12592259687094204,21,408.3333333333333,904,276.4289856852644
430,0.25404570812764166,2.6268340036709525,5.0,0.12585322409212815,23,372.82608695652175,1035,302.6577421522339
431,0.2526893455485214,2.668643573594588,5.0,0.12655383954481703,43,199.41860465116278,978,302.2171737657925
432,0.254355565012887,2.652615492300513,0.0,0.12784583161734517,22,389.77272727272725,811,248.61506057981973
433,0.25534788805005093,2.652333799860042,5.0,0.12403529531655014,391,21.9309462915601,949,97.39682238983212
434,0.25454499456467183,2.64328084907861,5.0,0.11204718811284853,471,18.205944798301488,729,66.06965736975343
435,0.25608896124812364,2.578385346700792,5.0,0.12330016095059322,22,389.77272727272725,889,271.4132930050308
436,0.25939020129808465,2.625395381385584,5.0,0.1262821175427219,17,504.4117647058824,699,161.35822727289278
437,0.2530281546674392,2.6372113365990204,5.0,0.11968699383098869,25,343.0,840,238.18043580445476
438,0.25137495410959354,2.6866585024492653,5.0,0.12296471746145626,21,408.3333333333333,791,233.03368514594283
439,0.25388596763872023,2.7168556099836714,5.0,0.11844969884981481,393,21.81933842239186,690,84.75340930832338
440,0.2531375384834692,2.598813855843247,5.0,0.12262190903396611,325,26.384615384615383,711,101.39684296522063
441,0.25359270382852184,2.6744098437135526,5.0,0.12461337885476666,21,408.3333333333333,916,302.34076223350456
442,0.2540099560735643,2.656406578026592,5.0,0.12216360241816887,21,408.3333333333333,764,215.08743146591152
443,0.2542996728395229,2.6355481688826687,5.0,0.11586610483265805,475,18.05263157894737,633,66.03587038334028
444,0.25368604326303135,2.616917424772568,5.0,0.12261395360646485,358,23.952513966480446,783,90.48346545978957
445,0.2561923277020919,2.6691614182411945,5.0,0.11390979988987929,456,18.80482456140351,922,82.90701869355472
446,0.2538554799571299,2.6720363890832752,5.0,0.12308766538058291,325,26.384615384615383,642,101.56396882415343
447,0.25595984091804586,2.6457349510032664,0.0,0.12571729314466806,19,451.3157894736842,850,249.82753053626897
448,0.251653923092448,2.6396687660368556,5.0,0.12355633018890905,59,145.33898305084745,794,235.36128810394644
449,0.25408315205515475,2.6362397947282483,5.0,0.12503370413062131,14,612.5,923,156.56616583960368
450,0.2551383825754104,2.6418975973874503,5.0,0.12374442607104887,25,343.0,679,233.57705366752103
451,0.25049510847269946,2.648615581992069,5.0,0.11856841251377298,53,161.79245283018867,1019,271.6344212557841
452,0.2531318288284836,2.640788430137625,5.0,0.1256007852056066,19,451.3157894736842,828,273.1442750889178
453,0.25475118405227076,2.615888733379986,5.0,0.12819564534759872,14,612.5,949,285.92974911430855
454,0.25616148068468864,2.627016561698157,5.0,0.11712806748214397,424,20.224056603773583,882,77.52841406424842
455,0.25366280811022435,2.6855668299510147,6.0,0.12619293953108,17,504.4117647058824,878,205.2800264842062
456,0.254504030765201,2.6250583158385816,5.0,0.1284270885161563,15,571.6666666666666,809,170.57184866077858
457,0.25352132661450677,2.648683228364824,5.0,0.1241510289967643,18,476.3888888888889,826,178.8354733916341
458,0.2538386206054068,2.659048285514346,5.0,0.12228863217425555,353,24.291784702549574,707,93.33583315750586
459,0.2540436607146257,2.654040121296944,5.0,0.11306283274410399,431,19.895591647331788,841,77.30918882398204
460,0.2554162421340629,2.6548133893165384,5.0,0.12362151507121397,21,408.3333333333333,1026,287.21807433067687
461,0.2565498411610637,2.5931595521343596,5.0,0.13171160670443716,24,357.2916666666667,1157,337.6201612224733
462,0.2525958706573527,2.644703390329702,5.0,0.1289793096411281,60,142.91666666666666,926,227.32255289688166
463,0.2513663437645154,2.6421460228598086,5.0,0.1253705627375447,347,24.711815561959654,865,96.36492811432463
464,0.25280129613326124,2.6813016095171447,5.0,0.12084128326591631,346,24.783236994219653,728,87.80559752086342
465,0.2532810090435965,2.6332878469792393,5.0,0.12674636511571497,20,428.75,943,288.1988679714062
466,0.2537575443438727,2.626147655703289,5.0,0.12364526043813576,26,329.8076923076923,952,270.6496485283525
467,0.2551267610128755,2.6345602985770937,5.0,0.1246084380317907,301,28.488372093023255,898,105.04381634900683
468,0.2501924049901229,2.6165651971075343,5.0,0.12396170901894216,44,194.88636363636363,1174,289.57611779265875
469,0.2515271799671304,2.613261021693492,5.0,0.12517945237782574,24,357.2916666666667,929,299.81250796215215
470,0.25648162805339486,2.6591287613715884,5.0,0.12168981033146842,21,408.3333333333333,860,197.97819344403837
471,0.255835699103042,2.667139024959179,5.0,0.11862844639112191,404,21.225247524752476,850,78.24941878877003
472,0.2530916559412631,2.6841357592722184,5.0,0.12566526620076673,19,451.3157894736842,904,282.688233075085
473,0.2542704531618008,2.645809423839515,5.0,0.1225810621220896,340,25.220588235294116,783,95.31089154295431
474,0.25499581348561895,2.6475460695124795,5.0,0.12308285896633729,19,451.3157894736842,816,244.92663834655707
475,0.2520168967368184,2.6230604152087706,5.0,0.1200137529813666,337,25.445103857566764,727,90.4623343167405
476,0.2516431108481413,2.6090506181478887,5.0,0.1074117130433547,526,16.302281368821294,571,62.67859558577587
477,0.2549007772136632,2.6024049451831117,5.0,0.12548232728314274,22,389.77272727272725,831,249.51387861166103
478,0.2518423839158825,2.631141824119431,5.0,0.12259129896102873,23,372.82608695652175,899,309.22956889015717
479,0.25537689567571814,2.627160018661068,5.0,0.11616923655399361,367,23.365122615803816,629,81.90885267152684
480,0.2541925912892473,2.652311639841381,5.0,0.12013946526170936,391,21.9309462915601,831,87.14034797023176
481,0.25515336479412926,2.6339909006066264,6.0,0.11661926763262784,428,20.035046728971963,796,83.16011010041836
482,0.2523222181384145,2.619126428738045,5.0,0.12274982142976275,51,168.13725490196077,1125,286.8730688504589
483,0.25277510635419,2.6010730114299045,4.0,0.1172718305188131,400,21.4375,652,85.0306185661965
484,0.25603841656463644,2.581487053883835,5.0,0.12674326659429191,28,306.25,790,276.2804766640493
485,0.2534829402901707,2.654414508980639,5.0,0.11523746551177336,393,21.81933842239186,683,83.6127352668178
486,0.25215687283932664,2.6411418241194307,5.0,0.12333659183085888,17,504.4117647058824,1355,256.5336943408798
487,0.25202387554333905,2.656698157219501,5.0,0.12209922410402424,291,29.467353951890033,916,109.29619329575685
488,0.25260803504279955,2.650868905994868,5.0,0.1271182533051069,19,451.3157894736842,926,218.43463496133694
489,0.25392975653007366,2.6559097270818754,5.0,0.12688461169075416,25,343.0,1163,351.64686832104735
490,0.25589457741174315,2.6671786797294144,5.0,0.10476092196826939,551,15.562613430127042,686,62.90951629986411
491,0.25666669002494863,2.666473058082575,6.0,0.12227426681042046,293,29.266211604095563,709,105.21736375951119
492,0.2531623845316718,2.6211045019827384,5.0,0.11965100082242157,340,25.220588235294116,695,91.40482764767425
493,0.2559127670323159,2.599833216701656,5.0,0.12056902942331231,347,24.711815561959654,1073,104.40258454015107
494,0.256252501029257,2.6121331933753207,5.0,0.12147323666515644,330,25.984848484848484,618,94.32202937266057
495,0.25462877470887624,2.6252157686027524,5.0,0.1271199895116195,18,476.3888888888889,911,202.45853866049515
496,0.2541000788656626,2.6754630277583393,5.0,0.12294217084755284,350,24.5,888,98.13698152509656
497,0.2551128741163851,2.6452227665033825,5.0,0.1287214486588445,52,164.90384615384616,1070,288.8036503348695
498,0.25328068632042244,2.631665500349895,5.0,0.12274019915738174,24,357.2916666666667,1027,293.0383193325102
499,0.25435298318367844,2.662860975040821,5.0,0.13078509889707945,43,199.41860465116278,1118,326.71687711748507
500,0.2522874560197982,2.609805225099137,5.0,0.12080243565583569,363,23.62258953168044,785,99.74213715864909
501,0.25371884392915983,2.6516200139958013,5.0,0.11985871003979126,307,27.93159609120521,767,99.63711949615755
502,0.2540571575722722,2.6188441800793094,5.0,0.12340366157297249,23,372.82608695652175,953,335.80864791592677
503,0.252287161760522,2.622120363890833,5.0,0.12424291988524402,26,329.8076923076923,710,234.04125527692256
504,0.25692588052835774,2.653410710793496,5.0,0.12479428893719063,51,168.13725490196077,1063,248.18581113223695
505,0.25384281104006723,2.6155201772801493,5.0,0.1132539002505171,451,19.01330376940133,656,73.17357671012779
506,0.2558728834965421,2.6591800793095404,5.0,0.12408029858366043,27,317.5925925925926,987,283.4046000906438
507,0.25524969958316823,2.669399346862608,5.0,0.11899568216614896,68,126.1029411764706,1311,268.64513766556337
508,0.25342861477720735,2.6925612316305108,6.0,0.12265971794736248,73,117.46575342465754,925,226.81813861606014
509,0.25266955828318055,2.6612059715418708,6.0,0.12549536366037495,56,153.125,927,254.37199015418344
510,0.25813501236237923,2.6540984371355263,5.0,0.12240471775633578,32,267.96875,908,282.6116465636855
511,0.25450277446604386,2.6762969442500584,5.0,0.1303652414204937,64,133.984375,905,238.94831372256925
512,0.25747042427132094,2.6452892465593654,5.0,0.12617137997395378,38,225.6578947368421,992,282.8484135880066
513,0.25335830526270675,2.645208770702123,5.0,0.12405061985676175,46,186.41304347826087,800,238.94128586482756
514,0.25565886121484416,2.6136587357126198,5.0,0.12860847294835973,17,504.4117647058824,903,287.6889780594415
515,0.2521327060308081,2.6748063914159084,5.0,0.12690917405954288,55,155.9090909090909,842,256.924627980289
516,0.2546553203547793,2.6116258455796593,5.0,0.12534162243727703,18,476.3888888888889,982,281.0935271180294
517,0.25264596144564994,2.6246606018194543,5.0,0.12390629685868816,29,295.6896551724138,1081,258.31604585886055
518,0.24970712249794919,2.6366028931404575,0.0,0.12133176198644688,22,389.77272727272725,964,270.27123275738825
519,0.25661125997146217,2.656869605784931,5.0,0.12380413443336191,315,27.22222222222222,773,108.14411966114454
520,0.2529992075412716,2.64585607651038,5.0,0.12463289136511287,20,428.75,870,242.1220508338718
521,0.2528318150190128,2.6555481688826683,5.0,0.1277148694835032,26,329.8076923076923,952,274.4848348383076
522,0.25253963916689653,2.6250933053417307,5.0,0.11048264560440044,594,14.436026936026936,529,55.63487371640518
523,0.25431279683078994,2.657509913692559,5.0,0.12375050250953361,315,27.22222222222222,1004,108.73381571882784
524,0.25518853222964777,2.6192313972474923,5.0,0.12260563400948415,21,408.3333333333333,1090,282.04665830375916
525,0.25384962081076173,2.6578609750408213,5.0,0.12394066555399459,16,535.9375,958,146.81172839303406
526,0.2552919192743668,2.6237590389549803,5.0,0.12406220134704027,20,428.75,802,229.9971467214322
527,0.2534604982201271,2.652689526475391,5.0,0.12109811818707762,369,23.238482384823847,786,95.11913815434463
528,0.25472351003552895,2.634489153254024,5.0,0.1241257647530912,22,389.77272727272725,926,267.1422725845778
529,0.25325987769059377,2.624625612316305,5.0,0.12250134037019324,18,476.3888888888889,982,181.7562894797099
530,0.25389815198897403,2.6476650338231864,5.0,0.12573728831744851,15,571.6666666666666,942,183.4461471083241
531,0.25519022321413587,2.623362491252624,5.0,0.12973047425378748,17,504.4117647058824,1009,345.84747723331816
532,0.25650062615941693,2.658938651737812,6.0,0.12491971261493168,24,357.2916666666667,927,262.6560614134428
533,0.25507617673747957,2.703200373221367,5.0,0.12080846351418419,372,23.051075268817204,929,91.98965623200527
534,0.2550933573793628,2.652480755773268,5.0,0.12716327228394536,22,389.77272727272725,745,230.79407031499312
535,0.2524638327517468,2.6485397714019125,5.0,0.12897623880941367,22,389.77272727272725,886,287.5934522927337
536,0.2561234621823206,2.6339818054583626,5.0,0.1207687142252625,65,131.92307692307693,900,230.87601119297497
537,0.2543922916304541,2.6441345929554467,5.0,0.12558390785447632,14,612.5,991,194.10996515230374
538,0.2510667140310487,2.619904362024726,5.0,0.1238260021736051,19,451.3157894736842,794,232.24738458253813
539,0.25700439241497236,2.636083508280849,5.0,0.12493046152757697,20,428.75,755,247.3555891828604
540,0.2524295610404473,2.6340062981105667,5.0,0.12667730575242825,22,389.77272727272725,998,228.68854004323748
541,0.25531055212009773,2.610735945882902,5.0,0.11917471549220504,359,23.885793871866294,679,90.40756244326269
542,0.2547494055629427,2.5870258922323304,5.0,0.12860937839309827,15,571.6666666666666,1204,342.8359504032342
543,0.2540928755852857,2.6728049918357826,5.0,0.12404517331761299,322,26.630434782608695,1072,115.39673695478119
544,0.2544769516623395,2.631915092139025,5.0,0.1144882320883237,460,18.641304347826086,687,75.0113877617982
545,0.253472421080224,2.670533006764637,5.0,0.11581741752872035,375,22.866666666666667,848,83.63446392221066
546,0.25368377453327506,2.6480709120597155,5.0,0.12887730683354132,14,612.5,881,211.90049888702816
547,0.25348995218149656,2.6472638208537442,6.0,0.11892179529651785,385,22.272727272727273,633,81.8516929929292
548,0.2560611576587848,2.6086015861908094,5.0,0.12005533654254702,373,22.989276139410187,827,92.56572126673848
549,0.2558999220670949,2.645815255423373,5.0,0.12838626171583156,57,150.43859649122808,933,259.7207689203089
550,0.25648764193686807,2.632797993935153,5.0,0.12605146158867916,18,476.3888888888889,861,247.65413581778586
551,0.25556417478335186,2.6470923722883133,5.0,0.12235220030137792,23,372.82608695652175,867,297.87401074278444
552,0.25304353720607015,2.613955039077502,5.0,0.13060838435623584,20,428.75,853,295.73482632250125
553,0.2561990291373867,2.668986470725449,5.0,0.12314611710101554,305,28.114754098360656,867,114.41364391305838
554,0.2547894990902458,2.6442850478189874,5.0,0.11523904997810253,409,20.965770171149146,594,75.24667698975794
555,0.25428382888583373,2.6817191509213902,5.0,0.12809419961082474,25,343.0,828,243.73067102849407
556,0.2529735775088241,2.6215850244926524,5.0,0.12807059583106817,20,428.75,1053,286.2954549062908
557,0.2550063883283192,2.5739374854210406,5.0,0.13010287860804812,20,428.75,861,284.7059667446399
558,0.2540122316933581,2.6521845113132727,5.0,0.1256591947630707,16,535.9375,885,211.28430749525626
559,0.25706299558409607,2.654724749241894,5.0,0.1264723437105022,332,25.82831325301205,919,99.10143297468917
560,0.2548248533247451,2.683817354793562,5.0,0.1126248697487387,505,16.980198019801982,627,59.48967465081481
561,0.2552581720842354,2.665598320503849,5.0,0.13145305113901462,15,571.6666666666666,1068,222.26010788163393
562,0.25509198571518243,2.6175554000466525,5.0,0.11840404063699486,377,22.745358090185675,784,86.87448726069185
563,0.2552855805411611,2.6086972241660837,5.0,0.12025600542117272,313,27.396166134185304,637,96.82369068545792
564,0.25392020029436185,2.6087193841847447,5.0,0.12421956492231633,19,451.3157894736842,902,269.22325946118224
565,0.25439986466197617,2.6583869839048284,5.0,0.12137150060511416,27,317.5925925925926,899,265.55019881988125
566,0.25250785564067485,2.5828691392582224,5.0,0.13148449503229181,17,504.4117647058824,1022,269.67956122766265
567,0.25493711541172587,2.637752507581059,5.0,0.12568891754792794,366,23.42896174863388,829,98.47636610041415
568,0.2545562321818023,2.6097305808257523,5.0,0.12615503425664382,22,389.77272727272725,872,216.7658837250628
569,0.25288841605210105,2.6657499416841612,5.0,0.12371906655298938,18,476.3888888888889,956,187.67677263757048
570,0.25468017865994047,2.6602052717518077,5.0,0.11639252542072501,367,23.365122615803816,818,93.68832137923928
571,0.2564069071227186,2.61987170515512,5.0,0.11557384138464788,378,22.685185185185187,645,83.25185758349943
572,0.2473947657246847,2.6344180079309543,5.0,0.1279883764386188,14,612.5,960,206.08519389528485
573,0.25475080516982246,2.6195847912292978,5.0,0.11980166079922719,354,24.22316384180791,913,94.60637109696683
574,0.2516760837845166,2.609517144856543,5.0,0.12170288096832702,317,27.050473186119874,833,99.77345304214319
575,0.25486787973489566,2.672985770935386,5.0,0.12579148026270776,29,295.6896551724138,979,283.83252753355805
576,0.25471672560301073,2.641808957312806,5.0,0.1267668326515684,17,504.4117647058824,925,267.2766926797527
577,0.25303425269642515,2.639875204105435,5.0,0.12146098326095671,23,372.82608695652175,962,276.698337100629
578,0.2559982933950708,2.6043783531607185,5.0,0.12150210132822399,23,372.82608695652175,1163,321.9090679293189
579,0.2553246551279292,2.5852309307207837,5.0,0.1254547441307657,20,428.75,921,341.65668074837936
580,0.25730585868516226,2.5840004665267085,5.0,0.12030031055126154,372,23.051075268817204,821,90.23207875516448
581,0.2523592118091963,2.669651271285281,5.0,0.1231263182333617,23,372.82608695652175,785,253.4076715790642
582,0.2540608407231605,2.608244693258689,5.0,0.12126098333025585,27,317.5925925925926,825,258.47978060608017
583,0.25452023160750875,2.659619780732447,5.0,0.12345907811099603,52,164.90384615384616,762,237.61460875312235
584,0.25305552986592006,2.6690331233963143,5.0,0.12607787005084842,22,389.77272727272725,1026,306.87100218735407
585,0.25370756532877514,2.6544588290179614,6.0,0.12725649837444647,17,504.4117647058824,912,267.26920969282446
586,0.25712353866017645,2.6174690926055515,5.0,0.12791155381344355,16,535.9375,1030,332.94771900968175
587,0.2578151267937628,2.6493876836948917,5.0,0.1257710332231368,24,357.2916666666667,912,248.42780292046396
588,0.2559511394106376,2.6367249825052483,5.0,0.12330801303129185,25,343.0,1020,269.2219901865373
589,0.25683015306230894,2.654311873104735,6.0,0.1266510800962617,48,178.64583333333334,880,258.63217845550247
590,0.2542214747362801,2.63253207371122,5.0,0.12378292786909789,333,25.75075075075075,763,103.79811648542982
591,0.25609068856589845,2.6173058082575227,5.0,0.12383855174413218,47,182.4468085106383,864,256.22594820269
592,0.2527109603790776,2.6223477956613017,6.0,0.12320182575664687,27,317.5925925925926,899,311.10558637069863
593,0.2549894369913882,2.6579134592955445,5.0,0.11845073577041318,460,18.641304347826086,743,74.29377373434453
594,0.25483017863282276,2.6289911359925355,4.0,0.11688068615767228,426,20.129107981220656,928,87.6679327332448
595,0.25360866864820303,2.638568929321204,5.0,0.12215174267791762,25,343.0,922,236.86451823774703
596,0.2523077630606941,2.6690937718684395,5.0,0.12250170706796469,19,451.3157894736842,982,230.60813256111354
597,0.25500140885039335,2.624409843713553,5.0,0.11905988758949428,26,329.8076923076923,1011,243.86629678998116
598,0.2554430890307467,2.6060055996266915,5.0,0.1267471165599907,25,343.0,1089,326.8219086903447
599,0.256562902596635,2.6279169582458595,5.0,0.12850027267857067,15,571.6666666666666,1135,287.63209525750466
600,0.25701843001979424,2.629687427105202,5.0,0.11816637238695246,16,535.9375,892,162.20568298845143
601,0.2528343844259108,2.614269591176519,4.0,0.12228909492695228,374,22.927807486631018,701,84.47407365453508
602,0.25594931736245613,2.6251014695591324,5.0,0.11931683671766195,367,23.365122615803816,771,92.12127821917302
603,0.25506763298781693,2.6516771635176113,5.0,0.11523353746427042,375,22.866666666666667,579,83.89484423305696
604,0.25621587399429263,2.6047387450431536,5.0,0.12785738379156736,274,31.295620437956206,726,109.95727529171755
605,0.25548580757589145,2.664267553067413,5.0,0.1237141537556736,23,372.82608695652175,992,290.87568720404806
606,0.254245052968897,2.644210403545603,5.0,0.13030227502897423,16,535.9375,961,280.4056144119622
607,0.25280131780109244,2.640818754373688,5.0,0.12757525231909433,14,612.5,928,221.3622596559766
608,0.2544866293813155,2.612867972941451,5.0,0.12089775757565539,305,28.114754098360656,578,99.03009947479964
609,0.25334720714173325,2.627024725915559,6.0,0.1266938313753225,14,612.5,970,304.6414168446944
610,0.25338589502300546,2.6622964777233498,5.0,0.12542149648038153,67,127.98507462686567,927,244.12643485526857
611,0.253126580428283,2.6513692558899,5.0,0.12716351733839926,22,389.77272727272725,822,194.79288110432995
612,0.25578090737358483,2.64136225798927,5.0,0.12467448337739372,20,428.75,774,187.8618841063828
613,0.25289100766529554,2.651848612083042,5.0,0.1249586382958128,22,389.77272727272725,1104,287.1842822709333
614,0.2545609494463123,2.6297900629811055,5.0,0.11580605623553647,405,21.17283950617284,967,90.44294158230736
615,0.25392718813385357,2.6311511546536037,5.0,0.12617033061145674,15,571.6666666666666,895,183.81246481733012
616,0.2538901204946826,2.645821087007231,5.0,0.11743338498156447,410,20.914634146341463,755,80.53924981927456
617,0.25619970230548333,2.6330471301913203,5.0,0.1225563007968545,44,194.88636363636363,997,325.3813996967175
618,0.25641417823293694,2.6158794028458128,5.0,0.12071048706225587,20,428.75,908,242.91374497957088
619,0.25205614444296687,2.6170095637975272,5.0,0.12321683369462236,38,225.6578947368421,1141,259.10851987005765
620,0.25518873175301493,2.611694658269186,5.0,0.12248510907100361,20,428.75,839,237.9522798798112
621,0.25431428352420726,2.6350221651889876,5.0,0.11818202670957278,381,22.506561679790025,701,88.61929003252195
622,0.25217986809101867,2.6276965243760206,5.0,0.1295019890040522,41,209.14634146341464,882,261.2178383494913
623,0.25153633098037587,2.6494448332167018,5.0,0.12412061728647543,23,372.82608695652175,713,218.36241358644298
624,0.253250384922113,2.5957709353860507,5.0,0.12173020629167162,23,372.82608695652175,878,210.16259795772478
625,0.2549640297047586,2.638954980172615,5.0,0.12213418589574535,56,153.125,1029,245.84337802319823
626,0.2528321182515066,2.602292978773035,4.0,0.11872474169029912,400,21.4375,810,82.47557877184009
627,0.2529745938118447,2.6182400279916025,5.0,0.1276835123918351,20,428.75,814,255.4938110796424
628,0.253822200933622,2.675233263354327,5.0,0.12431437716176086,372,23.051075268817204,865,92.6564069933014
629,0.253088015492519,2.6680394215068812,5.0,0.12323268094236138,16,535.9375,997,188.68275913222703
630,0.2557737855303863,2.6215162118031254,5.0,0.12228790141704647,22,389.77272727272725,917,282.0467291744695
631,0.2528994608359433,2.599907860975041,5.0,0.12634587169466702,21,408.3333333333333,851,221.3801585580212
632,0.2550767531706899,2.6258595754606953,5.0,0.1274420268170377,42,204.16666666666666,997,304.9270729883948
633,0.25204055543628023,2.676179146256123,5.0,0.1284663229238226,27,317.5925925925926,762,272.70418911330484
634,0.2555469647954498,2.5814987170515513,5.0,0.1252841698559938,20,428.75,1079,324.49774652530334
635,0.2518713329876703,2.61272451597854,5.0,0.12024087391862387,439,19.533029612756263,752,79.04428087830644
636,0.2560140011405515,2.661777466759972,5.0,0.12653891928144625,23,372.82608695652175,821,234.94396226851035
637,0.25573181304668274,2.644029398040131,0.0,0.1284231256607657,21,408.3333333333333,960,269.9887710774959
638,0.2550129791836134,2.6690867739678095,5.0,0.12670053919724622,17,504.4117647058824,979,229.48614178933855
639,0.2502333662807498,2.651019360858409,5.0,0.12726730280682008,21,408.3333333333333,989,310.7950378554258
640,0.25265857261931773,2.6069547469092607,5.0,0.11664349833318152,445,19.269662921348313,678,73.32543499182471
641,0.25040268692218537,2.639388850011663,5.0,0.12502943043134648,14,612.5,980,188.86909676886188
642,0.25093155450921834,2.6120958712386284,5.0,0.12416856503994705,360,23.819444444444443,713,93.63497779333332
643,0.25368452237676276,2.619012129694425,5.0,0.12231531427230143,343,25.0,787,97.49581735814292
644,0.25479258830668156,2.659781898763704,5.0,0.1201841621454025,326,26.303680981595093,684,92.72253840116043
645,0.25519884675971655,2.5941929087940285,5.0,0.12692992899432085,22,389.77272727272725,760,243.67432285703535
646,0.25505727233321346,2.58605551667833,5.0,0.1183077806028604,416,20.61298076923077,940,92.28244543436084
647,0.25506475719217925,2.6353149055283414,5.0,0.11875613542447862,357,24.019607843137255,695,86.4293701822379
648,0.2532731187656428,2.645310240261255,5.0,0.12504127909254714,249,34.437751004016064,806,127.09249841424533
649,0.2515948976864173,2.6647970608817353,5.0,0.1263213593863925,21,408.3333333333333,898,252.51710613122606
650,0.25503563193531303,2.593547935619314,5.0,0.12395674893566665,42,204.16666666666666,1420,339.30158776568885
651,0.2539980434930414,2.635267086540704,5.0,0.11201808020056221,517,16.586073500967117,730,66.07093397774034
652,0.2542914458384365,2.6319360858409144,5.0,0.12495214640283424,332,25.82831325301205,832,103.45540937273499
653,0.2525648694505655,2.646943083741544,5.0,0.11948495967587551,304,28.207236842105264,804,107.38341205451715
654,0.25642786136609674,2.652516911593189,5.0,0.12162614925485951,366,23.42896174863388,783,91.79258593888868
655,0.25777610025890174,2.6517471425239094,5.0,0.13039934710053924,11,779.5454545454545,1228,243.34164671258677
656,0.25528618277219844,2.637456263121064,5.0,0.1243498448484099,53,161.79245283018867,850,225.22503283324954
657,0.254580803483327,2.6288850011663167,5.0,0.12747352206575113,298,28.7751677852349,831,116.24265779284151
658,0.2519237679864411,2.6356146489386516,5.0,0.12389479806281434,21,408.3333333333333,935,276.4181327753014
659,0.25454642030864666,2.584241894098437,5.0,0.12306955217041966,18,476.3888888888889,911,285.0959173660076
660,0.2504211414598007,2.6149661768136228,5.0,0.12881988676014625,19,451.3157894736842,940,308.25929834126725
661,0.2550305063544484,2.591582691859109,4.0,0.12240073846347774,310,27.661290322580644,750,98.3626508498324
662,0.2538611374020568,2.6156228131560533,5.0,0.12289218487801593,21,408.3333333333333,913,259.64909164803714
663,0.25389907983867505,2.6551702822486587,5.0,0.12026111962256592,376,22.805851063829788,691,82.68664938816694
664,0.2569918849403872,2.629783065080476,5.0,0.13031389072048816,18,476.3888888888889,985,323.47198726197274
665,0.2538051781474877,2.6174947515745277,5.0,0.12846878018269778,13,659.6153846153846,1184,264.6441844792707
666,0.2514326403639589,2.6533333333333333,5.0,0.11615308803239488,441,19.444444444444443,779,75.62208955271916
667,0.25560310483463244,2.6299416841614183,5.0,0.12188483431518136,407,21.06879606879607,671,76.85875353122535
668,0.2519232343284117,2.6289934686260787,5.0,0.12138412551921193,308,27.84090909090909,771,108.46417812732409
669,0.2527762143654604,2.628992302309307,5.0,0.12058522175957818,378,22.685185185185187,629,80.03956589439744
670,0.2545666792918105,2.6134756239794728,5.0,0.1192276822488409,360,23.819444444444443,920,89.3156895494367
671,0.25386540940243085,2.6113645906228133,5.0,0.12643369108057728,16,535.9375,1123,295.9859516830993
672,0.25554533123493317,2.641852393776816,5.0,0.11873618575532163,418,20.514354066985646,637,78.86886357017396
673,0.2556193622793899,2.6180312572894797,6.0,0.1313255422421986,15,571.6666666666666,1013,167.0379863650448
674,0.256205534368749,2.6152029391182645,5.0,0.12290268308015881,23,372.82608695652175,1309,357.06456025351474
675,0.2536265863844327,2.6452577560065316,5.0,0.12307524804228827,26,329.8076923076923,891,255.22674974810585
676,0.2554322315215884,2.610437368789363,5.0,0.12597159891792042,22,389.77272727272725,1180,368.26002816910153
677,0.25294210340302514,2.6949055283414975,6.0,0.12290203705613156,17,504.4117647058824,787,188.29078226275738
678,0.25693710517440876,2.6200314905528344,5.0,0.12576958930094076,25,343.0,828,237.62811281496136
679,0.25481720449787065,2.6683100069979004,5.0,0.1265500374811464,26,329.8076923076923,1037,269.1385144137279
680,0.2521122682051849,2.6704047119197574,5.0,0.1253967381759259,20,428.75,750,159.43019632428482
681,0.25286991497145356,2.6519290879402844,5.0,0.11207000574672094,506,16.946640316205535,961,74.88491248022544
682,0.2552576805853911,2.6174550968042922,5.0,0.12571935191888667,337,25.445103857566764,895,95.61584293226707
683,0.25413322173771885,2.628330187812343,5.0,0.12551834060455336,18,476.3888888888889,1070,266.82373267943694
684,0.25366790535276995,2.622637042220667,5.0,0.12106443085817245,331,25.906344410876134,766,96.97874212942364
685,0.25292133172720427,2.609290950088711,5.0,0.12468724835745784,43,199.41860465116278,1101,298.06611039414537
686,0.25749772800901183,2.632697690692792,5.0,0.12034215229748077,375,22.866666666666667,768,88.90320329186994
687,0.2541913236807156,2.6486937252157685,5.0,0.1303138580983022,42,204.16666666666666,848,270.57715356575477
688,0.25519309980228516,2.641985071145323,5.0,0.1294405962773349,19,451.3157894736842,941,308.3233184468229
689,0.25081837918900785,2.651285281082342,5.0,0.12883561808697575,18,476.3888888888889,808,262.6569665909614
690,0.25612445946778073,2.6505586657336133,6.0,0.11888562009346673,362,23.6878453038674,782,93.32397272626434
691,0.25558049493375906,2.6648775367389788,5.0,0.11972966993678172,32,267.96875,692,235.13180936112727
692,0.2536880837562267,2.647018894331701,5.0,0.1226647236672335,16,535.9375,739,141.71867764606753
693,0.257786905801626,2.616368089573128,5.0,0.11955421027301269,476,18.014705882352942,700,68.91659947281707
694,0.2552768571777226,2.610479356193142,5.0,0.11732583619839773,366,23.42896174863388,660,83.5032418631413
695,0.25394791473939793,2.6283998133893167,4.0,0.12321526668692048,25,343.0,1040,283.6108601587746
696,0.2539579112504638,2.616551563229118,0.0,0.12758942150183145,18,476.3888888888889,1018,296.31048635002384
697,0.2538875859297171,2.6458385817588055,5.0,0.12098947471062271,378,22.685185185185187,804,89.84901410742812
698,0.25475923955864227,2.678923489619781,5.0,0.12779519327161204,21,408.3333333333333,1021,352.0449556429559
699,0.2540562100425438,2.6294996501049686,5.0,0.12359532098739617,296,28.969594594594593,867,103.95624609679955
700,0.25303036672989637,2.64834499650105,5.0,0.12169511495640643,27,317.5925925925926,1047,294.32436871452626
701,0.2544859732808224,2.6370725449031958,5.0,0.12757354364210732,17,504.4117647058824,754,157.38938555417613
702,0.25494753793192204,2.664718917658036,6.0,0.1222229597479899,344,24.927325581395348,848,97.2983481650032
703,0.2532562934213302,2.65676971535231,0.0,0.12300084482836822,63,136.11111111111111,847,234.21975240407406
704,0.25252100088659096,2.619741077676697,5.0,0.11739277784355273,347,24.711815561959654,823,97.63873867368069
705,0.25277333077164066,2.647100536505715,5.0,0.12176127152759667,20,428.75,997,232.35487406120836
706,0.2552771410112646,2.6483963144390015,6.0,0.11797795891785375,371,23.11320754716981,598,84.75989944144283
707,0.2551590896243137,2.5957464427338466,5.0,0.1277324760563426,22,389.77272727272725,1014,309.3927970922432
708,0.25459093548650213,2.6611068346162816,5.0,0.12829771749425933,20,428.75,889,208.36551418120993
709,0.25244309957093736,2.651096337765337,5.0,0.12026090161527495,47,182.4468085106383,690,240.80156998415865
710,0.2540788035889491,2.6294051784464663,5.0,0.11597620548767351,370,23.175675675675677,646,78.86703797276475
711,0.25252785959820484,2.6130732446932585,5.0,0.11710797331124378,447,19.1834451901566,728,76.68312668594054
712,0.25643933995186524,2.6253265686960576,5.0,0.12429689143840085,23,372.82608695652175,929,263.8480544578827
713,0.2538969963783597,2.6572778166550033,6.0,0.12411839093547411,298,28.7751677852349,898,105.72034682290065
714,0.2547879428510048,2.6521087007231166,5.0,0.12688918935963994,24,357.2916666666667,885,289.2465037481967
715,0.2542190599291332,2.648574619533332,5.0,0.12362105817732766,24,357.2916666666667,731,204.62332857526832
716,0.25526861093848585,2.585763937485421,5.0,0.12388117950353361,20,428.75,1022,300.8366458728059
717,0.254014474081293,2.609623191787214,0.0,0.1296867639984317,19,451.3157894736842,1030,293.55122437087516
718,0.2553366346432139,2.610816421740145,5.0,0.12491571846394733,16,535.9375,920,173.96747855202707
719,0.2541676433683527,2.6876073541573895,5.0,0.12704660356824068,19,451.3157894736842,1041,256.1401862532516
720,0.25460063933170957,2.6057114532306977,5.0,0.12690779664542023,19,451.3157894736842,790,231.78825469348186
721,0.2570512447518623,2.6242442267319803,5.0,0.12815837809357486,14,612.5,1044,226.68945088569328
722,0.2552562270139008,2.6656787963610915,5.0,0.1268785730752362,20,428.75,1122,333.5277911958762
723,0.25453880986175953,2.6251201306274785,5.0,0.11751056719290567,358,23.952513966480446,824,93.73027081399226
724,0.25378113313296957,2.6420853743876838,5.0,0.11909910449256092,422,20.319905213270143,863,83.24604957389425
725,0.25762945650766556,2.62567763004432,5.0,0.1257957118926451,22,389.77272727272725,794,275.0236240791923
726,0.2529956291101,2.670061814788897,5.0,0.1252219119729886,272,31.52573529411765,780,119.00194356811468
727,0.2544922954723935,2.6561884767902963,5.0,0.11774392212339382,357,24.019607843137255,723,87.06246932583707
728,0.25208216301755076,2.650616981572195,5.0,0.11637443324763565,393,21.81933842239186,636,83.52531838775629
729,0.2543859409213489,2.6080802425938887,5.0,0.12457325892182622,22,389.77272727272725,853,269.7886263217224
730,0.25621646759485867,2.61142640541171,5.0,0.12485626665493677,46,186.41304347826087,929,269.9307943583154
731,0.2520092777965032,2.663696682241119,5.0,0.12162509115470824,307,27.93159609120521,605,99.29224399871019
732,0.2525649567405255,2.6438989969675766,5.0,0.12059260926997104,306,28.022875816993466,890,112.74609741908118
733,0.257219831300392,2.6576965243760204,5.0,0.12540258074904592,60,142.91666666666666,1234,283.8241997943249
734,0.2524951511080438,2.629875204105435,5.0,0.12551025191754353,68,126.1029411764706,963,224.1913665038841
735,0.2518093999666811,2.6165495589418413,5.0,0.126628838325406,14,612.5,1064,222.47624271240417
736,0.25412598699967803,2.6358677396780967,5.0,0.11828497051507555,329,26.06382978723404,969,100.40140802931451
737,0.2534511743169227,2.6509283881502217,5.0,0.12335827259225281,331,25.906344410876134,651,91.70822800390114
738,0.2541870397469904,2.656773967809657,5.0,0.11675157079399683,358,23.952513966480446,798,92.97095408640183
739,0.2559465686470679,2.6140774434336365,5.0,0.12596562284092686,26,329.8076923076923,902,232.4473504044715
740,0.2538889542756477,2.612500088357331,4.0,0.12711362386973768,291,29.467353951890033,676,109.35717261467938
741,0.25427985103963363,2.655131793795195,5.0,0.12585157922275042,51,168.13725490196077,856,234.77064482361462
742,0.2536408720715372,2.6410916724982507,5.0,0.12323120913188618,382,22.44764397905759,736,89.40704103478518
743,0.25319234214292885,2.6161080009330533,5.0,0.1272208055115916,19,451.3157894736842,922,178.39018518894235
744,0.2583895825845691,2.613957312806158,5.0,0.12437804865070468,20,428.75,867,210.07305276974483
745,0.25558211660656677,2.662455096804292,5.0,0.12141039100296498,380,22.56578947368421,865,98.00184417254013
746,0.25727284575071274,2.611722649871705,5.0,0.1287761161746651,22,389.77272727272725,797,252.44314064002282
747,0.25503555318470017,2.639856543037089,5.0,0.11845197560982922,374,22.927807486631018,923,96.32572097244501
748,0.25252337450534723,2.642362957779333,5.0,0.1269846512283414,23,372.82608695652175,1005,274.72906055016284
749,0.255657624698458,2.663977140191276,6.0,0.1280496569277954,20,428.75,1142,324.67735908128856
750,0.25333388519596506,2.6533275017494753,5.0,0.1247196862092255,20,428.75,981,241.05390994547258
751,0.25279115837791305,2.6681572195008165,5.0,0.12286905605983324,16,535.9375,1091,234.13817201334345
752,0.25362559942312507,2.641806624679263,5.0,0.12544383767014855,18,476.3888888888889,1108,293.9386063806312
753,0.25611235513997865,2.648635409377187,5.0,0.12209962852223581,325,26.384615384615383,568,92.81231554680534
754,0.25062101761065153,2.6203300676463726,5.0,0.11400637804134897,417,20.563549160671464,664,77.37173288891232
755,0.2517702616142954,2.6992535572661533,5.0,0.125360793385112,25,343.0,838,275.02567152904106
756,0.25403710998020823,2.6392087424277766,5.0,0.12627102886627894,19,451.3157894736842,1042,279.13778009615305
757,0.255563140759779,2.6440459528808025,5.0,0.12387803226350322,25,343.0,992,299.30893738744254
758,0.257463857155141,2.6649475157452764,6.0,0.12571069486627603,32,267.96875,969,322.69775762071464
759,0.2552872240201074,2.631709820387217,5.0,0.11703576512018549,362,23.6878453038674,680,89.6437351103163
760,0.253200650981963,2.6435211103335665,5.0,0.12258974706663975,60,142.91666666666666,846,217.90122316213734
761,0.2546890231788322,2.68327385117798,5.0,0.1168624568706415,379,22.62532981530343,877,96.844199290597
762,0.2546399129071984,2.63110566829951,5.0,0.12483570433446375,15,571.6666666666666,1103,278.00543559833903
763,0.25590687463654266,2.6785887567063216,6.0,0.12412252362604133,56,153.125,743,247.80479518737556
764,0.25372390130860484,2.6312222999766735,5.0,0.125469613280233,19,451.3157894736842,942,236.66989060527658
765,0.25643203101875134,2.647221833449965,6.0,0.12375736880969589,22,389.77272727272725,1003,239.13878279780658
766,0.2517826485007635,2.6411651504548637,5.0,0.12451330039134433,15,571.6666666666666,964,200.5657553577435
767,0.2536536099717546,2.6480219267553067,5.0,0.13169707224924138,17,504.4117647058824,1286,359.1793028924378
768,0.2554122844202788,2.66579892698857,5.0,0.11639286913918823,400,21.4375,662,77.61939895251702
769,0.2529118145293278,2.655045486354094,5.0,0.11776881615859078,408,21.017156862745097,654,81.10600180733528
770,0.2525946706585052,2.673554933519944,5.0,0.11969907452584977,357,24.019607843137255,682,90.60869268321987
771,0.2555369844909022,2.6875705621646837,5.0,0.12235701357380387,366,23.42896174863388,599,88.36238804057703
772,0.2553732810314043,2.6575517243816753,5.0,0.12936032302427292,16,535.9375,941,273.24518951621087
773,0.2523772503854144,2.5963774201073013,5.0,0.1245311671334413,22,389.77272727272725,916,248.54338048612573
774,0.25539086888046575,2.663208537438768,5.0,0.12756357517758155,279,30.734767025089607,753,111.96473415535704
775,0.2521178396146051,2.6292990436202475,5.0,0.11944792013935156,20,428.75,918,233.43454650072684
776,0.25363491229012664,2.636815955213436,5.0,0.1195205642941914,407,21.06879606879607,694,86.05283894327218
777,0.25475709778441824,2.664149755073478,5.0,0.12725776028295663,36,238.19444444444446,1030,310.5595147332602
778,0.25314652493218526,2.6543072078376486,5.0,0.12730974503162984,22,389.77272727272725,949,264.5692780588139
779,0.25264624844251,2.612078376487054,5.0,0.12605559448412634,25,343.0,819,259.7096840705021
780,0.2564337300836139,2.6106216468392813,5.0,0.11431562549952246,424,20.224056603773583,769,77.68018789299583
781,0.25265071686061624,2.6706099836715653,6.0,0.1215831711117338,318,26.965408805031448,725,108.33834462763762
782,0.2522006417801785,2.63492885467693,5.0,0.11907524593762514,350,24.5,923,92.75912739070864
783,0.253060861676666,2.644280382551901,5.0,0.11923201295007993,22,389.77272727272725,866,287.16133125002966
784,0.25422294017283503,2.6632785164450663,5.0,0.12722700456538383,15,571.6666666666666,836,201.95268972927516
785,0.25287932578031125,2.680843247025892,5.0,0.11647541343168613,347,24.711815561959654,644,89.46764072262768
786,0.2544021806821749,2.5929262887800326,5.0,0.12420523387147321,23,372.82608695652175,970,282.90875041009446
787,0.2537533201748501,2.6601609517144857,5.0,0.12764203029160198,28,306.25,951,303.66930144954915
788,0.25110935165616055,2.6399673431303943,5.0,0.12402509596388547,16,535.9375,1070,204.2147976855497
789,0.2543575651354107,2.654862374620947,5.0,0.12222570953637424,358,23.952513966480446,1066,99.16137449634306
790,0.25398556327964833,2.639946349428505,5.0,0.12990132712138536,18,476.3888888888889,841,241.22030937365324
791,0.2546818051612121,2.6402379286214135,5.0,0.1228821251748758,24,357.2916666666667,979,277.1106095597127
792,0.25398237030727094,2.653270352227665,5.0,0.12857047407707484,23,372.82608695652175,1172,349.3762954769682
793,0.2538244339438782,2.663600419874038,5.0,0.12499212249700077,25,343.0,757,262.8747230145949
794,0.2552227961374439,2.622942617214836,5.0,0.11923606765827079,382,22.44764397905759,759,88.21556256547004
795,0.25665121676345415,2.6510543503615582,5.0,0.12559187715637324,20,428.75,938,246.7650451340303
796,0.2563693535567281,2.640732446932587,5.0,0.125677696514913,18,476.3888888888889,1132,312.7938865005178
797,0.2544895568676486,2.663600419874038,5.0,0.12062042085015034,409,20.965770171149146,636,76.55487701686278
798,0.2556255823055239,2.656391298098786,5.0,0.12582637433267518,21,408.3333333333333,992,327.4958863185239
799,0.25206288098533886,2.627758339164917,4.0,0.11785657691422852,391,21.9309462915601,813,85.63556781239967
800,0.2545424511665912,2.678698390482855,5.0,0.12029032501377779,322,26.630434782608695,662,96.65648050075241
801,0.252782492354254,2.683804525309074,5.0,0.12884878283164525,20,428.75,1064,337.6281793630384
802,0.25632106528647564,2.661410076976907,5.0,0.11869383115368212,446,19.22645739910314,657,72.09006772800575
803,0.2521972528828309,2.6560986703988805,6.0,0.11873114559085163,361,23.753462603878116,673,90.71676811425905
804,0.2531469948936827,2.643522276650338,5.0,0.12258186541283822,303,28.300330033003302,784,105.29978687254133
805,0.2540363127890171,2.6527443433636577,5.0,0.12415521821636329,22,389.77272727272725,897,302.8365793652625
806,0.2557275511900225,2.643433636575694,5.0,0.12113615748283373,71,120.77464788732394,1177,252.6753301291242
807,0.2535049138829012,2.626208304175414,5.0,0.12245470017056238,23,372.82608695652175,1340,324.3597911302808
808,0.2533777108399925,2.630176113832517,5.0,0.12353640751649524,20,428.75,922,253.61010922279894
809,0.2549285171621027,2.6188605085141123,5.0,0.12648637876572508,15,571.6666666666666,814,158.44480286697814
810,0.2558031418613622,2.6394448332167015,5.0,0.12090021549006161,47,182.4468085106383,707,232.98742624374978
811,0.25399260816346914,2.6223512946116165,5.0,0.12481208823103566,24,357.2916666666667,1000,296.30973085138834
812,0.2533914577200047,2.617905295078143,5.0,0.12727869730290714,20,428.75,928,266.61224184196794
813,0.25411560940861866,2.6341124329367855,5.0,0.1259183181915311,16,535.9375,809,192.16186820946032
814,0.25645929315916766,2.6585117797993933,5.0,0.12603799812137007,18,476.3888888888889,878,240.6288379523971
815,0.25401849961991757,2.663181712153021,5.0,0.12586253771867778,23,372.82608695652175,889,272.6095555079706
816,0.25568628318643616,2.56093421973408,5.0,0.1183725839560228,70,122.5,1027,249.37022104264403
817,0.2537474855477811,2.660310240261255,5.0,0.12270233532195225,20,428.75,766,206.05894181034708
818,0.25437155584479143,2.663334499650105,5.0,0.12007081209381412,55,155.9090909090909,925,236.05240348296107
819,0.2535048441178962,2.638925822253324,5.0,0.12074612701297494,20,428.75,996,252.90114175305735
820,0.25402468930784317,2.613002099370189,5.0,0.1236898756091669,19,451.3157894736842,973,281.79538164972394
821,0.25384981290318187,2.61524959178913,5.0,0.12240016556607816,30,285.8333333333333,785,228.66395770990133
822,0.2527921256099886,2.6030872404945185,5.0,0.1252954298309787,18,476.3888888888889,794,197.72937141706504
823,0.2546380970946726,2.661218801026359,5.0,0.12797313988963252,16,535.9375,923,252.5515959041835
824,0.25537606802935797,2.690383718217868,5.0,0.11793787070438262,384,22.330729166666668,864,91.70686141569952
825,0.25306255587766635,2.6647224166083507,5.0,0.12447464259508416,20,428.75,1032,254.10940065255357
826,0.25446114457315433,2.6213552600886403,5.0,0.1205293965172856,306,28.022875816993466,715,99.28438127714695
827,0.25343501071711916,2.634232563564264,5.0,0.12790315918861675,18,476.3888888888889,920,269.0206805121307
828,0.25329392584670885,2.64204688593422,5.0,0.1164816594527321,431,19.895591647331788,748,83.21194672650209
829,0.25413692314913955,2.620530674131094,5.0,0.1253825789882134,314,27.308917197452228,1052,110.40433843813067
830,0.25295628613541044,2.6376032190342897,5.0,0.12547524147213834,23,372.82608695652175,1177,284.5840064212587
831,0.2553781066226735,2.685587823652904,5.0,0.12409625172127242,19,451.3157894736842,820,286.05815614671945
832,0.2517970846459183,2.6321115258982735,0.0,0.12843728528778914,22,389.77272727272725,1094,323.5506046998721
833,0.2497033386608866,2.667633543270352,6.0,0.12322574603207585,307,27.93159609120521,558,101.88186240779321
834,0.25571315889838037,2.6430545836249126,5.0,0.12311297481922015,21,408.3333333333333,704,216.70021718259565
835,0.2521813128968644,2.621924422673198,5.0,0.12813889183920404,20,428.75,1087,298.2639560858804
836,0.25469993974461336,2.598325169115932,5.0,0.1189561807210363,26,329.8076923076923,877,223.45607367871057
837,0.25370945864121125,2.6350163284348027,5.0,0.12315573309362318,49,175.0,760,234.57856261989568
838,0.25470153517660277,2.6532621880102636,5.0,0.11348514320990685,443,19.35665914221219,654,69.02634116002562
839,0.25161353724921015,2.632783998133893,5.0,0.12501226987285935,44,194.88636363636363,857,292.86796714165575
840,0.2498955678078348,2.6329176388240785,0.0,0.11727087908457332,332,25.82831325301205,547,92.16416099468209
841,0.25474351196502504,2.671572195008164,5.0,0.12305877715169865,21,408.3333333333333,881,233.9280176898814
842,0.25228934331787317,2.577621880102636,5.0,0.12740250560024868,24,357.2916666666667,1093,277.92242310380226
843,0.25310843374117226,2.5742605551667834,5.0,0.12547610992845487,17,504.4117647058824,1173,281.6096712125051
844,0.2534900721997654,2.6233718217867974,5.0,0.12366043993443404,18,476.3888888888889,921,255.72774995835988
845,0.2543584453755437,2.6811849778399814,5.0,0.11769628998205438,388,22.100515463917525,661,83.10974423834526
846,0.2523754636791035,2.6600909727081876,6.0,0.11374391851860371,491,17.464358452138494,833,72.42511584975992
847,0.2566248334738296,2.67062747842314,5.0,0.12342327914376354,303,28.300330033003302,1025,115.76232721628976
848,0.25418208126753594,2.5970830417541406,5.0,0.12079127042425802,21,408.3333333333333,755,213.99339850372627
849,0.25324864655262724,2.636376574895007,0.0,0.11598367754071047,417,20.563549160671464,1004,82.68289901087351
850,0.25290128773285575,2.5935090993933736,0.0,0.12342275578561321,48,178.64583333333334,996,278.02971136068453
851,0.2547785689833442,2.676541870772102,5.0,0.11397047103126519,437,19.622425629290618,697,74.54009564420491
852,0.2565015690429316,2.638305341730814,5.0,0.11722308497849912,405,21.17283950617284,775,77.84933059862014
853,0.2527272779718079,2.651049685094472,5.0,0.12095290842869652,422,20.319905213270143,1172,95.43857125608774
854,0.25321973646315915,2.606092838815022,5.0,0.11796439551098972,384,22.330729166666668,818,91.15118790075266
855,0.25461549814711626,2.628881502216002,5.0,0.11439182584529752,412,20.813106796116504,732,81.67423761718146
856,0.2541226681951514,2.654795894564964,5.0,0.12514122210306866,16,535.9375,849,245.58488062938648
857,0.25635744588240356,2.6656403079076276,5.0,0.12340413852309688,33,259.8484848484849,1014,279.5715467826288
858,0.25374070238834673,2.6382400279916025,5.0,0.12365530807700864,16,535.9375,955,225.23889227606765
859,0.25730270489231566,2.6478061581525543,5.0,0.12450788742506382,51,168.13725490196077,947,251.3241028841119
860,0.25453316588766106,2.673507114532307,5.0,0.11382264345019717,485,17.68041237113402,1114,80.5368771768372
861,0.25722224618516953,2.676377420107301,5.0,0.11528233320881723,388,22.100515463917525,739,79.84661648863243
862,0.25539975929522,2.6332890132960114,5.0,0.12247763538208409,280,30.625,739,108.07929669922912
863,0.25453152361000103,2.6253802192675533,5.0,0.1204284832221329,56,153.125,1011,258.55802488444033
864,0.2543046378202495,2.6242757172848146,5.0,0.12009670227541452,393,21.81933842239186,653,79.47182791808173
865,0.2548251370821078,2.62302425938885,5.0,0.12555408826323178,21,408.3333333333333,693,226.83733070897878
866,0.25636453547801746,2.643294844879869,5.0,0.1252933005873787,20,428.75,855,270.81411983129686
867,0.2574113827292961,2.6431338931653836,6.0,0.1275737975230654,32,267.96875,942,293.72877416664085
868,0.2564207919721688,2.627883135059482,5.0,0.12751374586815206,25,343.0,1036,292.01767069819596
869,0.25380903498444374,2.6301503488347433,6.0,0.12069587536603707,325,26.384615384615383,821,98.8944880330224
870,0.2563047271107507,2.6399790062981103,6.0,0.12543798607030857,18,476.3888888888889,934,182.63051311592938
871,0.2520834547921679,2.651720317238162,5.0,0.12623598467858604,22,389.77272727272725,930,287.3572264966286
872,0.2553112208554806,2.6223792862141355,5.0,0.11336557454755497,463,18.520518358531316,615,66.4651706493749
873,0.25181521460715217,2.643672554799217,5.0,0.12361580362903823,341,25.146627565982406,751,92.66783408477794
874,0.25102068329596317,2.6207242827151855,5.0,0.12478787526040373,258,33.236434108527135,929,122.46405227213545
875,0.2550340734346573,2.6510975040821085,5.0,0.12255742186162659,25,343.0,854,252.49697027885304
876,0.253146695367987,2.656571028691393,5.0,0.12106521048643246,386,22.21502590673575,743,85.45824591546165
877,0.25530955411051826,2.6654583624912527,5.0,0.12407024912075607,21,408.3333333333333,1053,243.75208586816106
878,0.25496264950141984,2.6426708654070445,5.0,0.11584445277887923,426,20.129107981220656,729,77.8949560382417
879,0.2549449476119043,2.6463785864240728,5.0,0.11943908693327893,385,22.272727272727273,844,89.05376113944578
880,0.2517070425829442,2.687126195474691,5.0,0.12251841024875978,21,408.3333333333333,930,330.20763068875215
881,0.2527788401219263,2.659776067179846,5.0,0.1263933735211671,15,571.6666666666666,930,248.26992479065112
882,0.2540098950543324,2.6608607417774666,5.0,0.11851481205367032,449,19.097995545657014,703,76.85020990296094
883,0.25553480231898523,2.6509190576160484,5.0,0.11712400041086407,396,21.654040404040405,1084,90.76545425267994
884,0.25401545606206843,2.6397900629811057,5.0,0.12671489256482749,17,504.4117647058824,912,202.15400617977588
885,0.2541511868613407,2.6293083741544203,5.0,0.12597174030950176,15,571.6666666666666,861,190.70104585158649
886,0.25450067488025563,2.6763354327035223,6.0,0.1270100612199811,19,451.3157894736842,1256,304.3635382809561
887,0.2547992497350029,2.616173314672265,5.0,0.12744999059426082,20,428.75,909,244.4428102849417
888,0.25426058006472474,2.631691159318871,4.0,0.12598273757855272,20,428.75,849,272.16077509442835
889,0.25138513638994964,2.6781828784697925,5.0,0.12159678840576255,57,150.43859649122808,1221,286.63106781475494
890,0.2545013348575581,2.6350653137392115,5.0,0.1294836024428352,16,535.9375,1014,283.05199803878793
891,0.2539340364620511,2.658298343830184,6.0,0.11459895630501066,445,19.269662921348313,823,80.57015423727921
892,0.2578027335756956,2.6679846046186144,5.0,0.11899721356973554,52,164.90384615384616,1055,298.2778944087199
893,0.253127038098595,2.6239351527874972,6.0,0.12077476804503728,331,25.906344410876134,601,90.18470634670884
894,0.2508474789498567,2.6615453697224165,5.0,0.1248995209354068,53,161.79245283018867,956,275.5907793792987
895,0.25564840669518474,2.6691135992535573,5.0,0.12896319896481978,23,372.82608695652175,1032,304.59148010778847
896,0.2562581176292665,2.6842628878003265,5.0,0.1264385464135003,18,476.3888888888889,933,272.40801482924445
897,0.2574374140213126,2.606953580592489,5.0,0.12565311564204162,19,451.3157894736842,918,294.01092937643966
898,0.2549264508468985,2.602327968276184,5.0,0.12145140624539655,23,372.82608695652175,1250,301.74401073612523
899,0.2576653050678975,2.6108012596221135,5.0,0.12162601992201387,358,23.952513966480446,649,90.93696313727268
900,0.25317758938719326,2.624093771868439,5.0,0.11968894114804851,332,25.82831325301205,862,98.03726261483592
901,0.2566197118854283,2.6188301842780497,5.0,0.12076929743890163,442,19.400452488687783,831,76.90012503607836
902,0.2541411811136152,2.6303743876836947,5.0,0.12817349353972007,15,571.6666666666666,976,264.77151575567103
903,0.252455848714442,2.6019255889899697,5.0,0.10929799258339312,526,16.302281368821294,726,67.25077829369071
904,0.25638431447604854,2.639466993235363,5.0,0.12214849690511534,335,25.597014925373134,762,96.39047759085857
905,0.25375667720798023,2.640696291112666,5.0,0.12226579585162828,21,408.3333333333333,1243,276.7139374419062
906,0.25421532334402125,2.641667832983438,5.0,0.12828294230126758,17,504.4117647058824,915,225.12586252858367
907,0.2530741292908507,2.6112421273617916,5.0,0.12990862470152031,17,504.4117647058824,986,254.65502820679484
908,0.2556217227754447,2.6148133893165384,5.0,0.12463762152108604,53,161.79245283018867,743,243.02483439294733
909,0.2540302811502299,2.6281268952647543,5.0,0.12161948833838815,24,357.2916666666667,985,229.1734203550277
910,0.25777714311803235,2.6518019594121762,5.0,0.12313479619891164,23,372.82608695652175,752,253.21543537228345
911,0.2553764079247868,2.6895346396081177,5.0,0.12893346389051769,16,535.9375,1083,255.6830236714006
912,0.25103906103076756,2.6343420438637426,0.0,0.12818684560653393,16,535.9375,1060,296.75589057969853
913,0.25420467458888646,2.631656169815722,5.0,0.12589755124930763,20,428.75,923,238.1568548247142
914,0.2544335540491622,2.645368556099837,5.0,0.11621013347483407,440,19.488636363636363,1049,85.90327466482577
915,0.2563126658865997,2.667269652437602,5.0,0.1227959593008369,20,428.75,934,279.1266513609906
916,0.2536486124735079,2.61309540471192,5.0,0.12734831493530757,15,571.6666666666666,883,220.7857684624522
917,0.25588769961194824,2.5872929787730348,5.0,0.12143006184945607,337,25.445103857566764,866,98.50173196479032
918,0.2561975100027844,2.619437835316072,6.0,0.12441730258195359,22,389.77272727272725,808,258.75452245818235
919,0.25142705469444826,2.674232563564264,5.0,0.12236183835991424,342,25.073099415204677,626,93.15558218771868
920,0.2528606786495061,2.6441390573961736,0.0,0.11831927330616022,453,18.929359823399558,626,71.72872829281222
921,0.2520402647814371,2.6497165850244926,5.0,0.11975834492695567,25,343.0,792,227.049950451437
922,0.2530491528157211,2.6101933729645417,5.0,0.11610723182842231,424,20.224056603773583,755,81.67791834889107
923,0.25659722598430423,2.634463494285048,5.0,0.11840728073126505,423,20.271867612293143,867,82.39052103011413
924,0.2519351251311003,2.6252064380685796,5.0,0.11448707701175201,443,19.35665914221219,806,74.92496845574077
925,0.2534006829153979,2.633634243060415,5.0,0.13135822208419837,18,476.3888888888889,945,259.282586913474
926,0.25314945821910334,2.6167669699090275,5.0,0.12848502096682707,23,372.82608695652175,816,222.16790598532788
927,0.2526490598252808,2.6022964777233497,5.0,0.11994930351965669,410,20.914634146341463,639,77.19288499051474
928,0.25324446200195366,2.6771366923256354,5.0,0.12440848236924407,19,451.3157894736842,1021,271.0690439589106
929,0.2539331802182525,2.6752425938885,5.0,0.11989972987408132,353,24.291784702549574,741,94.62235878674366
930,0.25476797873892043,2.5987508747375787,5.0,0.11421002498039731,472,18.16737288135593,838,72.0182382965283
931,0.2557518813097808,2.6993911826452064,5.0,0.12313248766878515,25,343.0,1311,314.8021600942408
932,0.2573296192753579,2.6236610683461628,5.0,0.12793464538943594,19,451.3157894736842,956,266.6993285630012
933,0.2535917552531382,2.699645439701423,5.0,0.12196123042070203,447,19.1834451901566,848,79.98608600329304
934,0.2524200275404938,2.652378119897364,5.0,0.1266924834894524,22,389.77272727272725,712,207.60297156267512
935,0.2544030057694134,2.6601329601119663,5.0,0.11886677506216088,407,21.06879606879607,870,88.57981414232661
936,0.25414708681314385,2.6197037555400047,5.0,0.12356231618821,15,571.6666666666666,976,253.43313823483214
937,0.25318500130905514,2.630594821553534,5.0,0.12921368084230112,18,476.3888888888889,980,292.0641365805518
938,0.25490738568937726,2.632093538605085,5.0,0.12748367159644186,18,476.3888888888889,1005,277.89029387889525
939,0.2576031653429323,2.631803125728948,5.0,0.12676493995608584,24,357.2916666666667,750,235.68454891490495
940,0.2546572334217918,2.60826685327735,5.0,0.1269337206017836,18,476.3888888888889,1039,307.9563711684009
941,0.25435676186578765,2.5950594821553534,5.0,0.12171893852345213,24,357.2916666666667,891,264.76994403422924
942,0.2543327505254798,2.6221810123629576,5.0,0.12078557046326588,23,372.82608695652175,827,213.27134220618396
943,0.2559784600369943,2.6411884767902962,4.0,0.12587206387374322,15,571.6666666666666,847,188.78476868881367
944,0.25235001801795603,2.6759447165850245,5.0,0.12370711705830836,36,238.19444444444446,1172,362.0379675795562
945,0.25414720730414203,2.6266794961511546,5.0,0.1275239593215161,15,571.6666666666666,843,156.34648132344464
946,0.25278935110965156,2.6526487053883834,5.0,0.12799408479527064,15,571.6666666666666,967,208.80091528109313
947,0.25421488879510473,2.668711219967343,6.0,0.12378193597945224,19,451.3157894736842,852,235.4847302305293
948,0.2549691327880132,2.6606111499883367,5.0,0.11021958156506606,541,15.850277264325323,442,55.917731894443584
949,0.251588148811809,2.666716818287847,5.0,0.12557694978543135,68,126.1029411764706,966,228.75591536587396
950,0.2530226603323004,2.603156053184045,5.0,0.12393374844585324,25,343.0,834,281.1627286821637
951,0.253049879872485,2.6185152787497086,5.0,0.12077031887824514,60,142.91666666666666,917,259.78185025559856
952,0.2550853919704079,2.6467471425239095,5.0,0.12174184225332456,391,21.9309462915601,757,80.65355064462662
953,0.25515893172501586,2.621335432703522,5.0,0.12482436953339585,60,142.91666666666666,662,214.5831844659678
954,0.2547915493437744,2.63345929554467,5.0,0.11629854506081665,403,21.277915632754343,728,81.85202519430875
955,0.25658989878748806,2.6564555633310007,5.0,0.1211003021424019,53,161.79245283018867,932,248.64450325644444
956,0.2546094030793768,2.654734079776067,5.0,0.124628740333981,21,408.3333333333333,853,192.27815499658013
957,0.2558463884730608,2.611853277350128,5.0,0.12245349071355849,302,28.394039735099337,778,101.91218316304496
958,0.2536254077073528,2.654603452297644,5.0,0.11809275634878358,31,276.61290322580646,594,205.1290195760133
959,0.2546943556908566,2.651621180312573,5.0,0.1257579353093929,30,285.8333333333333,928,304.2251450634692
960,0.25808369487617383,2.6664683928154886,5.0,0.11775537253841756,437,19.622425629290618,849,75.67461206559828
961,0.25502911419631724,2.5993386983904827,5.0,0.12518896699269313,21,408.3333333333333,942,322.4846003459971
962,0.25781923101507775,2.6238733379986003,5.0,0.127629137999664,24,357.2916666666667,912,286.10246986680994
963,0.2551306681686959,2.6225075810590157,5.0,0.12441987651443742,20,428.75,1091,250.3305564648471
964,0.25410226774902667,2.6288931653837184,5.0,0.12621557285490198,19,451.3157894736842,1050,291.23314094084736
965,0.2527710572962747,2.6646722649871704,5.0,0.12748269635816817,22,389.77272727272725,964,272.3850769871383
966,0.2542983801004121,2.6520994879987185,5.0,0.13086240276558087,15,571.6666666666666,843,155.29312784394403
967,0.2548813949368961,2.6220095637975276,5.0,0.12635000424168744,291,29.467353951890033,814,115.39917930262797
968,0.25621682566225373,2.6440039654770238,5.0,0.12689622788636096,18,476.3888888888889,910,226.18407913538252
969,0.25319453217944027,2.635831583858176,5.0,0.1249318644749345,51,168.13725490196077,772,245.94212770629542
970,0.2558635317430868,2.666422906461395,5.0,0.12247862365486488,23,372.82608695652175,919,270.03086010015085
971,0.25276699423552046,2.619903195707954,5.0,0.12614525359240952,18,476.3888888888889,669,164.19911316883565
972,0.2542540339983494,2.6394961511546535,5.0,0.11683563815779438,433,19.803695150115473,621,79.13668582953538
973,0.25689007322064455,2.647998600419874,5.0,0.12560300331071106,17,504.4117647058824,1151,234.82360308851844
974,0.2551988732649674,2.6274317704688595,5.0,0.1218660133052717,19,451.3157894736842,866,235.72331073607617
975,0.2539977221844655,2.641070678796361,5.0,0.11735170109434997,348,24.64080459770115,904,91.00855871989272
976,0.2561932260873268,2.6544693258689063,5.0,0.12172628098733951,20,428.75,830,213.7718117526256
977,0.2530729989149884,2.660629811056683,5.0,0.12274742497722968,316,27.13607594936709,763,105.54987345863316
978,0.2527195271602562,2.6316507232851145,0.0,0.12683606034950495,15,571.6666666666666,1042,237.75019570035175
979,0.2564143813349054,2.628440634476324,5.0,0.12946942073842493,13,659.6153846153846,855,148.28223528722225
980,0.25426919482083726,2.6480930720783764,5.0,0.11977480571426255,26,329.8076923076923,730,205.948279397965
981,0.25148166206314715,2.6065465360391884,5.0,0.12631966198456213,23,372.82608695652175,915,301.5635562363355
982,0.2557091795322221,2.6366130160951715,5.0,0.126981630183008,19,451.3157894736842,1004,291.2495859733364
983,0.25978452931257745,2.629295544669932,5.0,0.12497041913466046,20,428.75,1202,314.31304061397134
984,0.25342926392299464,2.6567121530207602,4.0,0.12491731481973299,20,428.75,985,267.26314280124745
985,0.252291292740108,2.6474236062514582,5.0,0.12887073142684746,16,535.9375,901,224.54550450576826
986,0.25537600766887336,2.664856543037089,5.0,0.12561708561571916,13,659.6153846153846,1161,205.90607958355056
987,0.2575460744677681,2.611170982038722,5.0,0.1253386193545195,19,451.3157894736842,967,263.79598429399925
988,0.2516726423307215,2.666106834616282,5.0,0.12700136831162478,20,428.75,733,202.91448321891664
989,0.2546612783620557,2.655383718217868,5.0,0.12694261477402694,19,451.3157894736842,813,280.3159969957925
990,0.2539522553417999,2.64214718917658,5.0,0.12277970314414603,324,26.46604938271605,697,98.27761488811338
991,0.256168524905965,2.6193305341730815,5.0,0.12501357805288316,40,214.375,981,288.67305793059387
992,0.25300442874301116,2.627189176580359,5.0,0.12774450959720915,19,451.3157894736842,1022,209.07567318823484
993,0.25669015735357625,2.652583391649172,5.0,0.11095695096638547,453,18.929359823399558,616,67.13479800133968
994,0.2528522110412953,2.6750781432236996,6.0,0.11940881571083417,65,131.92307692307693,915,211.02215032786034
995,0.2536299189511723,2.6186797294145094,5.0,0.12190184618434846,298,28.7751677852349,1036,109.9787950312035
996,0.25323434955731994,2.6377256822953115,5.0,0.11573074130851735,397,21.59949622166247,802,83.76242822780237
997,0.25640148153744846,2.6107802659202237,5.0,0.12711225699267964,25,343.0,908,305.0695658370399
998,0.2558992346316382,2.6090622813156052,5.0,0.12728653620076533,20,428.75,985,336.86523640767683
999,0.2550047980305165,2.642100536505715,5.0,0.12468970659606325,68,126.1029411764706,804,206.32421229604822
