Id,Label,d0,Degree,Weighted Degree,modularity_class,clustering,triangles
syncope,syncope,symptom,442,1432,1,0.168591,16431
cardiac arrest,cardiac arrest,symptom,136,211,1,0.310675,2852
dizziness,dizziness,symptom,1218,5237,2,0.059859,44365
fatigue,fatigue,symptom,1594,7664,7,0.045586,57877
tinnitus,tinnitus,symptom,490,1218,2,0.133834,16034
cerebral ischemia,cerebral ischemia,symptom,91,129,1,0.442247,1811
hypertension,hypertension,symptom,819,2446,1,0.093608,31356
headache,headache,symptom,1698,7954,2,0.041458,59731
fever,fever,symptom,1773,9182,7,0.038379,60289
redness,redness,symptom,374,644,0,0.126679,8836
swelling,swelling,symptom,973,2195,0,0.053743,25414
warmth,warmth,symptom,134,171,0,0.256312,2284
pain,pain,symptom,1573,4083,0,0.038154,47173
night sweats,night sweats,symptom,338,926,7,0.219901,12524
loss of appetite,loss of appetite,symptom,836,2934,7,0.093737,32717
weight loss,weight loss,symptom,1052,4020,7,0.069948,38669
dysfunction,dysfunction,symptom,85,125,0,0.293557,1048
joints,joints,symptom,48,54,0,0.406915,459
deformity,deformity,symptom,579,976,0,0.082172,13750
hematuria,hematuria,symptom,649,2089,4,0.104258,21923
polyuria,polyuria,symptom,389,953,4,0.171905,12973
abdominal pain,abdominal pain,symptom,1428,7000,7,0.04763,48529
edema,edema,symptom,1490,4845,6,0.046648,51747
azotemia,azotemia,symptom,75,115,4,0.446126,1238
slow growth,slow growth,symptom,328,487,2,0.176699,9476
blisters,blisters,symptom,318,557,3,0.153285,7726
anorexia,anorexia,symptom,599,1862,7,0.13934,24956
mucosal damage,mucosal damage,symptom,135,169,3,0.305252,2761
hypersensitivity,hypersensitivity,symptom,230,304,2,0.223809,5894
ulcers,ulcers,symptom,940,2367,3,0.077613,34253
face,face,symptom,201,290,1,0.247313,4971
bone pain,bone pain,symptom,235,360,0,0.233461,6419
pain in the long bones,pain in the long bones,symptom,22,25,0,0.290043,67
restlessness,restlessness,symptom,695,2070,1,0.113238,27309
vomiting,vomiting,symptom,1888,10747,7,0.035568,63358
heart failure,heart failure,symptom,528,1676,1,0.136946,19053
renal failure,renal failure,symptom,276,532,4,0.21697,8234
clear,clear,symptom,58,61,3,0.264368,437
nephrotic syndrome,nephrotic syndrome,symptom,125,214,4,0.313032,2426
increased blood pressure,increased blood pressure,symptom,48,67,6,0.50266,567
outpatient hypertension,outpatient hypertension,symptom,11,11,4,1,55
palpitations,palpitations,symptom,912,3819,1,0.078365,32554
shortness of breath,shortness of breath,symptom,813,2880,1,0.086995,28715
cyanosis,cyanosis,symptom,928,3586,1,0.077005,33122
nausea,nausea,symptom,1684,9363,7,0.041943,59437
diarrhea,diarrhea,symptom,1161,5484,7,0.066087,44502
liver function abnormalities,liver function abnormalities,symptom,117,165,7,0.374595,2542
joint contractures,joint contractures,symptom,49,50,0,0.420918,495
jaundice,jaundice,symptom,724,2627,7,0.103899,27193
proteinuria,proteinuria,symptom,425,1145,4,0.168668,15197
hyperplasia,hyperplasia,symptom,73,81,4,0.295282,776
hirsutism,hirsutism,symptom,108,125,4,0.288681,1668
oliguria,oliguria,symptom,299,832,4,0.23261,10363
impaired liver function,impaired liver function,symptom,68,80,7,0.49122,1119
cylindruria,cylindruria,symptom,25,27,4,0.646667,194
acute abdomen,acute abdomen,symptom,134,177,7,0.279318,2489
abdominal distension,abdominal distension,symptom,826,2982,7,0.089621,30536
dyspnea,dyspnea,symptom,620,2666,1,0.119652,22960
shock,shock,symptom,779,2572,1,0.099218,30066
gastrointestinal gas,gastrointestinal gas,symptom,31,33,7,0.623656,290
abnormal respiration,abnormal respiration,symptom,189,398,1,0.307216,5458
irritability,irritability,symptom,749,1852,2,0.092219,25833
somnolence,somnolence,symptom,483,1300,2,0.175236,20398
coma,coma,symptom,864,3143,2,0.088572,33021
angina,angina,symptom,270,677,1,0.234696,8523
arrhythmia,arrhythmia,symptom,489,1580,1,0.153022,18258
hemodynamic disorders,hemodynamic disorders,symptom,15,15,1,0.857143,90
menopause,menopause,symptom,41,45,7,0.563415,462
pathological fractures,pathological fractures,symptom,78,89,0,0.338328,1016
anemia,anemia,symptom,992,3493,7,0.077433,38061
tendency to bleed,tendency to bleed,symptom,166,270,7,0.283169,3878
recurrent infections,recurrent infections,symptom,331,633,7,0.184235,10062
hepatomegaly,hepatomegaly,symptom,530,1668,7,0.148761,20854
abdominal mass,abdominal mass,symptom,446,1334,7,0.143528,14243
rash,rash,symptom,398,918,7,0.198942,15717
ascites,ascites,symptom,408,1139,7,0.178651,14833
wasting,wasting,symptom,157,265,7,0.33366,4086
persistent,persistent,symptom,31,31,7,0.380645,177
hypotonia,hypotonia,symptom,27,29,2,0.672365,236
inability to st,inability to st,symptom,112,120,2,0.259331,1612
poor head support,poor head support,symptom,19,19,0,1,171
numerous dysmorphic features,numerous dysmorphic features,symptom,19,19,0,1,171
intellectual disability,intellectual disability,symptom,367,498,2,0.132994,8932
developmental delay,developmental delay,symptom,264,401,2,0.175279,6085
short stature,short stature,symptom,206,255,0,0.147052,3105
distinctive facial appearance,distinctive facial appearance,symptom,22,23,0,0.372294,86
skin infections,skin infections,symptom,27,27,6,0.358974,126
pus,pus,symptom,67,85,7,0.285844,632
blurred vision,blurred vision,symptom,439,993,6,0.151039,14521
chest pain,chest pain,symptom,852,3752,1,0.085508,30999
chest tightness,chest tightness,symptom,623,2270,1,0.118419,22944
pericardial effusion,pericardial effusion,symptom,136,230,1,0.310893,2854
atrial premature beats,atrial premature beats,symptom,57,78,1,0.541353,864
electrophysiological abnormalities,electrophysiological abnormalities,symptom,49,65,1,0.664966,782
pulsus paradoxus,pulsus paradoxus,symptom,21,27,1,0.752381,158
no evident cardiac impulse in the precordial region,no evident cardiac impulse in the precordial region,symptom,23,23,1,0.727273,184
pleural effusion,pleural effusion,symptom,280,683,1,0.243062,9494
burning sensation,burning sensation,symptom,543,1096,3,0.115145,16944
dry mouth,dry mouth,symptom,758,1459,9,0.080665,23143
pharynx,pharynx,symptom,110,154,3,0.32377,1941
difficulty breathing,difficulty breathing,symptom,815,2824,1,0.094234,31258
ulceration,ulceration,symptom,339,527,3,0.157075,8999
localized pain,localized pain,symptom,148,208,0,0.200404,2180
tenderness,tenderness,symptom,1086,2737,0,0.05798,34159
abdominal wall,abdominal wall,symptom,30,34,1,0.475862,207
absence of contractions interval,absence of contractions interval,symptom,16,16,7,0.633333,76
umbilical,umbilical,symptom,30,37,7,0.666667,290
skin itching,skin itching,symptom,212,326,3,0.253555,5671
nails,nails,symptom,91,112,1,0.410012,1679
cough,cough,symptom,952,4732,1,0.083099,37617
wheezing,wheezing,symptom,283,794,1,0.20605,8222
discomfort,discomfort,symptom,272,393,7,0.192967,7112
throat,throat,symptom,128,179,9,0.329478,2678
stridor,stridor,symptom,98,165,1,0.359142,1707
chills,chills,symptom,863,3209,7,0.089522,33298
signs of meningeal irritation,signs of meningeal irritation,symptom,207,450,2,0.304911,6501
expectoration,expectoration,symptom,385,1511,1,0.196307,14511
hypokalemia,hypokalemia,symptom,211,363,7,0.256737,5688
often,often,symptom,385,554,3,0.123336,9117
purulent sputum,purulent sputum,symptom,253,644,1,0.287816,9175
granuloma,granuloma,symptom,219,329,3,0.2635,6290
vasculitis,vasculitis,symptom,126,191,7,0.377143,2970
eosinophilia,eosinophilia,symptom,83,126,7,0.467823,1592
inflammatory cell infiltration,inflammatory cell infiltration,symptom,117,141,3,0.390805,2652
hemoptysis,hemoptysis,symptom,518,2276,1,0.161229,21589
pain at the fracture site,pain at the fracture site,symptom,10,10,1,0.488889,22
shallow,shallow,symptom,94,115,9,0.218943,957
rapid breathing,rapid breathing,symptom,318,742,1,0.224967,11339
sensory disturbances,sensory disturbances,symptom,644,1541,2,0.104233,21581
thickening,thickening,symptom,118,129,3,0.222222,1534
maculopapular rash,maculopapular rash,symptom,352,848,3,0.215035,13284
nodules,nodules,symptom,621,1366,3,0.100218,19293
red eye,red eye,symptom,353,642,6,0.135961,8447
eye pain,eye pain,symptom,387,963,6,0.130685,9761
photophobia,photophobia,symptom,371,888,6,0.153216,10516
tearing,tearing,symptom,366,856,6,0.13528,9036
diminished vision,diminished vision,symptom,32,35,3,0.556452,276
functional impairment,functional impairment,symptom,95,140,0,0.235834,1053
small,small,symptom,64,64,2,0.284722,574
translucent,translucent,symptom,23,23,3,0.399209,101
abnormal tooth color,abnormal tooth color,symptom,36,42,0,0.34127,215
yellowing of teeth,yellowing of teeth,symptom,47,50,0,0.208141,225
white,white,symptom,74,79,3,0.251018,678
abnormal tooth shape,abnormal tooth shape,symptom,5,5,0,1,10
left,left,symptom,44,47,7,0.536998,508
sunken lower sternum,sunken lower sternum,symptom,11,11,4,1,55
ribcage upon inhalation,ribcage upon inhalation,symptom,11,11,4,1,55
pectus carinatum when inhaling,pectus carinatum when inhaling,symptom,11,11,4,1,55
abnormal thorax,abnormal thorax,symptom,25,26,1,0.46,138
neuralgia,neuralgia,symptom,194,256,2,0.246141,4608
pneumothorax,pneumothorax,symptom,106,205,1,0.443127,2466
paradoxical abdominal respiration,paradoxical abdominal respiration,symptom,14,16,4,0.791209,72
upper abdominal pain,upper abdominal pain,symptom,262,517,7,0.221637,7578
elevated diaphragm,elevated diaphragm,symptom,44,45,4,0.369979,350
a strong odor,a strong odor,symptom,50,59,7,0.399184,489
odor,odor,symptom,29,39,4,0.332512,135
bradycardia,bradycardia,symptom,202,379,1,0.291808,5924
pale complexion,pale complexion,symptom,458,866,7,0.154826,16203
itching,itching,symptom,771,1999,3,0.080664,23944
constipation,constipation,symptom,728,1963,7,0.097095,25694
intestinal perforation,intestinal perforation,symptom,110,178,7,0.425688,2552
miosis,miosis,symptom,27,35,6,0.501425,176
ptosis,ptosis,symptom,407,720,6,0.132073,10912
exophthalmos,exophthalmos,symptom,281,491,6,0.176817,6956
visual impairment,visual impairment,symptom,558,1296,6,0.094129,14628
extraocular metastasis,extraocular metastasis,symptom,44,47,6,0.392178,371
upward deviation,upward deviation,symptom,12,18,6,0.863636,57
fixation of the eyeball,fixation of the eyeball,symptom,9,9,6,1,36
floating eyeball phenomenon,floating eyeball phenomenon,symptom,35,41,6,0.356303,212
limited movement,limited movement,symptom,199,308,0,0.160296,3158
thirst,thirst,symptom,291,553,7,0.200237,8449
reduced urine output,reduced urine output,symptom,42,50,2,0.616725,531
weakness,weakness,symptom,886,2385,2,0.088556,34719
elevated body temperature,elevated body temperature,symptom,126,149,2,0.313016,2465
seizures,seizures,symptom,660,1873,2,0.120035,26104
epileptiform attacks,epileptiform attacks,symptom,63,67,2,0.572453,1118
anxiety,anxiety,symptom,434,918,2,0.136631,12838
fear,fear,symptom,237,394,2,0.191232,5348
heat,heat,symptom,231,357,0,0.2262,6009
stomach pain,stomach pain,symptom,172,274,7,0.311642,4583
cold sweat,cold sweat,symptom,137,214,1,0.310863,2896
sudden,sudden,symptom,110,120,6,0.271726,1629
mill wheel murmur,mill wheel murmur,symptom,4,4,1,1,6
foreign body sensation,foreign body sensation,symptom,273,537,6,0.145847,5415
conjunctival congestion,conjunctival congestion,symptom,410,844,6,0.149681,12550
abnormal breathing,abnormal breathing,symptom,651,1960,1,0.115458,24428
cardiac murmur,cardiac murmur,symptom,139,315,1,0.340945,3270
difficulty swallowing,difficulty swallowing,symptom,556,1239,8,0.119036,18366
slurred speech,slurred speech,symptom,107,146,2,0.301887,1712
paralysis,paralysis,symptom,645,1512,2,0.111349,23126
coughing,coughing,symptom,414,1027,1,0.178054,15222
muscle atrophy,muscle atrophy,symptom,706,1365,2,0.086159,21442
facial muscle weakness,facial muscle weakness,symptom,80,100,2,0.311392,984
hoarseness,hoarseness,symptom,340,777,1,0.200954,11581
absence of gag reflex,absence of gag reflex,symptom,49,54,2,0.35034,412
erythema,erythema,symptom,360,676,3,0.152275,9840
groin,groin,symptom,55,60,4,0.259933,386
itching in the ear,itching in the ear,symptom,85,100,3,0.348739,1245
scaling,scaling,symptom,147,234,3,0.229149,2459
pigmentation,pigmentation,symptom,356,553,3,0.140497,8878
scrotal itch,scrotal itch,symptom,48,52,3,0.371454,419
vulva,vulva,symptom,81,96,3,0.371914,1205
papules,papules,symptom,816,2159,3,0.064243,21362
convulsions,convulsions,symptom,665,2017,2,0.123458,27257
bloating,bloating,symptom,467,1310,7,0.129344,14074
enlarged,enlarged,symptom,122,156,7,0.279095,2060
tremors,tremors,symptom,425,817,2,0.157425,14184
hyperreflexia,hyperreflexia,symptom,130,193,2,0.312105,2617
local burning sensation,local burning sensation,symptom,95,112,3,0.33953,1516
vulvar burning,vulvar burning,symptom,41,51,4,0.539024,442
decreased responsiveness,decreased responsiveness,symptom,23,24,2,0.573123,145
refusal to feed,refusal to feed,symptom,50,62,2,0.485714,595
hypothermia,hypothermia,symptom,131,177,2,0.379565,3232
pallor,pallor,symptom,665,1742,1,0.113647,25091
fainting,fainting,symptom,169,311,1,0.360313,5115
trembling,trembling,symptom,117,150,2,0.357943,2429
lethargy,lethargy,symptom,356,755,7,0.205555,12989
malar rash,malar rash,symptom,49,62,3,0.597789,703
muscle pain,muscle pain,symptom,217,346,7,0.284434,6666
meningitis,meningitis,symptom,171,304,7,0.369659,5373
lower abdominal pain,lower abdominal pain,symptom,226,519,7,0.225565,5735
rebound pain,rebound pain,symptom,38,84,7,0.604552,425
swelling in the lacrimal sac area,swelling in the lacrimal sac area,symptom,44,48,0,0.394292,373
epiphora,epiphora,symptom,74,125,6,0.272121,735
cyst,cyst,symptom,100,118,3,0.25798,1277
absence of respiration,absence of respiration,symptom,1,1,1,0,0
cry immediately after birth,cry immediately after birth,symptom,13,13,1,0.435897,34
of pregnancy,of pregnancy,symptom,57,66,3,0.586466,936
bleeding,bleeding,symptom,537,1231,4,0.101969,14675
bulging,bulging,symptom,25,25,0,0.473333,142
thinning,thinning,symptom,50,53,0,0.208163,255
enlargement,enlargement,symptom,110,126,7,0.305588,1832
tachycardia,tachycardia,symptom,431,1217,1,0.179226,16608
sudden death,sudden death,symptom,179,429,1,0.28862,4598
lipid deposition disorders,lipid deposition disorders,symptom,5,5,4,0.6,6
hyperlipidemic vascular damage,hyperlipidemic vascular damage,symptom,7,7,4,0.52381,11
arteriosclerosis,arteriosclerosis,symptom,84,92,2,0.247849,864
dyslipidemia,dyslipidemia,symptom,11,11,4,0.545455,30
petechiae,petechiae,symptom,236,460,7,0.274684,7617
faint heart sounds,faint heart sounds,symptom,83,122,1,0.508963,1732
respiratory distress,respiratory distress,symptom,299,609,1,0.229557,10227
opisthotonos,opisthotonos,symptom,116,159,2,0.34003,2268
dryness,dryness,symptom,198,307,3,0.177409,3460
tingling,tingling,symptom,177,257,3,0.212763,3314
symptoms of upper respiratory tract catarrh,symptoms of upper respiratory tract catarrh,symptom,63,77,7,0.549411,1073
low fever,low fever,symptom,330,742,7,0.218845,11880
bloody sputum,bloody sputum,symptom,126,214,1,0.438476,3453
phlegm,phlegm,symptom,91,156,1,0.447619,1833
yellow sputum,yellow sputum,symptom,35,45,1,0.778151,463
increased eosinophils,increased eosinophils,symptom,27,28,7,0.831909,292
rales,rales,symptom,231,694,1,0.292452,7769
joint pain,joint pain,symptom,773,2048,0,0.089326,26653
joint swelling,joint swelling,symptom,300,574,0,0.18107,8121
prolapse,prolapse,symptom,27,27,6,0.435897,153
vulvar swelling,vulvar swelling,symptom,81,127,4,0.354012,1147
difficulty in intercourse,difficulty in intercourse,symptom,80,89,4,0.238608,754
numbness,numbness,symptom,383,569,0,0.132435,9688
formication,formication,symptom,40,45,2,0.473077,369
bromhidrosis,bromhidrosis,symptom,20,20,3,0.594737,113
upper right abdominal pain,upper right abdominal pain,symptom,78,133,7,0.422577,1269
indigestion,indigestion,symptom,240,535,7,0.239993,6883
acid reflux,acid reflux,symptom,116,276,7,0.369415,2464
unexplained death,unexplained death,symptom,0,0,5,0,0
sallow complexion,sallow complexion,symptom,69,87,7,0.432651,1015
fine,fine,symptom,138,165,3,0.256215,2422
dry hair,dry hair,symptom,66,87,7,0.41958,900
subcutaneous nodules,subcutaneous nodules,symptom,275,423,3,0.188454,7100
in the breast,in the breast,symptom,83,85,0,0.19042,648
breast pain,breast pain,symptom,101,147,0,0.261782,1322
smooth,smooth,symptom,278,322,3,0.11529,4439
firm,firm,symptom,47,49,3,0.502313,543
mucosal bleeding,mucosal bleeding,symptom,63,85,7,0.471582,921
chemical skin burns,chemical skin burns,symptom,16,16,1,0.691667,83
pupil abnormalities,pupil abnormalities,symptom,151,193,3,0.263135,2980
hair loss,hair loss,symptom,337,503,3,0.157959,8943
abdominal discomfort,abdominal discomfort,symptom,253,655,7,0.228967,7299
anal pain,anal pain,symptom,69,87,7,0.299233,702
prone to dampness,prone to dampness,symptom,7,7,64,0.428571,9
pale skin,pale skin,symptom,110,141,2,0.363303,2178
mucous membranes,mucous membranes,symptom,156,239,7,0.280562,3392
crying,crying,symptom,357,530,2,0.152708,9704
listlessness,listlessness,symptom,98,122,7,0.427519,2032
disinterest in activities,disinterest in activities,symptom,27,27,2,0.592593,208
reduced appetite,reduced appetite,symptom,161,283,7,0.381134,4909
darkness before the eyes,darkness before the eyes,symptom,49,58,7,0.504252,593
itchy eyes,itchy eyes,symptom,66,100,6,0.360373,773
sourness,sourness,symptom,103,122,0,0.264991,1392
swollen,swollen,symptom,95,102,3,0.268085,1197
granular appearance of the palpebral conjunctiva,granular appearance of the palpebral conjunctiva,symptom,20,21,6,0.810526,154
shiny skin,shiny skin,symptom,40,41,3,0.315385,246
abnormal hair,abnormal hair,symptom,88,114,3,0.30303,1160
pigmentary changes,pigmentary changes,symptom,36,37,3,0.58254,367
numbness in h,numbness in h,symptom,168,233,2,0.277231,3889
pain or strange sensations,pain or strange sensations,symptom,8,8,3,1,28
soft tissue swelling,soft tissue swelling,symptom,205,249,3,0.210043,4392
weakness in the lower limbs,weakness in the lower limbs,symptom,330,529,2,0.16745,9090
bloody stool,bloody stool,symptom,237,658,7,0.269935,7549
sore throat,sore throat,symptom,398,1147,7,0.195891,15476
mental disorders,mental disorders,symptom,379,636,2,0.164091,11754
nipple itching,nipple itching,symptom,18,20,3,0.705882,108
rough skin,rough skin,symptom,372,483,3,0.135771,9369
thickened,thickened,symptom,96,109,3,0.320175,1460
flaking,flaking,symptom,30,33,3,0.544828,237
erosion,erosion,symptom,385,646,3,0.110322,8155
exudation,exudation,symptom,231,393,3,0.192622,5117
abnormal tendon reflexes,abnormal tendon reflexes,symptom,142,188,2,0.286085,2864
scoliosis,scoliosis,symptom,137,175,0,0.192357,1792
childhood scoliosis,childhood scoliosis,symptom,11,11,2,1,55
foot deformities,foot deformities,symptom,66,74,0,0.24662,529
spinal,spinal,symptom,135,163,0,0.210835,1907
steppage gait,steppage gait,symptom,30,32,2,0.466667,203
glove or stocking type of superficial,glove or stocking type of superficial,symptom,23,23,2,0.592885,150
nutritional disorders,nutritional disorders,symptom,83,87,2,0.345284,1175
pes cavus,pes cavus,symptom,37,41,2,0.363363,242
frequent urination,frequent urination,symptom,388,977,4,0.129345,9711
urgent urination,urgent urination,symptom,96,179,4,0.332237,1515
painful urination,painful urination,symptom,215,421,4,0.182439,4197
abnormal urine volume,abnormal urine volume,symptom,5,5,4,1,10
deep,deep,symptom,44,47,2,0.34778,329
inflammation,inflammation,symptom,128,151,0,0.322589,2622
cellulitis,cellulitis,symptom,146,203,7,0.365234,3866
ectropion,ectropion,symptom,81,93,3,0.18858,611
conjunctival hyperemia,conjunctival hyperemia,symptom,39,66,6,0.460189,341
vision impairment,vision impairment,symptom,156,210,6,0.269231,3255
hemiplegia,hemiplegia,symptom,318,630,2,0.197131,9936
seizure-like episodes,seizure-like episodes,symptom,94,150,2,0.46717,2042
blood-streaked sputum,blood-streaked sputum,symptom,82,136,1,0.569708,1892
rust-colored sputum,rust-colored sputum,symptom,47,70,1,0.768733,831
abnormal bleeding,abnormal bleeding,symptom,43,48,7,0.445183,402
chilliness,chilliness,symptom,51,54,0,0.490196,625
cold,cold,symptom,217,315,0,0.219662,5148
intermittent claudication,intermittent claudication,symptom,147,204,2,0.25664,2754
rest pain,rest pain,symptom,53,71,0,0.38897,536
increased skin temperature,increased skin temperature,symptom,128,156,0,0.374508,3044
dry gangrene,dry gangrene,symptom,64,75,3,0.411706,830
disappearance of dorsal foot artery pulsation,disappearance of dorsal foot artery pulsation,symptom,21,21,0,0.590476,124
decline in vision,decline in vision,symptom,46,52,6,0.378744,392
scales,scales,symptom,204,362,3,0.226891,4698
venous thrombosis,venous thrombosis,symptom,53,59,1,0.344702,475
facial swelling,facial swelling,symptom,73,83,0,0.300609,790
referred pain,referred pain,symptom,86,104,0,0.37565,1373
limb swelling,limb swelling,symptom,81,92,0,0.297222,963
pallid skin,pallid skin,symptom,9,9,0,1,36
high fever,high fever,symptom,784,2873,7,0.106563,32708
heaviness,heaviness,symptom,137,182,4,0.264813,2467
back pain,back pain,symptom,686,1630,4,0.095074,22338
pain during sexual intercourse,pain during sexual intercourse,symptom,66,105,4,0.32634,700
vaginal discharge,vaginal discharge,symptom,69,110,4,0.322677,757
jugular vein distension,jugular vein distension,symptom,96,245,1,0.472368,2154
reduced or absent secretion of tears,reduced or absent secretion of tears,symptom,34,37,7,0.57754,324
salivation,salivation,symptom,163,261,8,0.291146,3844
urinary retention,urinary retention,symptom,467,1023,4,0.14459,15733
abnormal heart sounds,abnormal heart sounds,symptom,176,443,1,0.288182,4438
systolic murmur,systolic murmur,symptom,146,326,1,0.323099,3420
pica,pica,symptom,42,46,7,0.501742,432
vesicles,vesicles,symptom,366,806,3,0.152526,10188
lack of appetite,lack of appetite,symptom,117,164,7,0.39891,2707
alopecia,alopecia,symptom,114,148,3,0.236299,1522
cognitive developmental delay,cognitive developmental delay,symptom,22,22,3,0.575758,133
infectious rhinitis,infectious rhinitis,symptom,52,60,3,0.535445,710
pharyngitis,pharyngitis,symptom,171,259,3,0.329481,4789
glossitis,glossitis,symptom,189,315,3,0.31003,5508
gingivitis,gingivitis,symptom,131,187,3,0.353611,3011
pustules,pustules,symptom,403,861,3,0.135649,10988
cold sweats,cold sweats,symptom,112,201,1,0.429858,2672
vertigo,vertigo,symptom,277,651,2,0.240988,9212
rotational vertigo,rotational vertigo,symptom,17,19,7,0.566176,77
instability,instability,symptom,77,87,2,0.247095,723
ing,ing,symptom,222,260,0,0.124414,3052
skin adhesion,skin adhesion,symptom,58,67,3,0.305505,505
squamous cell carcinoma,squamous cell carcinoma,symptom,21,23,3,0.338095,71
secondary infection,secondary infection,symptom,174,249,3,0.242575,3651
decreased vision,decreased vision,symptom,176,324,6,0.194091,2989
enlargement of the liver,enlargement of the liver,symptom,60,66,7,0.489831,867
addiction,addiction,symptom,15,16,2,0.590476,62
drowsiness,drowsiness,symptom,264,574,2,0.249539,8663
facial flushing,facial flushing,symptom,220,325,2,0.302159,7279
hallucinations,hallucinations,symptom,323,731,2,0.178374,9276
consciousness disorders,consciousness disorders,symptom,243,459,2,0.305241,8975
persistent fever,persistent fever,symptom,195,350,7,0.32958,6234
dull pain,dull pain,symptom,189,325,7,0.271924,4831
belching,belching,symptom,197,502,7,0.263804,5093
postpr,postpr,symptom,72,104,7,0.554382,1417
ial fullness,ial fullness,symptom,80,110,7,0.462342,1461
bleeding can cause pain,bleeding can cause pain,symptom,20,20,7,0.905263,172
presents,presents,symptom,52,52,2,0.326546,433
solitary,solitary,symptom,176,191,3,0.143247,2206
firm nodules. the lesions are typically solid,firm nodules. the lesions are typically solid,symptom,9,9,3,0.527778,19
red or purple,red or purple,symptom,8,9,3,0.571429,16
can grow up to 10 cm in diameter. there is no preferential location for these lesions,can grow up to 10 cm in diameter. there is no preferential location for these lesions,symptom,5,5,3,1,10
they frequently recur on the skin,they frequently recur on the skin,symptom,5,5,3,1,10
chronic fever,chronic fever,symptom,1,1,0,0,0
dermatitis,dermatitis,symptom,181,313,3,0.243646,3969
emaciation,emaciation,symptom,440,905,7,0.1687,16293
renal damage,renal damage,symptom,19,19,4,0.573099,98
asthma,asthma,symptom,95,139,3,0.482195,2153
poor appetite,poor appetite,symptom,372,800,7,0.193693,13366
top,top,symptom,24,24,3,0.275362,76
reflex neuralgia,reflex neuralgia,symptom,5,5,2,1,10
olfactory disturbances,olfactory disturbances,symptom,17,19,2,0.573529,78
postnasal drip,postnasal drip,symptom,14,15,2,0.494505,45
fundus hemorrhage,fundus hemorrhage,symptom,58,101,6,0.355717,588
difficulty exhaling,difficulty exhaling,symptom,29,30,1,0.625616,254
respiratory failure,respiratory failure,symptom,310,763,1,0.241737,11578
three concave sign,three concave sign,symptom,55,82,1,0.583165,866
nose,nose,symptom,89,91,3,0.295199,1156
sparse hair,sparse hair,symptom,114,126,2,0.2644,1703
microcephaly,microcephaly,symptom,91,106,2,0.256654,1051
iris defects,iris defects,symptom,44,46,2,0.365751,346
aphasia,aphasia,symptom,159,264,2,0.340896,4282
blue sclera,blue sclera,symptom,52,61,3,0.263198,349
microphthalmia,microphthalmia,symptom,62,69,6,0.316764,599
abnormal tooth eruption,abnormal tooth eruption,symptom,3,3,0,0.333333,1
teeth appear yellow,teeth appear yellow,symptom,2,2,0,1,1
painless,painless,symptom,118,136,3,0.239896,1656
facial paralysis,facial paralysis,symptom,191,256,2,0.288564,5236
ibular gl,ibular gl,symptom,32,38,7,0.461694,229
respiratory alkalosis,respiratory alkalosis,symptom,48,55,1,0.536348,605
irregular breathing,irregular breathing,symptom,137,231,2,0.377737,3519
sudden cardiac dysfunction,sudden cardiac dysfunction,symptom,11,11,1,1,55
metabolic acidosis,metabolic acidosis,symptom,211,384,1,0.267253,5921
sighing respiration,sighing respiration,symptom,37,43,1,0.674174,449
double vision,double vision,symptom,52,64,6,0.45098,598
distracted,distracted,symptom,3,3,7,1,3
productive cough,productive cough,symptom,134,262,1,0.41589,3706
intermittent fever,intermittent fever,symptom,54,64,7,0.520615,745
detection of plasmodium in blood bone marrow or sputum smears,detection of plasmodium in blood bone marrow or sputum smears,symptom,23,24,7,0.612648,155
increased pulmonary water content,increased pulmonary water content,symptom,124,179,1,0.378967,2890
sweating as symptoms recede,sweating as symptoms recede,symptom,12,12,1,1,66
alternation of cold,alternation of cold,symptom,12,12,1,1,66
general malaise,general malaise,symptom,384,1056,7,0.226556,16660
increased vaginal discharge,increased vaginal discharge,symptom,247,484,4,0.160265,4869
during pregnancy,during pregnancy,symptom,67,72,4,0.254636,563
postpartum hemorrhage,postpartum hemorrhage,symptom,84,106,7,0.318417,1110
women may experience heart pain,women may experience heart pain,symptom,4,4,3,1,6
qi stagnation,qi stagnation,symptom,64,66,3,0.374008,754
dehydration,dehydration,symptom,356,877,7,0.188052,11883
accumulation of water,accumulation of water,symptom,29,30,1,0.704433,286
sodium,sodium,symptom,45,51,2,0.677778,671
fluid imbalance,fluid imbalance,symptom,16,16,1,0.575,69
refusal to eat,refusal to eat,symptom,86,117,1,0.553215,2022
abscess,abscess,symptom,408,836,7,0.168064,13954
cold nodules,cold nodules,symptom,14,15,3,0.648352,59
nocturia,nocturia,symptom,159,257,4,0.265425,3334
polydipsia,polydipsia,symptom,202,394,4,0.268312,5447
calcification,calcification,symptom,89,97,1,0.335291,1313
ataxia,ataxia,symptom,460,1069,2,0.139452,14722
hypercoagulable state,hypercoagulable state,symptom,37,38,4,0.602102,401
isosthenuria,isosthenuria,symptom,12,12,4,1,66
hyponatremia,hyponatremia,symptom,126,183,7,0.324063,2552
abnormal gait,abnormal gait,symptom,210,308,2,0.188152,4129
urinary incontinence,urinary incontinence,symptom,307,558,4,0.191565,8998
enuresis,enuresis,symptom,107,160,4,0.346323,1964
poor development,poor development,symptom,39,40,1,0.51417,381
neuropathy,neuropathy,symptom,56,61,2,0.503247,775
sensory abnormalities,sensory abnormalities,symptom,49,53,2,0.465986,548
loss of tendon reflexes,loss of tendon reflexes,symptom,117,145,2,0.369584,2508
hyperhidrosis,hyperhidrosis,symptom,248,416,1,0.253036,7750
etc,etc,symptom,256,330,9,0.171324,5592
hunchback,hunchback,symptom,15,16,0,0.561905,59
spinal rigidity,spinal rigidity,symptom,31,35,0,0.572043,266
neck stiffness,neck stiffness,symptom,515,1027,0,0.124529,16482
neck,neck,symptom,268,392,0,0.152049,5440
drooping shoulders,drooping shoulders,symptom,115,139,0,0.203509,1334
narrowed visual field,narrowed visual field,symptom,120,156,6,0.229272,1637
flat,flat,symptom,39,39,0,0.245614,182
protruding shoulder blades,protruding shoulder blades,symptom,7,7,0,1,21
pain in the ears,pain in the ears,symptom,115,140,0,0.344012,2255
sudden pain,sudden pain,symptom,110,130,7,0.302085,1811
hearing loss,hearing loss,symptom,366,652,2,0.140025,9353
skin erythema,skin erythema,symptom,201,301,3,0.264776,5322
epilepsy,epilepsy,symptom,224,387,2,0.242112,6047
bone fever,bone fever,symptom,7,7,0,1,21
fecal vomiting,fecal vomiting,symptom,23,37,7,0.640316,162
neurogenic vomiting,neurogenic vomiting,symptom,10,10,7,1,45
distorted vision,distorted vision,symptom,61,98,6,0.310929,569
minification of objects,minification of objects,symptom,16,20,6,0.75,90
visual field defects,visual field defects,symptom,253,444,6,0.185896,5926
retinal detachment,retinal detachment,symptom,69,120,6,0.393436,923
depigmentation,depigmentation,symptom,63,79,3,0.258577,505
scotoma,scotoma,symptom,54,65,6,0.313767,449
changes in refractive status,changes in refractive status,symptom,10,10,6,1,45
chest oppression,chest oppression,symptom,119,174,1,0.40094,2815
radiating pain,radiating pain,symptom,116,156,0,0.28021,1869
red tongue,red tongue,symptom,80,112,9,0.399051,1261
lower abdominal distension,lower abdominal distension,symptom,98,124,7,0.275405,1309
motor dysfunction,motor dysfunction,symptom,226,325,2,0.23233,5907
enlarged thyroid,enlarged thyroid,symptom,39,49,7,0.689609,511
insomnia,insomnia,symptom,483,1159,2,0.14839,17273
abnormal appetite,abnormal appetite,symptom,278,541,7,0.233904,9006
feeding difficulties,feeding difficulties,symptom,129,205,2,0.408188,3370
abnormal physique,abnormal physique,symptom,46,46,0,0.470531,487
skin of metallic color or slate grey,skin of metallic color or slate grey,symptom,29,30,1,0.746305,303
arthralgia,arthralgia,symptom,187,359,7,0.324076,5636
precocious puberty,precocious puberty,symptom,124,168,2,0.245345,1871
cerebral dysfunction,cerebral dysfunction,symptom,39,45,2,0.492578,365
reduced intelligence,reduced intelligence,symptom,92,116,2,0.354993,1486
hematospermia,hematospermia,symptom,38,49,4,0.433855,305
decreased sexual desire,decreased sexual desire,symptom,5,5,4,1,10
single or multiple,single or multiple,symptom,65,70,0,0.231731,482
not adherent to the skin,not adherent to the skin,symptom,54,61,3,0.21174,303
leading to ulceration,leading to ulceration,symptom,20,20,0,0.436842,83
granulation,granulation,symptom,21,21,0,0.490476,103
clean surface,clean surface,symptom,8,8,3,1,28
clear boundaries,clear boundaries,symptom,114,135,3,0.108834,701
lower back,lower back,symptom,60,64,0,0.442938,784
leg pain,leg pain,symptom,79,96,0,0.400519,1234
muscle swelling,muscle swelling,symptom,25,26,0,0.526667,158
tumors vary in size,tumors vary in size,symptom,3,3,8,1,3
round,round,symptom,11,12,8,0.345455,19
solid in texture,solid in texture,symptom,3,3,8,1,3
a complete capsule,a complete capsule,symptom,9,9,8,0.5,18
nasal congestion,nasal congestion,symptom,275,717,7,0.223225,8410
myalgia,myalgia,symptom,289,814,7,0.274486,11423
lung infection,lung infection,symptom,204,342,1,0.333237,6900
frozen shoulder,frozen shoulder,symptom,11,11,0,0.6,33
painful arc sign,painful arc sign,symptom,5,5,0,1,10
shoulder pain,shoulder pain,symptom,199,318,0,0.21608,4257
limited mobility,limited mobility,symptom,152,265,0,0.159289,1828
muscle contractions,muscle contractions,symptom,11,12,2,0.854545,47
spasms,spasms,symptom,84,98,0,0.365749,1275
carpopedal spasms,carpopedal spasms,symptom,27,31,2,0.638177,224
unsteady gait,unsteady gait,symptom,221,376,2,0.244426,5942
joint effusion,joint effusion,symptom,62,85,0,0.283448,536
fingers,fingers,symptom,180,249,3,0.287027,4624
heating,heating,symptom,16,16,0,0.45,54
pain in the costal cartilage area,pain in the costal cartilage area,symptom,35,35,0,0.381513,227
crusts,crusts,symptom,101,150,3,0.293069,1480
skin pigmentation,skin pigmentation,symptom,76,77,2,0.33614,958
throat pain,throat pain,symptom,83,124,7,0.445489,1516
sensation of throat blockage,sensation of throat blockage,symptom,28,30,0,0.42328,160
spasms in the throat,spasms in the throat,symptom,12,12,2,0.681818,45
purpura,purpura,symptom,376,908,7,0.185064,13047
intravascular coagulation,intravascular coagulation,symptom,28,33,4,0.716931,271
vitreous hemorrhage,vitreous hemorrhage,symptom,27,33,6,0.361823,127
mucosal petechiae,mucosal petechiae,symptom,27,28,7,0.584046,205
foot gangrene,foot gangrene,symptom,27,30,4,0.632479,222
lymphadenopathy,lymphadenopathy,symptom,519,1374,7,0.150959,20292
mucosal hyperemia,mucosal hyperemia,symptom,19,19,3,1,171
visual disturbances,visual disturbances,symptom,164,272,2,0.334206,4467
hemiparesis,hemiparesis,symptom,132,207,2,0.34941,3021
diplopia,diplopia,symptom,426,988,2,0.162784,14736
dysphagia,dysphagia,symptom,479,1137,8,0.14695,16823
recurrent bleeding,recurrent bleeding,symptom,62,71,7,0.375463,710
fatigue in pregnant women,fatigue in pregnant women,symptom,31,35,7,0.713978,332
dizziness in pregnant women,dizziness in pregnant women,symptom,5,5,1,1,10
chest distress,chest distress,symptom,19,23,1,0.707602,121
obesity,obesity,symptom,157,249,2,0.231178,2831
polycystic ovary syndrome,polycystic ovary syndrome,symptom,2,2,1,1,1
nail blanching,nail blanching,symptom,27,27,3,1,351
slow color recovery upon light pressure,slow color recovery upon light pressure,symptom,27,27,3,1,351
slight redness of fingertips,slight redness of fingertips,symptom,32,32,3,0.739919,367
indented nails,indented nails,symptom,27,27,3,1,351
flat nails,flat nails,symptom,35,35,3,0.645378,384
nail embedding into the flesh,nail embedding into the flesh,symptom,27,27,3,1,351
formation of small grains on nails,formation of small grains on nails,symptom,27,27,3,1,351
pink coloration of the lunula on the ring finger,pink coloration of the lunula on the ring finger,symptom,35,35,3,0.616807,367
white nails,white nails,symptom,27,27,3,1,351
frostbite on nails,frostbite on nails,symptom,27,27,3,1,351
trauma,trauma,symptom,68,68,3,0.257243,586
nails turning purplish-blue,nails turning purplish-blue,symptom,27,27,3,1,351
brittle nails,brittle nails,symptom,91,104,3,0.243223,996
multiple cracks,multiple cracks,symptom,27,27,3,1,351
shriveled nails,shriveled nails,symptom,27,27,3,1,351
daytime sleepiness,daytime sleepiness,symptom,34,49,2,0.541889,304
snoring,snoring,symptom,98,141,2,0.313907,1492
apnea,apnea,symptom,113,161,2,0.349874,2214
osler nodes on fingertips,osler nodes on fingertips,symptom,43,48,7,0.707641,639
hypocomplementemia,hypocomplementemia,symptom,36,46,7,0.601587,379
micro-inflammatory state,micro-inflammatory state,symptom,18,18,7,1,153
changes in vascular pulsation or waveform,changes in vascular pulsation or waveform,symptom,49,52,3,0.34949,411
obvious indentation when pressing on areas,obvious indentation when pressing on areas,symptom,4,4,0,1,6
subcutaneous tissues,subcutaneous tissues,symptom,6,6,0,0.6,9
sudden onset,sudden onset,symptom,50,61,7,0.442449,542
delusions,delusions,symptom,93,132,2,0.339878,1454
speech disorder,speech disorder,symptom,202,296,2,0.277474,5633
depression,depression,symptom,380,799,2,0.161297,11615
rapid alleviation upon the onset or end of menstruation,rapid alleviation upon the onset or end of menstruation,symptom,6,6,2,1,15
tenesmus,tenesmus,symptom,147,323,7,0.344702,3699
swollen breast,swollen breast,symptom,19,22,0,0.97076,166
enlarged lymph nodes,enlarged lymph nodes,symptom,189,309,0,0.276652,4915
gait disturbance,gait disturbance,symptom,8,8,2,1,28
swaying to the sides,swaying to the sides,symptom,8,8,2,1,28
prone to falling,prone to falling,symptom,60,68,2,0.331073,586
knee,knee,symptom,18,18,2,0.424837,65
ankle reflexes,ankle reflexes,symptom,8,8,2,1,28
desquamation,desquamation,symptom,231,376,3,0.206136,5476
ecchymosis,ecchymosis,symptom,134,215,7,0.348334,3104
imprecise speech,imprecise speech,symptom,1,1,8,0,0
slow swallowing of food,slow swallowing of food,symptom,21,21,8,0.638095,134
infertility,infertility,symptom,232,356,4,0.130393,3494
male sexual dysfunction,male sexual dysfunction,symptom,166,200,4,0.201533,2760
sensation of tightness,sensation of tightness,symptom,54,58,2,0.599581,858
pressure in the head,pressure in the head,symptom,33,39,2,0.479167,253
chickenpox-like rash,chickenpox-like rash,symptom,12,12,7,1,66
diffuse erythema,diffuse erythema,symptom,61,74,3,0.447541,819
'fan-shaped' osteolytic damage of the jawbone,'fan-shaped' osteolytic damage of the jawbone,symptom,12,12,7,1,66
delayed sexual development,delayed sexual development,symptom,128,157,2,0.273745,2225
heart murmur,heart murmur,symptom,74,126,1,0.55498,1499
miscarriage,miscarriage,symptom,93,123,4,0.402291,1721
premature birth,premature birth,symptom,40,48,4,0.644872,503
stillbirth,stillbirth,symptom,53,65,4,0.295356,407
neonatal death,neonatal death,symptom,3,5,4,1,3
increased somatic complaints,increased somatic complaints,symptom,14,14,2,1,91
phantom tastes,phantom tastes,symptom,33,35,2,0.469697,248
positive sucking reflex,positive sucking reflex,symptom,20,20,2,0.568421,108
hypertrichosis,hypertrichosis,symptom,61,61,4,0.302186,553
neurological dysfunction,neurological dysfunction,symptom,25,25,2,0.496667,149
ankle clonus,ankle clonus,symptom,44,46,2,0.341438,323
increased muscle tone in the limbs,increased muscle tone in the limbs,symptom,69,80,2,0.45098,1058
reduced piloerection,reduced piloerection,symptom,37,38,2,0.623123,415
heightened gag reflex,heightened gag reflex,symptom,19,19,2,0.619883,106
legs,legs,symptom,13,14,0,0.410256,32
dental pain,dental pain,symptom,15,15,0,0.590476,62
ribs,ribs,symptom,28,28,0,0.383598,145
limb deformities,limb deformities,symptom,137,163,0,0.232611,2167
asphyxia,asphyxia,symptom,108,129,2,0.432676,2500
incontinence of urine,incontinence of urine,symptom,91,117,2,0.49304,2019
feces,feces,symptom,164,223,2,0.281012,3756
confusion,confusion,symptom,335,761,2,0.23684,13250
hepatic pain,hepatic pain,symptom,61,92,7,0.591803,1083
corneal opacity,corneal opacity,symptom,175,277,6,0.160197,2439
leukoma,leukoma,symptom,5,6,6,0.7,7
eruptive xanthomas,eruptive xanthomas,symptom,13,14,7,0.538462,42
splenomegaly,splenomegaly,symptom,662,2109,7,0.117057,25611
hyperuricemia,hyperuricemia,symptom,66,76,7,0.415851,892
hypoglycemia,hypoglycemia,symptom,176,254,2,0.289156,4453
carotenemia,carotenemia,symptom,27,34,3,0.689459,242
dementia,dementia,symptom,314,666,2,0.203048,9978
psychiatric disorders,psychiatric disorders,symptom,126,181,2,0.302857,2385
increased intracranial pressure,increased intracranial pressure,symptom,288,671,2,0.205648,8499
catatonia,catatonia,symptom,49,69,2,0.551871,649
lack of coordination in limbs,lack of coordination in limbs,symptom,20,20,2,0.652632,124
urgency,urgency,symptom,356,971,4,0.139452,8812
dysuria,dysuria,symptom,210,473,4,0.240966,5288
urinary frequency,urinary frequency,symptom,300,686,4,0.162676,7296
trunk,trunk,symptom,134,154,3,0.244193,2176
yellow stool,yellow stool,symptom,29,30,7,0.694581,282
non-yellow urine,non-yellow urine,symptom,17,17,7,1,136
generally asymptomatic,generally asymptomatic,symptom,78,80,0,0.212454,638
subsides after 1 to 2 weeks),subsides after 1 to 2 weeks),symptom,17,17,7,1,136
intensifying,intensifying,symptom,17,17,7,1,136
refusing milk,refusing milk,symptom,17,17,7,1,136
persists for more than 2 weeks,persists for more than 2 weeks,symptom,25,26,0,0.593333,178
may be,may be,symptom,106,115,2,0.333872,1858
traumatic bleeding,traumatic bleeding,symptom,2,2,3,1,1
toes,toes,symptom,170,224,3,0.216847,3115
grip,grip,symptom,29,32,2,0.692118,281
swelling sensation in h,swelling sensation in h,symptom,10,10,6,0.6,27
rib pain,rib pain,symptom,64,77,0,0.352679,711
amblyopia,amblyopia,symptom,19,23,6,0.450292,77
anisometropic amblyopia,anisometropic amblyopia,symptom,16,23,6,0.625,75
astigmatism,astigmatism,symptom,43,60,6,0.367663,332
retinal hemorrhage,retinal hemorrhage,symptom,147,226,6,0.304352,3266
orbital pain,orbital pain,symptom,79,101,6,0.345342,1064
keratoconjunctivitis sicca,keratoconjunctivitis sicca,symptom,65,71,6,0.449038,934
keratitis,keratitis,symptom,123,178,6,0.327469,2457
appearance of a lump in the groin area or scrotum,appearance of a lump in the groin area or scrotum,symptom,5,5,0,0.5,5
abdominal pain may occur,abdominal pain may occur,symptom,9,9,7,0.777778,28
anuria,anuria,symptom,124,240,4,0.402439,3069
cleft lip,cleft lip,symptom,50,55,0,0.294694,361
polydactyly,polydactyly,symptom,35,35,2,0.284034,169
syndactyly,syndactyly,symptom,33,37,2,0.376894,199
cranioschisis,cranioschisis,symptom,11,11,2,1,55
plagiocephaly,plagiocephaly,symptom,26,30,2,0.436923,142
dolichocephaly,dolichocephaly,symptom,24,27,2,0.474638,131
vascular malformations,vascular malformations,symptom,95,107,2,0.270997,1210
rectal,rectal,symptom,69,86,7,0.275789,647
cerebellar malformations,cerebellar malformations,symptom,22,22,2,0.506494,117
brachycephaly,brachycephaly,symptom,75,86,2,0.257658,715
eyelid redness,eyelid redness,symptom,48,91,6,0.386525,436
history of trauma,history of trauma,symptom,41,54,0,0.281707,231
limited flexion,limited flexion,symptom,49,72,0,0.290816,342
extension,extension,symptom,87,110,0,0.203956,763
limited forearm rotation,limited forearm rotation,symptom,19,20,0,0.467836,80
upper limb,upper limb,symptom,45,52,1,0.394949,391
slow reflexes,slow reflexes,symptom,4,4,2,1,6
mutism,mutism,symptom,80,91,2,0.34462,1089
optic atrophy,optic atrophy,symptom,172,259,6,0.270638,3980
lipid metabolism disorder,lipid metabolism disorder,symptom,61,73,1,0.39235,718
cachexia,cachexia,symptom,255,528,7,0.264907,8579
hemianopia,hemianopia,symptom,169,311,2,0.252818,3589
concentric narrowing of the visual field,concentric narrowing of the visual field,symptom,38,51,6,0.415363,292
history of skin infection,history of skin infection,symptom,4,4,1,1,6
soft tissue infection,soft tissue infection,symptom,67,89,7,0.552691,1222
swelling of the eyelids,swelling of the eyelids,symptom,30,33,6,0.445977,194
soreness,soreness,symptom,173,258,0,0.200094,2977
hyperkalemia,hyperkalemia,symptom,107,169,1,0.427791,2426
memory disorders,memory disorders,symptom,64,85,2,0.424603,856
abstract thinking,abstract thinking,symptom,3,3,2,1,3
disorientation,disorientation,symptom,208,347,2,0.26872,5785
activity,activity,symptom,20,23,0,0.284211,54
cyanotic to erythematous skin,cyanotic to erythematous skin,symptom,20,20,8,0.578947,110
swelling of extremities,swelling of extremities,symptom,15,15,8,0.72381,76
skin thickening,skin thickening,symptom,104,121,3,0.260082,1393
disappearance of creases on fingers,disappearance of creases on fingers,symptom,12,12,8,1,66
limited joint function,limited joint function,symptom,44,44,0,0.438689,415
heavy menstrual bleeding,heavy menstrual bleeding,symptom,99,164,7,0.309627,1502
dysmenorrhea,dysmenorrhea,symptom,79,110,4,0.28692,884
sudden fainting,sudden fainting,symptom,37,40,2,0.794294,529
cold limbs,cold limbs,symptom,219,324,1,0.241506,5765
thready pulse close to extinction,thready pulse close to extinction,symptom,32,35,1,0.816532,405
altered mental status,altered mental status,symptom,38,53,6,0.640114,450
bacterial infection,bacterial infection,symptom,124,162,3,0.276292,2107
persistent infections,persistent infections,symptom,11,11,3,1,55
multiple opportunistic infections,multiple opportunistic infections,symptom,11,11,3,1,55
skin lesions,skin lesions,symptom,262,386,3,0.165307,5652
eczema,eczema,symptom,264,472,3,0.182193,6325
along,along,symptom,73,76,0,0.234399,616
decreased pain in supine,decreased pain in supine,symptom,9,9,0,0.583333,21
sitting positions,sitting positions,symptom,5,5,0,1,10
increased pain,increased pain,symptom,52,59,0,0.205882,273
pain behind the sternum,pain behind the sternum,symptom,84,137,8,0.485083,1691
regurgitation,regurgitation,symptom,43,55,7,0.610188,551
burning pain,burning pain,symptom,75,101,7,0.484324,1344
which may be,which may be,symptom,36,40,7,0.647619,408
neck areas,neck areas,symptom,22,22,7,0.722944,167
intense itching,intense itching,symptom,77,92,3,0.321258,940
sphincter dysfunction,sphincter dysfunction,symptom,55,69,2,0.449832,668
ligament ossification,ligament ossification,symptom,12,12,2,0.515152,34
radiating pain in the lower limbs,radiating pain in the lower limbs,symptom,45,51,2,0.338384,335
feeling of walking on cotton,feeling of walking on cotton,symptom,50,55,2,0.479184,587
sepsis,sepsis,symptom,226,396,7,0.260256,6617
empyema,empyema,symptom,65,90,1,0.6,1248
bacterial endocarditis,bacterial endocarditis,symptom,75,82,3,0.643964,1787
cysts,cysts,symptom,279,402,3,0.193806,7516
pain of a burning character,pain of a burning character,symptom,2,2,9,1,1
widespread,widespread,symptom,197,262,3,0.253704,4898
of long duration,of long duration,symptom,12,12,9,0.560606,37
vulvar itching,vulvar itching,symptom,180,297,4,0.204593,3296
pain during sex,pain during sex,symptom,12,12,4,1,66
vulvar pain,vulvar pain,symptom,85,147,4,0.316807,1131
anal stenosis,anal stenosis,symptom,40,49,7,0.496154,387
purulent discharge,purulent discharge,symptom,145,231,0,0.259866,2713
pelvic pain,pelvic pain,symptom,62,71,4,0.308302,583
abnormal pigmentation,abnormal pigmentation,symptom,126,161,3,0.312127,2458
worsening,worsening,symptom,103,123,0,0.245574,1290
difficulty urinating,difficulty urinating,symptom,378,786,4,0.144218,10276
difficulty in defecation,difficulty in defecation,symptom,280,469,7,0.15256,5959
suprapubic spasmodic pain,suprapubic spasmodic pain,symptom,28,32,4,0.648148,245
distension pain,distension pain,symptom,93,111,7,0.423095,1810
pain during urination,pain during urination,symptom,152,266,4,0.261067,2996
urticaria,urticaria,symptom,188,349,3,0.305325,5367
hiccups,hiccups,symptom,82,113,7,0.546522,1815
heartburn,heartburn,symptom,90,178,7,0.40824,1635
bleeding from the ear,bleeding from the ear,symptom,40,45,0,0.511538,399
hot,hot,symptom,85,92,3,0.327171,1168
bad breath,bad breath,symptom,71,89,9,0.268008,666
warty lesions,warty lesions,symptom,4,4,3,0.333333,2
herpes,herpes,symptom,160,251,3,0.308333,3922
elevated mood,elevated mood,symptom,29,34,2,0.450739,183
decreased activity,decreased activity,symptom,58,60,7,0.364186,602
aggression towards others,aggression towards others,symptom,37,38,4,0.527027,351
destructiveness towards objects,destructiveness towards objects,symptom,3,3,4,1,3
localized intermittent pain,localized intermittent pain,symptom,29,30,0,0.418719,170
eccentric swelling,eccentric swelling,symptom,3,3,0,1,3
biliary colic,biliary colic,symptom,72,124,7,0.516041,1319
gallstones,gallstones,symptom,45,56,7,0.510101,505
hypoxemia,hypoxemia,symptom,105,157,1,0.442491,2416
loose skin,loose skin,symptom,42,42,0,0.363531,313
wrinkled,wrinkled,symptom,65,67,3,0.461058,959
breast sagging,breast sagging,symptom,20,22,4,0.452632,86
accumulation of abdominal fat,accumulation of abdominal fat,symptom,11,11,7,0.509091,28
spasmodic torticollis,spasmodic torticollis,symptom,77,82,2,0.258715,757
twisting movements,twisting movements,symptom,64,69,2,0.264385,533
writer's cramp,writer's cramp,symptom,7,7,2,1,21
poisoning,poisoning,symptom,25,26,2,0.61,183
upper gastrointestinal bleeding,upper gastrointestinal bleeding,symptom,290,641,7,0.222981,9344
decreased appetite,decreased appetite,symptom,321,748,7,0.224299,11520
subjective pain,subjective pain,symptom,8,8,3,0.5,14
tongue pain,tongue pain,symptom,72,81,3,0.421753,1078
yellow greasy pulse,yellow greasy pulse,symptom,3,3,3,1,3
mucosal lesions,mucosal lesions,symptom,50,60,3,0.502041,615
lumbar,lumbar,symptom,30,33,4,0.466667,203
keratinization,keratinization,symptom,54,68,3,0.262055,375
persistent pain,persistent pain,symptom,191,280,7,0.221879,4026
refusal to be touched,refusal to be touched,symptom,7,7,2,1,21
unclear fetal position upon palpation,unclear fetal position upon palpation,symptom,12,12,3,0.515152,34
unclear fetal heart sounds,unclear fetal heart sounds,symptom,7,7,2,1,21
cases may present,cases may present,symptom,121,134,0,0.25978,1886
a pathological retraction ring,a pathological retraction ring,symptom,7,7,2,1,21
rectal bleeding,rectal bleeding,symptom,120,188,7,0.344258,2458
mucous stools,mucous stools,symptom,78,155,7,0.535798,1609
osseous head mass,osseous head mass,symptom,13,13,6,0.525641,41
intermittent hidden pain or dull pain,intermittent hidden pain or dull pain,symptom,19,23,7,0.707602,121
cramping pain,cramping pain,symptom,23,26,7,0.916996,232
hematemesis,hematemesis,symptom,237,616,7,0.282522,7901
haggard,haggard,symptom,3,3,7,1,3
prematurely aged appearance,prematurely aged appearance,symptom,14,14,2,0.758242,69
malnutrition,malnutrition,symptom,391,761,7,0.173703,13244
presence of foreign body in the anal region,presence of foreign body in the anal region,symptom,5,5,0,0.7,7
continual fever,continual fever,symptom,6,6,7,1,15
commonly seen on the back of the h,commonly seen on the back of the h,symptom,33,38,3,0.454545,240
extensor sides of the limbs,extensor sides of the limbs,symptom,31,38,3,0.556989,259
crusting,crusting,symptom,165,280,3,0.222616,3012
subjective itching,subjective itching,symptom,25,29,3,0.546667,164
unsteady holding of objects,unsteady holding of objects,symptom,6,6,2,1,15
locating signs,locating signs,symptom,24,24,2,0.728261,201
articulatory dyspraxia,articulatory dyspraxia,symptom,6,6,2,1,15
balance dysfunction,balance dysfunction,symptom,53,62,2,0.45791,631
forced head position,forced head position,symptom,60,79,2,0.40226,712
clubbing,clubbing,symptom,168,349,1,0.281295,3946
panic,panic,symptom,137,229,1,0.325676,3034
chronic atrial fibrillation,chronic atrial fibrillation,symptom,49,68,1,0.591837,696
bending,bending,symptom,70,74,9,0.227743,550
feet,feet,symptom,438,645,2,0.14709,14077
delayed walking,delayed walking,symptom,6,6,2,1,15
delayed speech development,delayed speech development,symptom,50,54,2,0.326531,400
chronic renal insufficiency,chronic renal insufficiency,symptom,32,43,4,0.495968,246
urinary tract infection,urinary tract infection,symptom,81,99,4,0.38642,1252
bladder irritation,bladder irritation,symptom,80,123,4,0.488608,1544
glomerulosclerosis,glomerulosclerosis,symptom,9,9,4,0.777778,28
nasal obstruction,nasal obstruction,symptom,113,166,7,0.311473,1971
poor ventilation,poor ventilation,symptom,6,6,7,1,15
rhinorrhea,rhinorrhea,symptom,142,259,7,0.347917,3483
foul smell,foul smell,symptom,39,44,7,0.445344,330
ulceration of nasal mucosa,ulceration of nasal mucosa,symptom,24,26,7,0.605072,167
lesions are localized,lesions are localized,symptom,10,10,3,1,45
scattered,scattered,symptom,42,47,3,0.293844,253
sometimes,sometimes,symptom,145,164,0,0.219636,2293
out vellus hair,out vellus hair,symptom,10,10,3,1,45
2-3 mm in diameter,2-3 mm in diameter,symptom,10,10,3,1,45
presenting in yellow or pale yellow,presenting in yellow or pale yellow,symptom,14,14,3,0.593407,54
out subjective symptoms,out subjective symptoms,symptom,49,49,3,0.27381,322
itchiness,itchiness,symptom,60,68,3,0.283616,502
decreased muscle tone,decreased muscle tone,symptom,307,512,2,0.195418,9179
intellectual decline,intellectual decline,symptom,99,109,2,0.397032,1926
involuntary movements,involuntary movements,symptom,180,233,2,0.203042,3271
sluggish response,sluggish response,symptom,111,132,2,0.394595,2409
abnormal pupil,abnormal pupil,symptom,130,171,6,0.292308,2451
cheeks,cheeks,symptom,83,94,3,0.257714,877
hypercapnia,hypercapnia,symptom,17,18,1,0.772059,105
cerebral hypoxia,cerebral hypoxia,symptom,57,68,1,0.578947,924
motor function impairment,motor function impairment,symptom,39,44,2,0.376518,279
spinal cord compression,spinal cord compression,symptom,136,185,0,0.302614,2778
early stages are often characterized by fatigue,early stages are often characterized by fatigue,symptom,21,21,0,1,210
crepitus,crepitus,symptom,127,173,0,0.250969,2008
pain. in later stages,pain. in later stages,symptom,21,21,0,1,210
there is noticeable thickening,there is noticeable thickening,symptom,21,21,0,1,210
wrists,wrists,symptom,76,96,0,0.338246,964
elbows,elbows,symptom,25,29,0,0.74,222
knees,knees,symptom,220,310,0,0.183396,4418
enlarged features,enlarged features,symptom,21,21,0,1,210
hypopigmentation,hypopigmentation,symptom,74,95,3,0.368012,994
pathological rem sleep,pathological rem sleep,symptom,33,38,2,0.537879,284
sleep arousal response,sleep arousal response,symptom,21,21,6,0.538095,113
frequent tossing,frequent tossing,symptom,14,14,2,1,91
turning during sleep,turning during sleep,symptom,14,14,2,1,91
head shaking,head shaking,symptom,88,94,9,0.272989,1045
mucous secretions,mucous secretions,symptom,23,27,3,0.44664,113
eyelid spasm,eyelid spasm,symptom,69,111,6,0.346547,813
odynophagia,odynophagia,symptom,64,110,8,0.549107,1107
retrosternal pain,retrosternal pain,symptom,134,298,8,0.369768,3295
upper abdominal discomfort,upper abdominal discomfort,symptom,206,378,7,0.239072,5048
melena,melena,symptom,272,695,7,0.243108,8960
esophagus,esophagus,symptom,42,71,8,0.598142,515
esophageal lumen obstruction,esophageal lumen obstruction,symptom,63,98,8,0.457757,894
esophageal ulcer,esophageal ulcer,symptom,45,58,8,0.576768,571
skin metastasis,skin metastasis,symptom,45,49,7,0.516162,511
vertigo exacerbated by movement,vertigo exacerbated by movement,symptom,9,9,2,1,36
spinning vision,spinning vision,symptom,16,18,2,0.85,102
a sense of fullness in the ears,a sense of fullness in the ears,symptom,21,24,2,0.661905,139
decreased hearing,decreased hearing,symptom,145,210,2,0.336015,3508
increased head size (in children),increased head size (in children),symptom,25,25,2,1,300
changes in vision,changes in vision,symptom,148,228,6,0.29647,3225
increased subcutaneous fat,increased subcutaneous fat,symptom,20,23,1,0.594737,113
polyphagia,polyphagia,symptom,81,127,4,0.359877,1166
flat feet,flat feet,symptom,38,39,0,0.42532,299
erythrocytosis,erythrocytosis,symptom,42,43,2,0.406504,350
cardiac enlargement,cardiac enlargement,symptom,118,193,1,0.356801,2463
fixed pupils,fixed pupils,symptom,40,56,2,0.732051,571
hip pain,hip pain,symptom,24,30,0,0.384058,106
limb weakness,limb weakness,symptom,306,495,2,0.215665,10064
eye fatigue,eye fatigue,symptom,169,229,6,0.210552,2989
body swaying while walking,body swaying while walking,symptom,16,16,0,0.633333,76
limping,limping,symptom,76,97,0,0.236491,674
when st,when st,symptom,16,20,0,0.566667,68
subcutaneous emphysema,subcutaneous emphysema,symptom,40,60,1,0.637179,497
distended jugular veins,distended jugular veins,symptom,41,51,1,0.703659,577
prominent history of abdominal trauma,prominent history of abdominal trauma,symptom,6,6,7,0.6,9
pain in the left hypochondrium,pain in the left hypochondrium,symptom,21,22,7,0.628571,132
ible,ible,symptom,73,74,3,0.519026,1364
foul-smelling,foul-smelling,symptom,59,63,0,0.419638,718
bronchospasm,bronchospasm,symptom,34,35,1,0.575758,323
crust formation,crust formation,symptom,55,63,3,0.382492,568
spider angiomas,spider angiomas,symptom,88,158,7,0.413009,1581
bulbous distal extremities,bulbous distal extremities,symptom,13,13,0,1,78
thickening of the skin over the h,thickening of the skin over the h,symptom,67,69,3,0.625057,1382
coarse facial features,coarse facial features,symptom,49,54,0,0.383503,451
enlarged nasal tip,enlarged nasal tip,symptom,34,36,0,0.579323,325
leonine facies,leonine facies,symptom,29,29,3,0.623153,253
deafness,deafness,symptom,284,434,2,0.198651,7983
hydronephrosis,hydronephrosis,symptom,42,48,7,0.551684,475
ventricular septal defect,ventricular septal defect,symptom,37,41,1,0.42042,280
clitoromegaly,clitoromegaly,symptom,72,83,4,0.28482,728
cryptorchidism,cryptorchidism,symptom,91,114,4,0.144078,590
neck mass,neck mass,symptom,31,36,1,0.432258,201
which can move,which can move,symptom,11,11,1,1,55
compresses the trachea,compresses the trachea,symptom,11,11,1,1,55
menstrual abnormalities,menstrual abnormalities,symptom,12,12,4,0.833333,55
acne,acne,symptom,97,122,3,0.213273,993
frigidity,frigidity,symptom,11,11,4,1,55
hirsutism),hirsutism),symptom,11,11,4,1,55
anejaculation,anejaculation,symptom,15,16,4,0.619048,65
retrograde ejaculation,retrograde ejaculation,symptom,12,13,4,0.878788,58
underdeveloped genitalia),underdeveloped genitalia),symptom,25,27,3,0.463333,139
airway hyperresponsiveness,airway hyperresponsiveness,symptom,10,10,1,1,45
breathlessness,breathlessness,symptom,84,106,1,0.468158,1632
exercise-induced asthma,exercise-induced asthma,symptom,24,29,1,0.76087,210
emotion-induced asthma,emotion-induced asthma,symptom,10,10,1,1,45
paradoxical pulse,paradoxical pulse,symptom,24,27,1,0.561594,155
shrugging,shrugging,symptom,36,36,2,0.54127,341
varicocele,varicocele,symptom,36,37,4,0.461905,291
lack of attention,lack of attention,symptom,13,13,9,1,78
inability to concentrate,inability to concentrate,symptom,35,39,2,0.388235,231
learning difficulties,learning difficulties,symptom,57,67,2,0.269424,430
fluctuation,fluctuation,symptom,57,60,9,0.286341,457
children's tic disorder,children's tic disorder,symptom,37,38,9,0.581081,387
slow movement,slow movement,symptom,91,100,2,0.348962,1429
bradykinesia,bradykinesia,symptom,44,49,2,0.270613,256
constant blinking,constant blinking,symptom,111,120,9,0.213432,1303
pelvic mass,pelvic mass,symptom,92,153,4,0.339226,1420
arteriovenous shunting,arteriovenous shunting,symptom,23,24,6,0.592885,150
increased nuclear fission figures,increased nuclear fission figures,symptom,11,11,1,1,55
reduced visual field,reduced visual field,symptom,14,14,6,0.67033,61
brown urine,brown urine,symptom,34,38,7,0.540107,303
scabbing,scabbing,symptom,77,84,3,0.592618,1734
skin allergies induced by sunlight exposure,skin allergies induced by sunlight exposure,symptom,8,8,3,0.928571,26
gallbladder wall fibrosis,gallbladder wall fibrosis,symptom,27,33,7,0.555556,195
elevated serum alpha-fetoprotein,elevated serum alpha-fetoprotein,symptom,56,64,7,0.477273,735
right upper quadrant pain,right upper quadrant pain,symptom,124,196,7,0.387752,2957
gallbladder enlargement,gallbladder enlargement,symptom,57,76,7,0.446115,712
gallbladder motility disorders,gallbladder motility disorders,symptom,11,11,7,1,55
blindness,blindness,symptom,98,129,6,0.390069,1854
avoidance behaviors towards new environments or strangers,avoidance behaviors towards new environments or strangers,symptom,11,12,2,0.636364,35
presenting as distress,presenting as distress,symptom,7,7,2,1,21
drawal,drawal,symptom,24,26,3,0.344203,95
reduced exercise tolerance,reduced exercise tolerance,symptom,54,69,1,0.606569,868
pulmonary hemorrhage,pulmonary hemorrhage,symptom,41,57,1,0.689024,565
pericarditis,pericarditis,symptom,87,111,6,0.437851,1638
flu-like symptoms,flu-like symptoms,symptom,31,36,7,0.821505,382
neck pain,neck pain,symptom,215,337,0,0.18609,4281
underdeveloped musculature of the scapular belt,underdeveloped musculature of the scapular belt,symptom,2,2,7,1,1
body pain,body pain,symptom,138,179,7,0.296943,2807
scleral icterus,scleral icterus,symptom,38,54,7,0.544808,383
alcoholic hallucinosis,alcoholic hallucinosis,symptom,38,42,2,0.483642,340
plaque-like,plaque-like,symptom,14,15,3,0.516484,47
worsened by st,worsened by st,symptom,24,25,0,0.405797,112
myelofibrosis,myelofibrosis,symptom,9,9,7,0.75,27
loose stools,loose stools,symptom,87,121,7,0.381449,1427
hypochondriac pain,hypochondriac pain,symptom,72,86,9,0.38615,987
nebulas on the sclera,nebulas on the sclera,symptom,9,9,9,1,36
pain upon swallowing,pain upon swallowing,symptom,66,91,8,0.386014,828
history of finger trauma or sprain,history of finger trauma or sprain,symptom,8,9,0,0.678571,19
erysipelas,erysipelas,symptom,40,46,3,0.571795,446
allergic dermatitis,allergic dermatitis,symptom,22,24,7,0.714286,165
migraine,migraine,symptom,80,101,2,0.523418,1654
more common in females,more common in females,symptom,30,30,4,0.275862,120
despite receiving adequate sexual stimulation,despite receiving adequate sexual stimulation,symptom,6,6,4,1,15
there is an absence of sustained sexual excitement leading to pelvic organ congestion,there is an absence of sustained sexual excitement leading to pelvic organ congestion,symptom,6,6,4,1,15
increased secretion,increased secretion,symptom,48,52,6,0.306738,346
muscle tension,muscle tension,symptom,39,41,7,0.340081,252
involuntary rhythmic spasmodic contractions of the vagina,involuntary rhythmic spasmodic contractions of the vagina,symptom,6,6,4,1,15
culminating in the release of sexual tension,culminating in the release of sexual tension,symptom,6,6,4,1,15
muscle numbness,muscle numbness,symptom,31,32,7,0.892473,415
irregular fever,irregular fever,symptom,118,176,7,0.441402,3047
nasal septum perforation,nasal septum perforation,symptom,14,14,7,1,91
irresistible urge to drink,irresistible urge to drink,symptom,11,11,2,1,55
alcohol dependency,alcohol dependency,symptom,11,11,2,1,55
alcohol-induced hallucinatory disorder,alcohol-induced hallucinatory disorder,symptom,11,11,2,1,55
alcoholic jealousy delusion,alcoholic jealousy delusion,symptom,11,11,2,1,55
slow reaction,slow reaction,symptom,46,60,2,0.545894,565
simple drunkenness,simple drunkenness,symptom,17,17,2,0.669118,91
focal symptoms,focal symptoms,symptom,18,22,2,0.653595,100
transverse myelitis,transverse myelitis,symptom,17,18,2,0.764706,104
slight fever,slight fever,symptom,22,22,2,0.714286,165
diminished breath sounds,diminished breath sounds,symptom,88,162,1,0.421369,1613
mucus,mucus,symptom,61,79,1,0.494536,905
bronchial constriction,bronchial constriction,symptom,7,7,1,1,21
limb numbness,limb numbness,symptom,340,595,2,0.193875,11173
incoherent speech,incoherent speech,symptom,39,41,2,0.538462,399
sleep disorders,sleep disorders,symptom,52,62,2,0.365008,484
memory decline,memory decline,symptom,113,167,2,0.331384,2097
significant bleeding tendencies,significant bleeding tendencies,symptom,19,22,7,0.906433,155
bullae,bullae,symptom,71,91,3,0.41328,1027
abdominal pain in pregnant women,abdominal pain in pregnant women,symptom,48,54,7,0.320035,361
ovaries,ovaries,symptom,25,25,4,0.343333,103
tumor traction,tumor traction,symptom,19,20,3,0.397661,68
significantly elevated serum testosterone levels,significantly elevated serum testosterone levels,symptom,11,11,4,0.545455,30
uterus,uterus,symptom,89,92,0,0.313585,1228
skin distension like drum,skin distension like drum,symptom,7,7,4,1,21
goiter,goiter,symptom,69,93,1,0.438193,1028
swelling of the lower limbs,swelling of the lower limbs,symptom,29,30,0,0.509852,207
raised appearance of the vestibular groove,raised appearance of the vestibular groove,symptom,6,6,0,1,15
pain upon touch,pain upon touch,symptom,19,19,0,0.380117,65
fluctuation sensation,fluctuation sensation,symptom,13,13,0,0.474359,37
easy aspiration of pus upon puncture,easy aspiration of pus upon puncture,symptom,6,6,0,1,15
resting tremor,resting tremor,symptom,20,23,2,0.489474,93
sleep disturbances,sleep disturbances,symptom,65,72,2,0.466346,970
apathy,apathy,symptom,157,217,2,0.317981,3894
chewing,chewing,symptom,27,29,0,0.547009,192
breast lumps,breast lumps,symptom,109,148,0,0.226979,1336
skin indentation,skin indentation,symptom,30,30,0,0.450575,196
wrinkling,wrinkling,symptom,43,48,3,0.346622,313
nipple retraction,nipple retraction,symptom,32,35,0,0.455645,226
skin redness,skin redness,symptom,110,163,0,0.22819,1368
abnormal nipple size,abnormal nipple size,symptom,6,6,0,1,15
ecchymosis in the perineal,ecchymosis in the perineal,symptom,17,17,0,0.705882,96
difficulty moving the lower limbs,difficulty moving the lower limbs,symptom,6,6,0,1,15
limb shortening,limb shortening,symptom,55,68,0,0.208754,310
uterine bleeding,uterine bleeding,symptom,86,114,4,0.356224,1302
scanty menstruation,scanty menstruation,symptom,60,78,4,0.394915,699
earlier menstrual cycle,earlier menstrual cycle,symptom,11,11,4,0.454545,25
dislocation,dislocation,symptom,34,40,0,0.470588,264
restricted movement,restricted movement,symptom,74,98,0,0.337653,912
positive shoulder overlap test,positive shoulder overlap test,symptom,4,4,0,1,6
cheyne-stokes respiration,cheyne-stokes respiration,symptom,15,17,1,0.971429,102
stupor,stupor,symptom,144,269,2,0.434343,4472
cryoglobulinemia,cryoglobulinemia,symptom,26,29,4,0.633846,206
erythema of the extremities,erythema of the extremities,symptom,42,48,0,0.447154,385
pigmentary abnormalities,pigmentary abnormalities,symptom,198,306,3,0.206122,4020
painless lump,painless lump,symptom,49,50,3,0.253401,298
usually found during physical examination or incidentally,usually found during physical examination or incidentally,symptom,13,13,3,0.487179,38
duration from several months to years,duration from several months to years,symptom,7,7,3,1,21
visible on the labia majora,visible on the labia majora,symptom,13,13,3,0.474359,37
right labia minora,right labia minora,symptom,20,21,3,0.363158,69
urethral orifice mass,urethral orifice mass,symptom,30,30,3,0.245977,107
abnormal body posture,abnormal body posture,symptom,18,18,2,0.535948,82
bumps,bumps,symptom,35,38,2,0.74958,446
hard pedunculated neoplasms ranging in size from mung beans to cherries,hard pedunculated neoplasms ranging in size from mung beans to cherries,symptom,8,8,0,1,28
coloration similar to normal skin or light yellow,coloration similar to normal skin or light yellow,symptom,8,8,0,1,28
aversion to oily food,aversion to oily food,symptom,37,50,7,0.606607,404
absence of meconium post-birth,absence of meconium post-birth,symptom,4,4,4,0.666667,4
anus,anus,symptom,35,36,7,0.482353,287
pulselessness,pulselessness,symptom,62,71,1,0.555791,1051
rupture,rupture,symptom,92,109,1,0.235308,985
ureter deviation towards the heart,ureter deviation towards the heart,symptom,4,4,1,1,6
lesions on the chest,lesions on the chest,symptom,25,25,1,0.54,162
buttocks,buttocks,symptom,107,127,3,0.163463,927
the proximal parts of the limbs,the proximal parts of the limbs,symptom,12,12,3,0.681818,45
presenting as annular or polycyclic erythema,presenting as annular or polycyclic erythema,symptom,9,9,3,1,36
tense walls,tense walls,symptom,9,9,3,1,36
amenorrhea,amenorrhea,symptom,302,511,4,0.164661,7484
food pickiness,food pickiness,symptom,7,7,4,1,21
unexplained fever,unexplained fever,symptom,86,116,7,0.420793,1538
increased heart rate,increased heart rate,symptom,61,82,1,0.536066,981
decreased blood pressure,decreased blood pressure,symptom,187,374,1,0.330918,5755
cold extremities,cold extremities,symptom,173,305,1,0.336268,5003
reduced pulse pressure,reduced pulse pressure,symptom,15,15,1,0.771429,81
pale or dark skin,pale or dark skin,symptom,16,17,7,0.841667,101
elevated skin edges,elevated skin edges,symptom,1,1,7,0,0
neonatal skin folds,neonatal skin folds,symptom,31,31,7,0.67957,316
swelling in the parotid region,swelling in the parotid region,symptom,35,37,7,0.386555,230
firm mass below the ear,firm mass below the ear,symptom,5,5,3,1,10
swelling of the cheek,swelling of the cheek,symptom,31,32,6,0.356989,166
otorrhea,otorrhea,symptom,86,128,0,0.299042,1093
otitis externa,otitis externa,symptom,2,2,0,1,1
pain in the external auditory canal,pain in the external auditory canal,symptom,43,48,0,0.359911,325
red urine,red urine,symptom,62,72,7,0.517715,979
yellow tongue coating,yellow tongue coating,symptom,132,188,9,0.326625,2824
vaginal pain,vaginal pain,symptom,39,41,4,0.45749,339
presence of a hard mass,presence of a hard mass,symptom,25,25,0,0.346667,104
possibly,possibly,symptom,60,69,9,0.389266,689
ulcer perforation or bleeding,ulcer perforation or bleeding,symptom,82,91,4,0.219512,729
intrusive,intrusive,symptom,6,6,3,1,15
unwanted thoughts,unwanted thoughts,symptom,16,16,3,0.508333,61
renal function decline,renal function decline,symptom,20,20,7,0.647368,123
micturition disorder,micturition disorder,symptom,16,19,4,0.966667,116
gingival swelling,gingival swelling,symptom,63,77,0,0.271377,530
dental plaque,dental plaque,symptom,10,11,0,0.8,36
tartar,tartar,symptom,10,11,0,0.8,36
poor computational skills,poor computational skills,symptom,7,7,2,1,21
memory impairment,memory impairment,symptom,200,348,2,0.312764,6224
lack of concentration,lack of concentration,symptom,153,221,2,0.257654,2996
low cognition,low cognition,symptom,7,7,2,1,21
poor underst,poor underst,symptom,7,7,2,1,21
affective disorders,affective disorders,symptom,7,7,2,1,21
corneal scar,corneal scar,symptom,4,4,6,1,6
corneal nebula,corneal nebula,symptom,4,4,6,1,6
corneal macula,corneal macula,symptom,4,4,6,1,6
lowered pain threshold,lowered pain threshold,symptom,23,23,1,0.664032,168
muscle contracture,muscle contracture,symptom,21,22,0,0.466667,98
kidney stones,kidney stones,symptom,47,53,4,0.390379,422
reduced facial sensation,reduced facial sensation,symptom,85,104,2,0.445938,1592
fecal incontinence,fecal incontinence,symptom,237,404,2,0.245191,6857
chest discomfort,chest discomfort,symptom,152,232,1,0.316922,3637
reversed flow of qi,reversed flow of qi,symptom,14,14,7,0.681319,62
abdominal enlargement,abdominal enlargement,symptom,23,23,4,0.454545,115
visible green veins,visible green veins,symptom,26,26,6,0.390769,127
board-like firmness,board-like firmness,symptom,2,2,7,1,1
sinus tracts,sinus tracts,symptom,67,81,0,0.479421,1060
able to eat but not feel satisfied,able to eat but not feel satisfied,symptom,20,20,7,0.810526,154
limbs are numb,limbs are numb,symptom,2,2,7,1,1
can't hold things,can't hold things,symptom,2,2,7,1,1
absence of sweat,absence of sweat,symptom,31,33,7,0.4,186
lying down,lying down,symptom,38,40,3,0.268848,189
reluctance to move,reluctance to move,symptom,18,19,0,0.45098,69
swollen lymph nodes,swollen lymph nodes,symptom,150,204,7,0.278837,3116
tongue paralysis,tongue paralysis,symptom,7,7,2,1,21
scrotal tongue,scrotal tongue,symptom,21,21,3,0.442857,93
muscle spasms,muscle spasms,symptom,169,214,2,0.24359,3458
itching at the urethral opening,itching at the urethral opening,symptom,38,46,4,0.422475,297
significant reduction in total daily urine output,significant reduction in total daily urine output,symptom,6,6,4,0.4,6
urinary tract obstruction,urinary tract obstruction,symptom,18,23,4,0.594771,91
out any drops of urine,out any drops of urine,symptom,3,3,4,1,3
short neck,short neck,symptom,150,185,0,0.222013,2481
wide eye spacing,wide eye spacing,symptom,42,48,2,0.413473,356
palate,palate,symptom,39,41,0,0.388664,288
qi stagnation in the gallbladder,qi stagnation in the gallbladder,symptom,16,17,7,0.725,87
bladder dysfunction,bladder dysfunction,symptom,60,71,0,0.457627,810
distension in the right hypochondrium,distension in the right hypochondrium,symptom,10,10,7,1,45
prominent eye bags,prominent eye bags,symptom,1,1,10,0,0
affecting aesthetics,affecting aesthetics,symptom,1,1,10,0,0
mild cases experience pricking pain,mild cases experience pricking pain,symptom,3,3,0,1,3
testicular pain,testicular pain,symptom,53,72,7,0.512337,706
testicular enlargement,testicular enlargement,symptom,10,10,7,1,45
hardening,hardening,symptom,225,280,0,0.17881,4506
dry throat,dry throat,symptom,84,119,2,0.432587,1508
itchy throat,itchy throat,symptom,49,68,1,0.659014,775
conjunctival sac secretions,conjunctival sac secretions,symptom,5,5,6,1,10
displacement of the eyeball,displacement of the eyeball,symptom,80,108,6,0.262975,831
discharge of pus,discharge of pus,symptom,80,88,4,0.420253,1328
irregular bleeding,irregular bleeding,symptom,11,11,4,0.509091,28
pain in the lower right abdomen,pain in the lower right abdomen,symptom,89,131,7,0.312053,1222
sausage-like or irregularly shaped mass,sausage-like or irregularly shaped mass,symptom,3,3,4,1,3
main symptoms include abdominal pain,main symptoms include abdominal pain,symptom,8,8,7,1,28
colicky pain,colicky pain,symptom,56,75,7,0.412987,636
upper airway collapse during inspiration,upper airway collapse during inspiration,symptom,11,11,8,0.745455,41
breathing difficulties when lying on one’s back,breathing difficulties when lying on one’s back,symptom,8,8,8,1,28
projectile vomiting,projectile vomiting,symptom,72,90,2,0.608372,1555
dark urine,dark urine,symptom,146,238,7,0.31025,3284
vascular nevi,vascular nevi,symptom,18,18,3,0.431373,66
blue rubber bleb nevus,blue rubber bleb nevus,symptom,11,11,3,0.854545,47
patches,patches,symptom,36,38,3,0.368254,232
lobulated strawberry hemangiomas,lobulated strawberry hemangiomas,symptom,14,15,3,0.626374,57
irregular dermal,irregular dermal,symptom,10,10,3,1,45
vivid dreams,vivid dreams,symptom,26,32,2,0.689231,224
dysarthria,dysarthria,symptom,131,199,2,0.298767,2544
breath smells like rotten apples,breath smells like rotten apples,symptom,2,2,7,1,1
carcinoid syndrome,carcinoid syndrome,symptom,28,31,7,0.5,189
painful lump in the anal region,painful lump in the anal region,symptom,10,11,0,1,45
runny nose,runny nose,symptom,148,352,7,0.362199,3940
reduced sense of smell,reduced sense of smell,symptom,41,60,7,0.515854,423
general weakness,general weakness,symptom,122,189,7,0.368649,2721
abnormal development of the vulva,abnormal development of the vulva,symptom,12,12,4,0.712121,47
indistinguishable sex,indistinguishable sex,symptom,23,23,4,0.486166,123
hoarse voice,hoarse voice,symptom,124,152,1,0.293076,2235
fusion of the labia,fusion of the labia,symptom,10,10,4,1,45
normal development of the uterus,normal development of the uterus,symptom,10,10,4,1,45
eustachian tube blockage,eustachian tube blockage,symptom,21,22,0,0.595238,125
general discomfort,general discomfort,symptom,35,48,7,0.768067,457
orthopnea,orthopnea,symptom,107,263,1,0.420561,2385
systemic symptoms,systemic symptoms,symptom,98,117,7,0.377867,1796
local redness,local redness,symptom,68,98,0,0.429324,978
increased synovial fluid,increased synovial fluid,symptom,9,9,0,1,36
muscular pain,muscular pain,symptom,40,43,4,0.596154,465
decerebrate rigidity,decerebrate rigidity,symptom,28,30,2,0.613757,232
strabismus,strabismus,symptom,348,554,2,0.168952,10201
muscle soreness,muscle soreness,symptom,185,327,7,0.296357,5044
swollen joints,swollen joints,symptom,33,37,7,0.69697,368
exhibitionism,exhibitionism,symptom,12,16,9,0.742424,49
voyeurism,voyeurism,symptom,11,12,9,0.836364,46
mammary enlargement,mammary enlargement,symptom,7,7,0,1,21
pharyngalgia,pharyngalgia,symptom,27,36,8,0.561254,197
gastric mucosa damage,gastric mucosa damage,symptom,5,5,7,1,10
eructation,eructation,symptom,26,28,7,0.486154,158
sensation of fullness in the heart,sensation of fullness in the heart,symptom,48,51,2,0.644504,727
gastric duplication malformation,gastric duplication malformation,symptom,26,27,7,0.643077,209
myocardial infarction,myocardial infarction,symptom,62,96,1,0.355896,673
myocardial hypertrophy,myocardial hypertrophy,symptom,106,129,1,0.292722,1629
hyperthyroid facies,hyperthyroid facies,symptom,13,13,1,1,78
ventricular flutter,ventricular flutter,symptom,23,25,1,0.715415,181
hypothyroidism,hypothyroidism,symptom,160,200,1,0.309119,3932
liver pain,liver pain,symptom,28,41,7,0.748677,283
rapid thin pulse,rapid thin pulse,symptom,62,93,1,0.599683,1134
abdominal muscle tension,abdominal muscle tension,symptom,156,285,7,0.27684,3347
positive serum hcv rna (hcv-rna),positive serum hcv rna (hcv-rna),symptom,9,9,4,1,36
positive anti-hcv antigen,positive anti-hcv antigen,symptom,16,17,4,0.716667,86
elevated transaminases,elevated transaminases,symptom,59,72,7,0.400935,686
isolated alt increase,isolated alt increase,symptom,9,9,4,1,36
atrial septal defect,atrial septal defect,symptom,38,45,1,0.43101,303
twitching,twitching,symptom,14,14,2,0.362637,33
oral thrush,oral thrush,symptom,19,20,7,0.684211,117
sparks before the eyes,sparks before the eyes,symptom,10,10,6,1,45
flashing lights,flashing lights,symptom,29,36,6,0.544335,221
mild paralysis,mild paralysis,symptom,53,59,2,0.738752,1018
thrombocytopenia,thrombocytopenia,symptom,114,183,7,0.381152,2455
thalassemia,thalassemia,symptom,2,2,7,1,1
late pregnancy abdominal pain,late pregnancy abdominal pain,symptom,24,31,4,0.536232,148
appendix perforation,appendix perforation,symptom,17,20,7,0.669118,91
peritonitis,peritonitis,symptom,130,228,7,0.321765,2698
weak uterine contractions,weak uterine contractions,symptom,22,24,4,0.277056,64
lips,lips,symptom,66,73,2,0.546387,1172
cramps,cramps,symptom,63,71,2,0.554531,1083
absence of menstruation,absence of menstruation,symptom,24,25,4,0.322464,89
undeveloped breasts or nipples,undeveloped breasts or nipples,symptom,29,30,0,0.615764,250
slow sexual development,slow sexual development,symptom,32,32,2,0.326613,162
slow physical development during puberty,slow physical development during puberty,symptom,62,67,2,0.369117,698
pruritus of the vulva,pruritus of the vulva,symptom,26,28,4,0.609231,198
purulent secretion,purulent secretion,symptom,26,27,4,0.510769,166
scalding feeling in the genital area,scalding feeling in the genital area,symptom,13,13,4,1,78
necrosis,necrosis,symptom,107,150,3,0.345265,1958
heavy skin feeling,heavy skin feeling,symptom,3,3,7,1,3
septicemia,septicemia,symptom,77,93,7,0.48257,1412
paroxysmal abdominal pain,paroxysmal abdominal pain,symptom,71,78,3,0.334406,831
disturbance of consciousness,disturbance of consciousness,symptom,348,830,2,0.204396,12341
night blindness,night blindness,symptom,37,47,6,0.453453,302
watery stools,watery stools,symptom,162,411,7,0.285714,3726
uveitis,uveitis,symptom,115,153,6,0.33852,2219
erythema-like rash,erythema-like rash,symptom,54,64,3,0.543676,778
erythema nodosum,erythema nodosum,symptom,107,165,3,0.404867,2296
hematochezia,hematochezia,symptom,251,604,7,0.252813,7932
hydrocephalus,hydrocephalus,symptom,148,233,2,0.322486,3508
poor sleep,poor sleep,symptom,60,76,2,0.445763,789
eyelid swelling,eyelid swelling,symptom,131,211,6,0.23899,2035
iosity,iosity,symptom,2,2,2,1,1
paranoia,paranoia,symptom,14,14,2,0.56044,51
rarely adherent,rarely adherent,symptom,3,3,0,1,3
foot pain,foot pain,symptom,39,48,0,0.340081,252
euphoria,euphoria,symptom,39,40,2,0.480432,356
flight of ideas,flight of ideas,symptom,9,9,2,1,36
mania,mania,symptom,86,141,2,0.356772,1304
agitation,agitation,symptom,144,216,2,0.371503,3825
increased speech,increased speech,symptom,26,27,2,0.704615,229
manic episodes,manic episodes,symptom,20,21,2,0.626316,119
disorganized speech,disorganized speech,symptom,9,9,2,1,36
chronic erythema,chronic erythema,symptom,5,6,3,0.7,7
burning sensation or extreme discomfort,burning sensation or extreme discomfort,symptom,9,10,3,0.805556,29
peeling,peeling,symptom,94,110,3,0.51773,2263
flank swelling,flank swelling,symptom,25,29,0,0.566667,170
implantation nodules,implantation nodules,symptom,20,25,3,0.615789,117
yellow nodules,yellow nodules,symptom,28,30,3,0.417989,158
severe,severe,symptom,18,18,2,0.352941,54
irritation in the throat,irritation in the throat,symptom,4,4,6,1,6
chronic congestion in the throat,chronic congestion in the throat,symptom,18,23,6,0.633987,97
difficulty initiating sleep,difficulty initiating sleep,symptom,1,1,6,0,0
inability to maintain sleep,inability to maintain sleep,symptom,9,9,6,0.777778,28
ciliary congestion,ciliary congestion,symptom,64,136,6,0.319444,644
unstable gait,unstable gait,symptom,167,273,2,0.276676,3835
emotional indifference,emotional indifference,symptom,31,34,2,0.677419,315
undescended testis,undescended testis,symptom,17,17,4,0.536765,73
anorchia,anorchia,symptom,18,21,4,0.529412,81
incomplete testicular development,incomplete testicular development,symptom,10,10,4,1,45
small testicles,small testicles,symptom,55,69,4,0.239057,355
testicular atrophy,testicular atrophy,symptom,53,57,4,0.330914,456
decreased blood testosterone,decreased blood testosterone,symptom,10,10,4,1,45
rogen levels,rogen levels,symptom,10,10,4,1,45
epistaxis,epistaxis,symptom,255,523,7,0.259287,8397
bounding pulse,bounding pulse,symptom,23,25,1,0.604743,153
occurrence of sharp,occurrence of sharp,symptom,9,9,3,1,36
external genitalia,external genitalia,symptom,50,50,3,0.257959,316
vaginal opening,vaginal opening,symptom,14,14,3,0.549451,50
prepuce,prepuce,symptom,70,79,3,0.455072,1099
perianal area,perianal area,symptom,43,43,3,0.305648,276
an indefinite number of lesions,an indefinite number of lesions,symptom,9,9,3,1,36
local itching,local itching,symptom,30,30,3,0.386207,168
slight pain,slight pain,symptom,48,48,3,0.261525,295
poor digestion,poor digestion,symptom,26,28,7,0.584615,190
abnormal sleep,abnormal sleep,symptom,16,16,2,0.725,87
abnormal white blood cells,abnormal white blood cells,symptom,14,14,7,0.703297,64
metallic or slate-gray skin color,metallic or slate-gray skin color,symptom,4,4,3,1,6
increased bone density,increased bone density,symptom,23,23,0,0.44664,113
accelerated pulse,accelerated pulse,symptom,52,63,1,0.507541,673
excessive sweating,excessive sweating,symptom,247,420,1,0.216352,6573
cool skin,cool skin,symptom,36,37,1,0.646032,407
decreased plasma,decreased plasma,symptom,27,27,7,0.62963,221
interstitial fluid volume,interstitial fluid volume,symptom,17,17,1,1,136
debility,debility,symptom,38,41,7,0.628734,442
vaginal itching,vaginal itching,symptom,37,47,4,0.406907,271
swallowing disorder,swallowing disorder,symptom,24,31,8,0.568841,157
esophageal stricture,esophageal stricture,symptom,11,12,8,0.727273,40
decreased libido,decreased libido,symptom,136,195,4,0.257625,2365
palmar erythema,palmar erythema,symptom,126,209,7,0.297016,2339
cirrhosis,cirrhosis,symptom,20,20,7,0.573684,109
mastalgia,mastalgia,symptom,7,7,4,1,21
distinct boundaries,distinct boundaries,symptom,5,5,0,1,10
movable,movable,symptom,21,22,0,0.342857,72
cystic upon palpation,cystic upon palpation,symptom,6,7,0,0.733333,11
signs of cardiac tamponade,signs of cardiac tamponade,symptom,70,107,1,0.475776,1149
gallop rhythm,gallop rhythm,symptom,80,145,1,0.551266,1742
bleeding tendency,bleeding tendency,symptom,108,156,7,0.497058,2872
alkaptonuria,alkaptonuria,symptom,3,3,4,1,3
decreased sensation,decreased sensation,symptom,27,34,0,0.407407,143
lateral neck,lateral neck,symptom,3,3,0,1,3
no apparent symptoms,no apparent symptoms,symptom,0,0,11,0,0
skin ecchymosis,skin ecchymosis,symptom,45,52,7,0.413131,409
periorbital ecchymosis,periorbital ecchymosis,symptom,28,31,7,0.579365,219
bleeding in skin,bleeding in skin,symptom,45,52,7,0.535354,530
a sense of fluctuation,a sense of fluctuation,symptom,10,10,0,0.688889,31
reduced semen volume,reduced semen volume,symptom,17,17,4,0.808824,110
thick semen,thick semen,symptom,2,2,4,1,1
lumbar mass,lumbar mass,symptom,5,5,7,0.8,8
flank pain,flank pain,symptom,90,143,4,0.360549,1444
pelvicalyceal dilatation,pelvicalyceal dilatation,symptom,14,14,2,0.714286,65
empty scrotum,empty scrotum,symptom,2,2,12,1,1
flattening of the affected side of the scrotum,flattening of the affected side of the scrotum,symptom,2,2,12,1,1
asymmetry of both sides,asymmetry of both sides,symptom,2,2,12,1,1
blood pressure drop,blood pressure drop,symptom,98,147,1,0.454029,2158
clammy skin,clammy skin,symptom,60,99,1,0.693785,1228
abnormal breath,abnormal breath,symptom,68,91,1,0.557068,1269
choking cough,choking cough,symptom,204,379,8,0.259442,5372
burning pain or post-coital pain,burning pain or post-coital pain,symptom,3,3,4,1,3
cockscomb-like or cauliflower-like lesions,cockscomb-like or cauliflower-like lesions,symptom,5,5,4,0.4,4
heartbreak,heartbreak,symptom,12,12,9,1,66
love triangles,love triangles,symptom,12,12,9,1,66
social conflict in relationships,social conflict in relationships,symptom,12,12,9,1,66
rational adjustments during passionate love,rational adjustments during passionate love,symptom,12,12,9,1,66
halo effect in love,halo effect in love,symptom,12,12,9,1,66
marriage,marriage,symptom,20,20,9,0.505263,96
emotions,emotions,symptom,28,32,2,0.478836,181
transformation between love,transformation between love,symptom,12,12,9,1,66
increased phosphate excretion in the urine,increased phosphate excretion in the urine,symptom,28,32,9,0.420635,159
premarital intimate behaviors,premarital intimate behaviors,symptom,12,12,9,1,66
guidance for newlyweds on sexual openness,guidance for newlyweds on sexual openness,symptom,12,12,9,1,66
red papular rash,red papular rash,symptom,24,24,7,1,276
ear pain,ear pain,symptom,144,264,0,0.221348,2279
a feeling of blockage inside the ear,a feeling of blockage inside the ear,symptom,19,19,0,0.701754,120
heterochromia iridis,heterochromia iridis,symptom,42,45,6,0.293844,253
pain in the orbit,pain in the orbit,symptom,44,50,3,0.580338,549
redness of the neck,redness of the neck,symptom,13,13,4,1,78
facial angiofibromas,facial angiofibromas,symptom,18,22,2,0.764706,117
epileptic,epileptic,symptom,81,103,2,0.361111,1170
cognitive impairment,cognitive impairment,symptom,107,141,2,0.323223,1833
local skin tightening,local skin tightening,symptom,34,38,3,0.616756,346
loss of elasticity,loss of elasticity,symptom,82,93,3,0.430894,1431
skin atrophy,skin atrophy,symptom,87,111,3,0.303662,1136
reduced skin temperature,reduced skin temperature,symptom,11,11,3,1,55
polyneuritis,polyneuritis,symptom,44,45,2,0.454545,430
osteolysis,osteolysis,symptom,21,21,3,0.595238,125
difficulty in walking,difficulty in walking,symptom,23,23,2,0.660079,167
personality changes,personality changes,symptom,90,147,2,0.388015,1554
breast mass,breast mass,symptom,19,19,3,0.432749,74
vision loss,vision loss,symptom,36,48,6,0.512698,323
relapsing fever,relapsing fever,symptom,73,105,7,0.530061,1393
pneumonia,pneumonia,symptom,15,15,7,0.647619,68
bony lump,bony lump,symptom,7,7,0,1,21
bone cyst,bone cyst,symptom,27,30,0,0.350427,123
late walking in infants,late walking in infants,symptom,75,90,7,0.447568,1242
flaccid paralysis; in children,flaccid paralysis; in children,symptom,14,14,2,0.758242,69
adults,adults,symptom,16,16,0,0.516667,62
choanal atresia,choanal atresia,symptom,7,7,1,1,21
patent ductus arteriosus,patent ductus arteriosus,symptom,37,42,1,0.363363,242
micrognathia,micrognathia,symptom,17,17,1,0.602941,82
muscle hypoplasia,muscle hypoplasia,symptom,21,21,4,0.347619,73
glans itching,glans itching,symptom,35,46,3,0.568067,338
paralysis of limbs,paralysis of limbs,symptom,45,47,2,0.506061,501
inability to speak,inability to speak,symptom,24,27,0,0.351449,97
limb movement disorder,limb movement disorder,symptom,33,35,0,0.481061,254
bilateral facial paralysis,bilateral facial paralysis,symptom,3,3,0,1,3
hair thinning,hair thinning,symptom,7,12,3,0.714286,15
baldness,baldness,symptom,8,9,3,0.428571,12
muscle hypertrophy,muscle hypertrophy,symptom,20,20,0,0.568421,108
prepyloric ulcer,prepyloric ulcer,symptom,3,3,7,1,3
purulent bloody stool,purulent bloody stool,symptom,66,117,7,0.51049,1095
painful intercourse,painful intercourse,symptom,13,13,4,0.487179,38
irregular menstruation,irregular menstruation,symptom,21,25,4,0.380952,80
skin pain,skin pain,symptom,35,45,3,0.687395,409
itching sensation,itching sensation,symptom,32,35,3,0.594758,295
heat intolerance,heat intolerance,symptom,97,169,1,0.48604,2263
suspicion,suspicion,symptom,73,97,2,0.368341,968
enlarged breast,enlarged breast,symptom,31,32,4,0.387097,180
breast lump,breast lump,symptom,61,79,0,0.256284,469
circulatory disturbances,circulatory disturbances,symptom,8,8,6,0.821429,23
suffocation,suffocation,symptom,48,60,1,0.49734,561
oppressive pain,oppressive pain,symptom,13,14,1,0.935897,73
clonic,clonic,symptom,33,38,2,0.479167,253
hypertrophic scars,hypertrophic scars,symptom,32,38,3,0.40121,199
discharge from the urethra,discharge from the urethra,symptom,44,60,4,0.426004,403
urethral stricture,urethral stricture,symptom,23,25,4,0.490119,124
pain at the urethral meatus,pain at the urethral meatus,symptom,20,21,4,0.5,95
urethral fistula,urethral fistula,symptom,32,38,4,0.433468,215
hypersplenism,hypersplenism,symptom,4,4,7,1,6
tip of the nose,tip of the nose,symptom,30,30,1,0.567816,247
earlobes,earlobes,symptom,32,34,1,0.544355,270
oral mucosa,oral mucosa,symptom,72,79,3,0.629499,1609
pitting of the nails,pitting of the nails,symptom,19,19,0,0.602339,103
bedwetting,bedwetting,symptom,17,17,4,0.389706,53
pharyngeal reflex,pharyngeal reflex,symptom,22,22,8,0.65368,151
peripheral nerve damage,peripheral nerve damage,symptom,36,38,3,0.460317,290
bruxism,bruxism,symptom,75,101,7,0.421622,1170
intestinal mucosal shedding,intestinal mucosal shedding,symptom,30,30,7,1,435
nodular polypoid mass,nodular polypoid mass,symptom,11,11,0,0.618182,34
polyps,polyps,symptom,99,136,7,0.296021,1436
disappearance of the semilunar folds of the colon pouch,disappearance of the semilunar folds of the colon pouch,symptom,6,6,7,0.666667,10
skin flushing,skin flushing,symptom,49,60,2,0.511054,601
telangiectasia,telangiectasia,symptom,107,134,3,0.309998,1758
occasional rash,occasional rash,symptom,5,5,2,1,10
body heat,body heat,symptom,35,36,3,0.569748,339
cold at the lower body,cold at the lower body,symptom,37,40,3,0.533033,355
sores on the teeth,sores on the teeth,symptom,35,35,3,0.552941,329
burnt sensation in the ears,burnt sensation in the ears,symptom,15,15,3,1,105
brain heat; h,brain heat; h,symptom,25,25,3,0.693333,208
feet are abnormally cold,feet are abnormally cold,symptom,15,15,3,1,105
rectal prolapse,rectal prolapse,symptom,60,77,7,0.527119,933
crackles,crackles,symptom,49,86,1,0.70068,824
coughing up blood,coughing up blood,symptom,108,172,1,0.424541,2453
emotional unrest,emotional unrest,symptom,21,22,1,0.833333,175
furuncles,furuncles,symptom,37,39,3,0.675676,450
hidden under the skin or slightly bulging on the surface,hidden under the skin or slightly bulging on the surface,symptom,13,13,3,0.551282,43
occasionally,occasionally,symptom,69,74,3,0.254049,596
nodules may liquefy,nodules may liquefy,symptom,9,9,3,1,36
discharging a sterile caseous necrosis-like oily substance,discharging a sterile caseous necrosis-like oily substance,symptom,34,34,3,0.664884,373
water retention,water retention,symptom,59,68,2,0.515488,882
forgetfulness,forgetfulness,symptom,137,208,2,0.331473,3088
body ache,body ache,symptom,143,286,7,0.358416,3639
nipple discharge,nipple discharge,symptom,93,122,4,0.226274,968
nipple bleeding,nipple bleeding,symptom,2,2,4,1,1
pale yellow face,pale yellow face,symptom,19,19,7,0.654971,112
little luster,little luster,symptom,10,10,7,1,45
pale lips,pale lips,symptom,71,81,2,0.49336,1226
cardiomegaly,cardiomegaly,symptom,136,198,1,0.352614,3237
facial muscle involvement,facial muscle involvement,symptom,2,2,6,1,1
cracking,cracking,symptom,37,40,3,0.385886,257
steroid dependency,steroid dependency,symptom,11,11,3,1,55
abnormal ichthyosis,abnormal ichthyosis,symptom,24,29,3,0.583333,161
tinea corporis,tinea corporis,symptom,19,20,3,0.672515,115
floating pulse,floating pulse,symptom,22,22,7,0.636364,147
weak pulse,weak pulse,symptom,88,121,1,0.399948,1531
preference for coolness,preference for coolness,symptom,8,8,0,0.607143,17
reduced ability in activities of daily living,reduced ability in activities of daily living,symptom,12,12,2,1,66
behavioral abnormalities,behavioral abnormalities,symptom,70,78,2,0.372671,900
cognitive dysfunction,cognitive dysfunction,symptom,63,71,2,0.401946,785
impaired judgment,impaired judgment,symptom,60,67,2,0.40678,720
picky eating,picky eating,symptom,5,7,7,0.7,7
selective eating,selective eating,symptom,2,2,7,1,1
biliary cirrhosis,biliary cirrhosis,symptom,59,72,7,0.568089,972
acholic stools,acholic stools,symptom,16,17,7,0.7,84
varices,varices,symptom,31,38,7,0.645161,300
hepatic congestion,hepatic congestion,symptom,42,47,7,0.609756,525
subcutaneous tissue induration,subcutaneous tissue induration,symptom,8,8,3,0.285714,8
wet gangrene,wet gangrene,symptom,38,41,3,0.516358,363
halo phenomenon,halo phenomenon,symptom,7,7,3,1,21
flushed complexion,flushed complexion,symptom,25,25,7,0.756667,227
mucocutaneous congestion,mucocutaneous congestion,symptom,6,6,3,1,15
urinary system infection,urinary system infection,symptom,14,14,4,0.967033,88
parotid enlargement,parotid enlargement,symptom,9,9,7,0.694444,25
suppurative parotitis,suppurative parotitis,symptom,4,4,7,1,6
halitosis,halitosis,symptom,105,155,3,0.304945,1665
areola,areola,symptom,19,21,0,0.415205,71
consistent dull or achy abdominal pain,consistent dull or achy abdominal pain,symptom,17,17,7,0.897059,122
thoracolumbar spine injury,thoracolumbar spine injury,symptom,249,337,0,0.14921,4607
bone fracture,bone fracture,symptom,2,2,4,1,1
tachypnea,tachypnea,symptom,86,112,1,0.447606,1636
tumors located on the bone surface,tumors located on the bone surface,symptom,6,6,0,1,15
slowly growing,slowly growing,symptom,9,9,0,0.555556,20
surrounded by soft tissues but not adherent to them,surrounded by soft tissues but not adherent to them,symptom,12,12,3,0.484848,32
often round or spherical,often round or spherical,symptom,13,13,3,0.487179,38
hard in texture like bone,hard in texture like bone,symptom,6,6,0,1,15
may cause pain,may cause pain,symptom,6,6,0,1,15
contact bleeding,contact bleeding,symptom,21,30,4,0.409524,86
purulent bloody leukorrhea,purulent bloody leukorrhea,symptom,30,32,4,0.411494,179
nail beds,nail beds,symptom,21,21,7,0.52381,110
painless exostosis,painless exostosis,symptom,2,2,0,1,1
diminished taste,diminished taste,symptom,13,13,3,0.782051,61
tongue deviation,tongue deviation,symptom,28,29,3,0.513228,194
enlarged tongue,enlarged tongue,symptom,64,65,2,0.380456,767
papillary,papillary,symptom,41,41,3,0.352439,289
oral sputum packets,oral sputum packets,symptom,11,11,3,1,55
scabs,scabs,symptom,62,71,3,0.496563,939
a sensation of burning pain. symptoms may include fever,a sensation of burning pain. symptoms may include fever,symptom,41,42,3,0.545122,447
lethargic state,lethargic state,symptom,11,11,2,1,55
sheath effusion,sheath effusion,symptom,22,23,2,0.692641,160
excessive secretion of growth hormone,excessive secretion of growth hormone,symptom,47,53,2,0.387604,419
abnormal body shape,abnormal body shape,symptom,118,135,0,0.259887,1794
pituitary dysfunction,pituitary dysfunction,symptom,18,18,6,1,153
pituitary crisis,pituitary crisis,symptom,28,28,6,0.637566,241
autonomic dysfunction,autonomic dysfunction,symptom,89,97,2,0.392748,1538
diminished sense of position,diminished sense of position,symptom,9,9,2,1,36
vibratory sensation,vibratory sensation,symptom,9,9,2,1,36
bulbar palsy,bulbar palsy,symptom,71,79,2,0.331992,825
symmetric flaccid paralysis of the palatopharyngeal respiratory muscles,symmetric flaccid paralysis of the palatopharyngeal respiratory muscles,symptom,32,37,2,0.514113,255
sensory impairment,sensory impairment,symptom,112,138,2,0.33639,2091
the lesions are characterized by white,the lesions are characterized by white,symptom,5,5,3,1,10
flesh-colored,flesh-colored,symptom,11,13,3,0.381818,21
out significant raised skin,out significant raised skin,symptom,5,5,3,1,10
flat papular lesions,flat papular lesions,symptom,6,6,3,0.733333,11
irregular plaques,irregular plaques,symptom,5,5,3,1,10
unilateral,unilateral,symptom,25,25,3,0.393333,118
possible ipsilateral shoulder,possible ipsilateral shoulder,symptom,3,3,4,1,3
upper limb development defects,upper limb development defects,symptom,3,3,4,1,3
nosebleeds,nosebleeds,symptom,216,417,7,0.27373,6356
ear swelling,ear swelling,symptom,30,37,0,0.565517,246
scleral perforation,scleral perforation,symptom,19,19,6,0.672515,115
visible veins on the abdominal wall,visible veins on the abdominal wall,symptom,18,18,7,0.856209,131
multiple rib fractures,multiple rib fractures,symptom,23,24,1,0.735178,186
cataract,cataract,symptom,121,134,6,0.255096,1852
thrombocytosis,thrombocytosis,symptom,39,42,6,0.604588,448
mild glove-,mild glove-,symptom,28,28,2,0.833333,315
loss of reading ability,loss of reading ability,symptom,4,4,2,1,6
pulmonary infection,pulmonary infection,symptom,149,303,1,0.383911,4233
recurrent pneumonia,recurrent pneumonia,symptom,88,139,1,0.509666,1951
prone to respiratory infections,prone to respiratory infections,symptom,31,36,1,0.625806,291
in a relatively weakened state,in a relatively weakened state,symptom,1,1,7,0,0
immobility of the eyeball,immobility of the eyeball,symptom,12,14,6,0.530303,35
a pale green appearance,a pale green appearance,symptom,35,52,6,0.428571,255
a feeling of pressure,a feeling of pressure,symptom,11,11,6,0.636364,35
painful swelling of the thigh,painful swelling of the thigh,symptom,9,9,0,1,36
varicose veins,varicose veins,symptom,118,153,7,0.37998,2623
trophic changes in the skin of the limbs,trophic changes in the skin of the limbs,symptom,35,41,0,0.433613,258
facial heat,facial heat,symptom,3,3,7,1,3
body reddening,body reddening,symptom,6,6,0,0.4,6
abdominal cramps,abdominal cramps,symptom,22,26,7,0.683983,158
limbs coldness,limbs coldness,symptom,24,26,7,0.496377,137
mediastinal lesions,mediastinal lesions,symptom,30,48,1,0.691954,301
difficulty in sucking,difficulty in sucking,symptom,19,19,2,0.403509,69
inability to move the eyeball voluntarily,inability to move the eyeball voluntarily,symptom,119,169,6,0.229454,1611
unclear speech,unclear speech,symptom,26,29,2,0.233846,76
soft skull,soft skull,symptom,8,8,2,1,28
soft neck,soft neck,symptom,8,8,2,1,28
soft h,soft h,symptom,12,12,2,0.545455,36
soft muscles,soft muscles,symptom,8,8,2,1,28
weak oral muscles,weak oral muscles,symptom,8,8,2,1,28
history of scrotal trauma,history of scrotal trauma,symptom,15,16,4,0.733333,77
scrotal swelling,scrotal swelling,symptom,52,68,0,0.339367,450
pain radiating to the inguinal area,pain radiating to the inguinal area,symptom,21,22,0,0.6,126
hardened testes,hardened testes,symptom,21,22,4,0.561905,118
hematoma,hematoma,symptom,77,84,0,0.328435,961
urethral discharge,urethral discharge,symptom,59,88,4,0.399182,683
itching in the urethra,itching in the urethra,symptom,54,71,4,0.395528,566
apathetic expression,apathetic expression,symptom,137,175,2,0.359274,3347
communication difficulties,communication difficulties,symptom,5,5,2,1,10
lymph node enlargement,lymph node enlargement,symptom,238,414,7,0.233025,6572
erythema multiforme-like rash,erythema multiforme-like rash,symptom,70,99,3,0.453002,1094
axillary pain,axillary pain,symptom,11,11,7,0.727273,40
lymph node pain,lymph node pain,symptom,47,68,7,0.486586,526
paralytic ileus,paralytic ileus,symptom,54,79,7,0.509434,729
atelectasis,atelectasis,symptom,62,83,1,0.490746,928
swelling of the long bones,swelling of the long bones,symptom,22,22,3,0.722944,167
steatorrhea,steatorrhea,symptom,108,207,7,0.358602,2072
intellectual impairment,intellectual impairment,symptom,23,23,2,0.731225,185
inability to take care of oneself,inability to take care of oneself,symptom,22,22,2,0.766234,177
swelling in the shoulder,swelling in the shoulder,symptom,12,13,0,0.69697,46
upper limbs,upper limbs,symptom,58,68,2,0.284936,471
even prolapse,even prolapse,symptom,6,6,4,1,15
urinary extravasation,urinary extravasation,symptom,46,62,4,0.450242,466
repeated coughing,repeated coughing,symptom,3,3,1,1,3
halo nevus,halo nevus,symptom,15,15,3,0.742857,78
osteoporosis,osteoporosis,symptom,183,233,3,0.237855,3961
subm,subm,symptom,87,114,7,0.349906,1309
visceral bleeding,visceral bleeding,symptom,45,55,7,0.571717,566
obstructions in urination,obstructions in urination,symptom,4,4,4,1,6
ejaculation; presence of two urethras,ejaculation; presence of two urethras,symptom,4,4,4,1,6
urethral openings along,urethral openings along,symptom,4,4,4,1,6
independent corpora cavernosa tissue,independent corpora cavernosa tissue,symptom,4,4,4,1,6
asthma-like attacks,asthma-like attacks,symptom,8,8,1,1,28
periumbilical pain,periumbilical pain,symptom,90,135,7,0.430712,1725
bowel sounds,bowel sounds,symptom,47,66,7,0.549491,594
menstrual irregularities,menstrual irregularities,symptom,138,186,4,0.307627,2908
abnormal eating habits,abnormal eating habits,symptom,5,5,3,1,10
abnormal gastric intake,abnormal gastric intake,symptom,8,8,3,0.607143,17
itching eyes,itching eyes,symptom,40,49,6,0.497436,388
ear discharge,ear discharge,symptom,107,141,0,0.278787,1581
purulent secretions,purulent secretions,symptom,100,113,3,0.368889,1826
balano-preputial swelling,balano-preputial swelling,symptom,20,20,3,1,190
lichen planus,lichen planus,symptom,29,30,3,0.689655,280
sense of compression,sense of compression,symptom,16,16,4,0.633333,76
thyroid enlargement,thyroid enlargement,symptom,106,154,1,0.318778,1774
discrepancy between fetal size,discrepancy between fetal size,symptom,6,6,4,1,15
pain in the hernia area,pain in the hernia area,symptom,48,61,7,0.603723,681
sensation of incomplete bowel evacuation,sensation of incomplete bowel evacuation,symptom,32,39,7,0.417339,207
urinary disturbances,urinary disturbances,symptom,18,18,2,0.699346,107
excessive height development,excessive height development,symptom,11,11,4,0.818182,45
increased menstruation,increased menstruation,symptom,11,11,4,0.418182,23
systemic infection,systemic infection,symptom,57,67,7,0.39411,629
infectious fever,infectious fever,symptom,134,203,7,0.442375,3942
unilateral or bilateral palpable breast tissue,unilateral or bilateral palpable breast tissue,symptom,11,11,0,1,55
presenting as disc-shaped nodules or diffuse enlargement,presenting as disc-shaped nodules or diffuse enlargement,symptom,22,22,0,0.510823,118
liver enlargement,liver enlargement,symptom,63,93,7,0.506912,990
precipitation or gelation of cryoglobulins,precipitation or gelation of cryoglobulins,symptom,8,8,4,1,28
underdeveloped paranasal sinuses,underdeveloped paranasal sinuses,symptom,9,9,2,1,36
exophthalmos (protruding eyes),exophthalmos (protruding eyes),symptom,9,9,2,1,36
facial deformities,facial deformities,symptom,37,37,0,0.286787,191
delayed closure of the anterior fontanelle,delayed closure of the anterior fontanelle,symptom,35,37,2,0.433613,258
disc-shaped flat elevations,disc-shaped flat elevations,symptom,2,2,3,1,1
influenza-like symptoms,influenza-like symptoms,symptom,40,53,7,0.567949,443
pulmonary interstitial fibrosis,pulmonary interstitial fibrosis,symptom,65,77,1,0.421154,876
sinoatrial block,sinoatrial block,symptom,25,38,1,0.74,222
absence of menarche post-puberty,absence of menarche post-puberty,symptom,2,2,0,1,1
palpable mass,palpable mass,symptom,52,56,0,0.405732,538
gastrointestinal distension,gastrointestinal distension,symptom,51,77,7,0.48,612
hemoperitoneum,hemoperitoneum,symptom,46,52,7,0.445411,461
itching at the same location,itching at the same location,symptom,2,2,0,1,1
lacrimal gl,lacrimal gl,symptom,21,22,6,0.633333,133
absence of beard,absence of beard,symptom,53,68,4,0.295356,407
pubic hair,pubic hair,symptom,122,151,3,0.238721,1762
generalized erythematous patches,generalized erythematous patches,symptom,48,60,3,0.396277,447
squeezing of eyebrows,squeezing of eyebrows,symptom,10,10,9,1,45
making faces,making faces,symptom,10,10,9,1,45
frowning,frowning,symptom,37,38,9,0.378378,252
pouting,pouting,symptom,65,69,9,0.334615,696
sticking out the tongue,sticking out the tongue,symptom,10,10,9,1,45
intermittent flexion,intermittent flexion,symptom,21,21,9,0.533333,112
eventually leading to inability to st,eventually leading to inability to st,symptom,10,10,9,1,45
transient loss of consciousness,transient loss of consciousness,symptom,79,101,2,0.424862,1309
significant decrease in vision,significant decrease in vision,symptom,5,5,6,0.4,4
pupil shows yellow-white reflection,pupil shows yellow-white reflection,symptom,3,3,6,1,3
exotropia,exotropia,symptom,22,23,6,0.372294,86
vitreous has point-like opacities,vitreous has point-like opacities,symptom,3,3,6,1,3
profuse sweating,profuse sweating,symptom,95,142,1,0.421948,1884
skin of the lips,skin of the lips,symptom,7,7,3,1,21
bleeding gums,bleeding gums,symptom,88,112,3,0.220742,845
edges of the tongue,edges of the tongue,symptom,7,7,3,1,21
elevated intraocular pressure,elevated intraocular pressure,symptom,64,92,6,0.353175,712
decreased secretion or excretion of pancreatic enzymes,decreased secretion or excretion of pancreatic enzymes,symptom,7,7,7,1,21
weak tendons,weak tendons,symptom,10,10,3,0.533333,24
lack of strength,lack of strength,symptom,33,34,7,0.494318,261
the waist segment is shorter than normal,the waist segment is shorter than normal,symptom,5,5,3,1,10
sensation of bowel movement,sensation of bowel movement,symptom,25,25,7,0.566667,170
delayed response,delayed response,symptom,71,77,2,0.327565,814
cranial bone lesions,cranial bone lesions,symptom,37,38,2,0.474474,316
diabetes insipidus,diabetes insipidus,symptom,173,243,2,0.282901,4209
myocardial stunning,myocardial stunning,symptom,5,5,1,1,10
renal osteodystrophy,renal osteodystrophy,symptom,8,8,1,1,28
reduced metabolism,reduced metabolism,symptom,8,8,1,1,28
pigmented iris nevus,pigmented iris nevus,symptom,7,7,6,1,21
spontaneous intraocular hemorrhage,spontaneous intraocular hemorrhage,symptom,25,31,6,0.373333,112
formation of grey-white tumor nodules on the surface of the iris,formation of grey-white tumor nodules on the surface of the iris,symptom,14,14,6,0.725275,66
localized swelling,localized swelling,symptom,72,81,3,0.269562,689
pain in the supraorbital arch,pain in the supraorbital arch,symptom,6,6,6,1,15
generalized sweating,generalized sweating,symptom,63,91,1,0.634921,1240
pyrroluria,pyrroluria,symptom,22,23,7,0.640693,148
guanidinuria,guanidinuria,symptom,30,31,7,0.517241,225
keratotic rash,keratotic rash,symptom,12,12,7,0.69697,46
aminoaciduria,aminoaciduria,symptom,56,66,7,0.397403,612
limb tremor,limb tremor,symptom,12,14,7,0.757576,50
choreiform involuntary movement,choreiform involuntary movement,symptom,10,10,7,1,45
significant itching,significant itching,symptom,6,6,3,0.733333,11
burning sensation on the eyelids,burning sensation on the eyelids,symptom,29,29,2,0.704433,286
bruising,bruising,symptom,98,143,0,0.26762,1272
menorrhagia,menorrhagia,symptom,56,70,7,0.415584,640
persistent bleeding after tooth extraction,persistent bleeding after tooth extraction,symptom,24,33,7,0.594203,164
symmetrical muscle weakness,symmetrical muscle weakness,symptom,61,71,2,0.344809,631
abnormal distal limb sensations such as burning,abnormal distal limb sensations such as burning,symptom,16,16,2,1,120
increased sweating,increased sweating,symptom,32,33,2,0.389113,193
neck ache,neck ache,symptom,9,9,0,1,36
dry skin,dry skin,symptom,296,439,3,0.18951,8274
vascular bruits,vascular bruits,symptom,30,31,1,0.388506,169
annular nodules,annular nodules,symptom,11,11,1,1,55
lack of desire to eat or drink,lack of desire to eat or drink,symptom,7,7,1,1,21
vomiting upon encountering cold,vomiting upon encountering cold,symptom,15,15,1,0.542857,57
cessation of bowel movements,cessation of bowel movements,symptom,82,97,7,0.270702,899
sneezing,sneezing,symptom,149,277,7,0.308181,3398
light red rashes,light red rashes,symptom,6,6,7,1,15
emotional disturbances,emotional disturbances,symptom,32,35,2,0.548387,272
acute erythema,acute erythema,symptom,6,6,2,1,15
keratosis pilaris,keratosis pilaris,symptom,8,8,3,0.75,21
discoid erythema,discoid erythema,symptom,24,25,3,0.695652,192
hyperactive tendon reflexes,hyperactive tendon reflexes,symptom,79,91,2,0.340149,1048
paraplegia,paraplegia,symptom,265,432,2,0.234105,8189
skin lesion appears as round or oval nodules,skin lesion appears as round or oval nodules,symptom,11,11,3,0.509091,28
hard in consistency,hard in consistency,symptom,13,16,3,0.564103,44
palpable cord-like object,palpable cord-like object,symptom,11,11,3,1,55
mild fever,mild fever,symptom,122,177,7,0.392494,2897
swelling of the affected limb,swelling of the affected limb,symptom,17,18,0,0.610294,83
pain in the femoral triangle area,pain in the femoral triangle area,symptom,5,5,7,1,10
creeping eruption,creeping eruption,symptom,39,40,3,0.775978,575
laryngeal spasm,laryngeal spasm,symptom,47,50,2,0.447734,484
disordered behavior,disordered behavior,symptom,33,33,2,0.619318,327
myoclonus,myoclonus,symptom,98,121,2,0.317484,1509
hyperactivity,hyperactivity,symptom,112,134,2,0.294884,1833
compulsive behaviors,compulsive behaviors,symptom,34,35,2,0.581105,326
childhood tic disorder,childhood tic disorder,symptom,24,24,2,1,276
nose-picking,nose-picking,symptom,24,24,2,1,276
high levels of aggression,high levels of aggression,symptom,2,2,2,1,1
lack of shame,lack of shame,symptom,10,11,2,0.511111,23
unplanned behavior,unplanned behavior,symptom,3,4,2,0.666667,2
villous atrophy,villous atrophy,symptom,26,29,7,0.526154,171
increased gastrointestinal mucosal permeability,increased gastrointestinal mucosal permeability,symptom,9,9,7,1,36
obstruction of gastrointestinal lymphatic drainage,obstruction of gastrointestinal lymphatic drainage,symptom,9,9,7,1,36
lymphatic congestion,lymphatic congestion,symptom,31,31,3,0.449462,209
lymphatic rupture,lymphatic rupture,symptom,50,55,7,0.6,735
hypoproteinemia,hypoproteinemia,symptom,60,83,7,0.468362,829
annular plaques,annular plaques,symptom,5,5,4,1,10
wart-like edges,wart-like edges,symptom,9,9,4,0.472222,17
thick crusts,thick crusts,symptom,16,16,4,0.558333,67
purulent drainage,purulent drainage,symptom,5,5,4,1,10
slow physical development during adolescence,slow physical development during adolescence,symptom,5,5,3,1,10
erythematous rash,erythematous rash,symptom,185,313,3,0.323267,5502
oral c,oral c,symptom,38,46,3,0.492176,346
idiasis,idiasis,symptom,91,109,3,0.475946,1949
elevated bilirubin,elevated bilirubin,symptom,21,24,7,0.709524,149
urethral mucosal eversion,urethral mucosal eversion,symptom,8,8,4,0.642857,18
prolonged fever,prolonged fever,symptom,33,37,7,0.532197,281
onset closely related to hot weather,onset closely related to hot weather,symptom,14,14,7,1,91
peau d'orange appearance of the skin,peau d'orange appearance of the skin,symptom,5,5,0,1,10
palpable mobile masses,palpable mobile masses,symptom,10,10,0,0.6,27
rapid heartbeat,rapid heartbeat,symptom,87,171,1,0.427159,1598
nasal flaring,nasal flaring,symptom,47,58,1,0.510638,552
groaning,groaning,symptom,31,34,1,0.563441,262
startle reactions,startle reactions,symptom,18,18,1,0.75817,116
muffled heart sounds,muffled heart sounds,symptom,27,35,1,0.786325,276
erythema of lips,erythema of lips,symptom,3,3,3,1,3
heteroprotein reaction,heteroprotein reaction,symptom,24,25,7,0.583333,161
osseous lesions,osseous lesions,symptom,19,19,3,0.590643,101
pain in the ankle,pain in the ankle,symptom,41,48,0,0.35122,288
asymptomatic bacteriuria,asymptomatic bacteriuria,symptom,25,34,4,0.506667,152
hemoglobinuria,hemoglobinuria,symptom,88,125,4,0.415361,1590
hyperosmotic urine,hyperosmotic urine,symptom,9,9,7,1,36
lens dislocation,lens dislocation,symptom,24,27,6,0.586957,162
turbidity of refractive media,turbidity of refractive media,symptom,20,21,6,0.663158,126
increase in hyperopic refractive power,increase in hyperopic refractive power,symptom,25,25,6,0.626667,188
ocular pain,ocular pain,symptom,12,12,6,1,66
reduced or absent accommodation function,reduced or absent accommodation function,symptom,12,12,6,1,66
leukocyturia,leukocyturia,symptom,17,21,4,0.882353,120
skin ulceration,skin ulceration,symptom,77,83,3,0.242652,710
skin suppuration,skin suppuration,symptom,21,22,3,0.671429,141
gestational hypertension,gestational hypertension,symptom,35,42,4,0.536134,319
toxemia,toxemia,symptom,29,36,7,0.625616,254
numbness of one side of the face,numbness of one side of the face,symptom,6,6,9,1,15
inability to close the eyelids,inability to close the eyelids,symptom,24,26,9,0.481884,133
inability to pout,inability to pout,symptom,6,6,9,1,15
eye itchiness,eye itchiness,symptom,23,28,6,0.636364,161
there may be eyelid heaviness,there may be eyelid heaviness,symptom,5,5,6,1,10
vein thrombosis in the lower limbs causing swelling,vein thrombosis in the lower limbs causing swelling,symptom,6,6,0,1,15
whole head pain,whole head pain,symptom,6,6,1,0.666667,10
aversion to wind,aversion to wind,symptom,23,26,1,0.640316,162
sweating on the forehead,sweating on the forehead,symptom,52,55,3,0.329563,437
borborygmus,borborygmus,symptom,156,318,7,0.271878,3287
clear stools,clear stools,symptom,11,11,7,1,55
intramural gliosis,intramural gliosis,symptom,11,11,0,1,55
loss of physiological curvature of the spine,loss of physiological curvature of the spine,symptom,32,34,0,0.6875,341
spina bifida,spina bifida,symptom,71,80,0,0.313078,778
vertebral bone changes,vertebral bone changes,symptom,11,11,0,1,55
developmental deformities,developmental deformities,symptom,22,22,2,0.519481,120
lumbago,lumbago,symptom,13,13,0,0.769231,60
posterior protrusion of the spine,posterior protrusion of the spine,symptom,16,17,0,0.625,75
intervertebral space alteration,intervertebral space alteration,symptom,11,11,0,1,55
rectal duplication,rectal duplication,symptom,21,24,7,0.647619,136
pyothorax,pyothorax,symptom,10,10,7,1,45
epigastric distention,epigastric distention,symptom,20,21,7,0.731579,139
chancre,chancre,symptom,27,30,4,0.481481,169
syphilitic roseola,syphilitic roseola,symptom,17,17,4,0.602941,82
pustular syphilid,pustular syphilid,symptom,10,10,4,1,45
nodular syphilid,nodular syphilid,symptom,10,10,4,1,45
gumma,gumma,symptom,18,18,4,0.620915,95
leukocytosis,leukocytosis,symptom,161,287,7,0.356599,4593
undulant fever,undulant fever,symptom,11,11,7,1,55
shivering,shivering,symptom,31,37,7,0.746237,347
inability to engage in sexual intercourse,inability to engage in sexual intercourse,symptom,24,24,4,0.318841,88
esophageal reflux,esophageal reflux,symptom,72,110,8,0.407668,1042
esophageal lumen stenosis,esophageal lumen stenosis,symptom,20,20,8,0.652632,124
fistula between the airway,fistula between the airway,symptom,35,58,8,0.670588,399
atrioventricular block,atrioventricular block,symptom,66,96,1,0.477389,1024
hypercalciuria,hypercalciuria,symptom,6,6,7,1,15
localized changes in skin color,localized changes in skin color,symptom,12,13,2,0.590909,39
altered vascular pulsation or waveforms,altered vascular pulsation or waveforms,symptom,9,9,2,1,36
limb thinning,limb thinning,symptom,9,9,2,1,36
thickening of limbs,thickening of limbs,symptom,9,9,2,1,36
often a powdery scab-like substance exuded from the nipple,often a powdery scab-like substance exuded from the nipple,symptom,4,4,0,1,6
clouding of consciousness,clouding of consciousness,symptom,89,106,2,0.429265,1681
glycosuria,glycosuria,symptom,95,132,7,0.43673,1950
nystagmus,nystagmus,symptom,341,655,2,0.188287,10915
pain in the penis,pain in the penis,symptom,27,30,7,0.287749,101
glans penis,glans penis,symptom,32,43,3,0.604839,300
in cases necrosis of the foreskin,in cases necrosis of the foreskin,symptom,3,3,7,1,3
decreased gastric acid,decreased gastric acid,symptom,13,13,7,0.666667,52
vomiting after eating,vomiting after eating,symptom,17,18,7,0.580882,79
excessive gastric acid,excessive gastric acid,symptom,10,10,7,1,45
chronic gastric bleeding,chronic gastric bleeding,symptom,22,22,7,0.593074,137
lack of gastric acid,lack of gastric acid,symptom,10,10,7,1,45
gastric spasms,gastric spasms,symptom,10,10,7,1,45
intermittent gastric pain,intermittent gastric pain,symptom,21,23,7,0.604762,127
hidden gastric pain,hidden gastric pain,symptom,44,49,7,0.691332,654
anal fissure,anal fissure,symptom,31,31,7,0.468817,218
condyloma,condyloma,symptom,16,17,4,0.275,33
external thrombosed hemorrhoids,external thrombosed hemorrhoids,symptom,23,27,7,0.391304,99
foul-smelling sputum,foul-smelling sputum,symptom,33,63,1,0.657197,347
involuntary pulling out of one's own hair,involuntary pulling out of one's own hair,symptom,1,1,3,0,0
livedo reticularis,livedo reticularis,symptom,67,80,3,0.460877,1019
chilblains,chilblains,symptom,41,42,3,0.428049,351
capillary dilation,capillary dilation,symptom,63,72,3,0.263185,514
sudden onset of illness,sudden onset of illness,symptom,10,10,2,1,45
clear consciousness,clear consciousness,symptom,28,30,2,0.542328,205
delirium,delirium,symptom,296,674,2,0.238502,10413
sudden onset of vertigo,sudden onset of vertigo,symptom,8,8,2,1,28
objects spinning,objects spinning,symptom,15,17,7,0.733333,77
ear fullness,ear fullness,symptom,95,124,2,0.289138,1291
circular,circular,symptom,18,18,0,0.431373,66
postural vertigo,postural vertigo,symptom,10,10,7,1,45
car sickness,car sickness,symptom,10,10,7,1,45
swing effect,swing effect,symptom,10,10,7,1,45
recurrent abdominal pain,recurrent abdominal pain,symptom,32,33,7,0.58871,292
no obvious regularity,no obvious regularity,symptom,10,10,7,1,45
worsened after eating,worsened after eating,symptom,15,15,7,0.752381,79
acid regurgitation,acid regurgitation,symptom,36,54,7,0.620635,391
crossed legs,crossed legs,symptom,6,6,6,1,15
increased residual urine volume,increased residual urine volume,symptom,37,45,4,0.442943,295
anal relaxation,anal relaxation,symptom,38,41,4,0.403983,284
circular or oval erythema,circular or oval erythema,symptom,3,3,3,1,3
scleroderma,scleroderma,symptom,13,14,3,0.371795,29
the affected side is unable to frown,the affected side is unable to frown,symptom,9,9,9,1,36
wrinkle the forehead,wrinkle the forehead,symptom,9,9,9,1,36
which also deviates towards the healthy side. difficulties are encountered in speaking,which also deviates towards the healthy side. difficulties are encountered in speaking,symptom,9,9,9,1,36
laughing,laughing,symptom,26,29,2,0.28,91
whistling,whistling,symptom,44,49,9,0.317125,300
air leakage occurs while puffing the cheeks,air leakage occurs while puffing the cheeks,symptom,15,15,9,0.552381,58
rigidity of the neck,rigidity of the neck,symptom,23,23,2,0.604743,153
bedridden,bedridden,symptom,28,32,2,0.589947,223
zygomatic areas,zygomatic areas,symptom,14,14,3,0.538462,49
pain during mastication,pain during mastication,symptom,8,8,6,1,28
limited jaw opening,limited jaw opening,symptom,8,8,6,1,28
pigmentary deposition,pigmentary deposition,symptom,10,10,0,0.711111,32
epigastric fullness,epigastric fullness,symptom,39,51,7,0.677463,502
compulsive eating often induces nausea,compulsive eating often induces nausea,symptom,11,11,7,1,55
mood swings,mood swings,symptom,68,84,2,0.373134,850
sausage digits,sausage digits,symptom,34,35,3,0.586453,329
discoid rash,discoid rash,symptom,32,37,3,0.77621,385
rapid growth,rapid growth,symptom,22,23,0,0.307359,71
early-stage mobility,early-stage mobility,symptom,10,10,0,1,45
pectoralis major muscle reducing mobility or even resulting in fixation,pectoralis major muscle reducing mobility or even resulting in fixation,symptom,16,16,0,0.516667,62
late-stage 'peau d'orange' appearance,late-stage 'peau d'orange' appearance,symptom,10,10,0,1,45
cessation of menstruation,cessation of menstruation,symptom,4,4,7,1,6
myopia,myopia,symptom,20,24,6,0.573684,109
increase in hyperopic diopters,increase in hyperopic diopters,symptom,10,10,6,1,45
eye discomfort,eye discomfort,symptom,10,10,6,1,45
renal disease,renal disease,symptom,30,30,0,0.712644,310
hematoma formation,hematoma formation,symptom,69,84,7,0.268116,629
abrasion,abrasion,symptom,44,44,6,0.267442,253
limb paralysis,limb paralysis,symptom,187,274,2,0.281525,4896
microthrombus formation,microthrombus formation,symptom,60,64,1,0.39774,704
confused state of consciousness,confused state of consciousness,symptom,9,9,2,1,36
lumbar pain,lumbar pain,symptom,115,163,4,0.2418,1585
prolonged sitting,prolonged sitting,symptom,16,18,0,0.491667,59
or upon waking in the morning,or upon waking in the morning,symptom,21,21,0,0.257143,54
tension in the gluteus medius muscle,tension in the gluteus medius muscle,symptom,6,6,0,1,15
it can extend to vaginal bulging,it can extend to vaginal bulging,symptom,1,1,13,0,0
underneath the vaginal mucosa,underneath the vaginal mucosa,symptom,1,1,13,0,0
wet dreams,wet dreams,symptom,1,1,14,0,0
involuntary ejaculation,involuntary ejaculation,symptom,1,1,14,0,0
pseudomyopia,pseudomyopia,symptom,16,16,6,0.75,90
pain in the liver area,pain in the liver area,symptom,114,285,7,0.429747,2768
percussion pain,percussion pain,symptom,26,30,0,0.6,195
urinary fistula,urinary fistula,symptom,32,38,4,0.558468,277
reduced palpebral fissure size,reduced palpebral fissure size,symptom,2,2,6,1,1
lowered immune function,lowered immune function,symptom,4,4,6,0.333333,2
field of vision defects,field of vision defects,symptom,17,21,6,0.764706,104
mediastinal shadow,mediastinal shadow,symptom,12,12,1,1,66
diaphragmatic paralysis,diaphragmatic paralysis,symptom,30,34,1,0.622989,271
pharyngeal discomfort,pharyngeal discomfort,symptom,15,17,9,0.685714,72
flexural deformities,flexural deformities,symptom,7,7,0,0.428571,9
changes in bowel habits,changes in bowel habits,symptom,38,53,7,0.665718,468
blood in stool,blood in stool,symptom,74,107,7,0.514994,1391
precordial discomfort,precordial discomfort,symptom,61,107,1,0.534973,979
dysentery,dysentery,symptom,38,52,7,0.71835,505
flushed cheeks,flushed cheeks,symptom,35,36,2,0.835294,497
rusty sputum,rusty sputum,symptom,40,60,7,0.880769,687
oscillatory movement of the eyeballs,oscillatory movement of the eyeballs,symptom,3,3,2,1,3
the most common symptoms include dry cough,the most common symptoms include dry cough,symptom,32,32,1,0.768145,381
yellowish complexion,yellowish complexion,symptom,2,2,7,1,1
crib cap,crib cap,symptom,2,2,7,1,1
reddish-purple tongue,reddish-purple tongue,symptom,27,27,8,0.615385,216
a thin yellow coating,a thin yellow coating,symptom,10,10,9,1,45
fibrocystic breast changes,fibrocystic breast changes,symptom,7,7,0,1,21
occult pain,occult pain,symptom,27,28,0,0.444444,156
breast enlargement,breast enlargement,symptom,51,56,0,0.337255,430
then develops spots,then develops spots,symptom,9,9,3,1,36
rigor,rigor,symptom,47,63,7,0.715079,773
lymphorrhea,lymphorrhea,symptom,41,63,7,0.518293,425
viscid or purulent sputum,viscid or purulent sputum,symptom,23,32,7,0.810277,205
a fishy odor,a fishy odor,symptom,24,26,7,0.775362,214
wound infection,wound infection,symptom,50,72,7,0.578776,709
limb pain,limb pain,symptom,154,201,2,0.283168,3336
motor aphasia,motor aphasia,symptom,79,95,2,0.424862,1309
fever in children,fever in children,symptom,95,131,1,0.384323,1716
coughing in children,coughing in children,symptom,55,67,1,0.614141,912
rhonchi,rhonchi,symptom,42,57,1,0.52381,451
respiratory acidosis,respiratory acidosis,symptom,27,30,1,0.589744,207
toxemia symptoms,toxemia symptoms,symptom,30,34,7,0.577011,251
rage attacks,rage attacks,symptom,7,7,2,1,21
self-injurious behavior,self-injurious behavior,symptom,15,15,2,0.628571,66
bilateral bradykinesia,bilateral bradykinesia,symptom,59,64,2,0.666277,1140
aggressive behavior,aggressive behavior,symptom,56,62,2,0.332468,512
shortly after birth,shortly after birth,symptom,7,7,7,1,21
characteristic facial features,characteristic facial features,symptom,7,7,7,1,21
growth retardation,growth retardation,symptom,190,253,7,0.210081,3772
kyphosis,kyphosis,symptom,79,89,0,0.299578,923
other deformities,other deformities,symptom,10,10,0,0.533333,24
diffuse hyperemia of the oral mucosa,diffuse hyperemia of the oral mucosa,symptom,26,26,3,0.676923,220
oral pain,oral pain,symptom,129,189,3,0.264656,2185
iris-like erythema,iris-like erythema,symptom,17,17,3,1,136
scarlatiniform rash,scarlatiniform rash,symptom,61,79,7,0.562842,1030
impaired mobility,impaired mobility,symptom,59,71,0,0.444185,760
fever (up to 40°c),fever (up to 40°c),symptom,8,8,7,1,28
dribbling urination,dribbling urination,symptom,32,37,4,0.445565,221
thinning or interruption of urine stream,thinning or interruption of urine stream,symptom,25,35,4,0.68,204
bladder stones,bladder stones,symptom,8,8,4,1,28
itching or pain,itching or pain,symptom,50,76,4,0.499592,612
poor absorption,poor absorption,symptom,2,2,2,1,1
pancreatic insufficiency,pancreatic insufficiency,symptom,32,37,1,0.756048,375
increased stool volume,increased stool volume,symptom,23,23,7,0.853755,216
increased distance between the first,increased distance between the first,symptom,3,3,7,1,3
second toes,second toes,symptom,3,3,7,1,3
hallux valgus,hallux valgus,symptom,15,15,7,0.714286,75
polyuria),polyuria),symptom,8,8,4,1,28
asthma after strenuous exercise,asthma after strenuous exercise,symptom,41,50,1,0.74878,614
dilated pupils,dilated pupils,symptom,51,59,2,0.49098,626
loss of light response,loss of light response,symptom,13,13,2,1,78
slow pulse,slow pulse,symptom,24,24,2,0.684783,189
yellow greasy scales,yellow greasy scales,symptom,33,36,3,0.691288,365
mild abdominal pain,mild abdominal pain,symptom,20,22,4,0.421053,80
cases may be,cases may be,symptom,84,84,3,0.378084,1318
back region,back region,symptom,21,21,4,0.857143,180
excessive keratinization of the palms,excessive keratinization of the palms,symptom,85,105,3,0.326891,1167
hyperkeratosis,hyperkeratosis,symptom,68,81,3,0.282704,644
persistent pain in the sacral area,persistent pain in the sacral area,symptom,56,60,7,0.418182,644
visual agnosia,visual agnosia,symptom,59,74,2,0.307423,526
prosopagnosia,prosopagnosia,symptom,11,11,2,1,55
color agnosia,color agnosia,symptom,11,11,2,1,55
object agnosia,object agnosia,symptom,11,11,2,1,55
auditory agnosia,auditory agnosia,symptom,11,11,2,1,55
environmental sound agnosia,environmental sound agnosia,symptom,11,11,2,1,55
amusia,amusia,symptom,11,11,2,1,55
tactile agnosia,tactile agnosia,symptom,11,11,2,1,55
somatoparaphrenia,somatoparaphrenia,symptom,11,11,2,1,55
common in the lumbar area,common in the lumbar area,symptom,17,17,4,0.669118,91
a diameter of several centimeters,a diameter of several centimeters,symptom,4,5,3,0.666667,4
foamy urine,foamy urine,symptom,13,13,7,0.769231,60
increased urine output,increased urine output,symptom,6,6,7,0.666667,10
black spots,black spots,symptom,41,45,6,0.287805,236
color vision abnormalities,color vision abnormalities,symptom,34,38,6,0.440285,247
optic nerve atrophy,optic nerve atrophy,symptom,44,55,2,0.471459,446
cessation of farting,cessation of farting,symptom,4,4,7,1,6
whitening,whitening,symptom,46,47,3,0.785507,813
cyclical changes associated,cyclical changes associated,symptom,8,8,0,0.571429,16
reduced pain after menstruation,reduced pain after menstruation,symptom,33,33,2,0.515152,272
liver dysfunction,liver dysfunction,symptom,38,50,7,0.697013,490
enlarged spleen,enlarged spleen,symptom,60,76,7,0.574576,1017
pancytopenia,pancytopenia,symptom,22,25,7,0.861472,199
genital lesions,genital lesions,symptom,5,5,3,1,10
urethral burning sensation,urethral burning sensation,symptom,61,96,4,0.389071,712
episodic vertigo,episodic vertigo,symptom,13,17,2,0.679487,53
irresistible craving for nicotine,irresistible craving for nicotine,symptom,2,2,2,1,1
continual use of nicotine,continual use of nicotine,symptom,2,2,2,1,1
unsteady walk,unsteady walk,symptom,14,14,2,0.549451,50
swelling of the nasal mucosa,swelling of the nasal mucosa,symptom,28,36,0,0.589947,223
overactive detrusor reflex,overactive detrusor reflex,symptom,7,7,4,1,21
decline in daily living abilities,decline in daily living abilities,symptom,11,11,2,1,55
abnormal behavior,abnormal behavior,symptom,36,43,2,0.520635,328
glomerular enlargement,glomerular enlargement,symptom,3,3,4,1,3
lipid infiltration,lipid infiltration,symptom,3,3,4,1,3
limited head,limited head,symptom,34,48,0,0.470588,264
neck movement,neck movement,symptom,39,51,0,0.438596,325
atlantoaxial dislocation,atlantoaxial dislocation,symptom,21,21,0,0.647619,136
cervical vertebrae fracture dislocation,cervical vertebrae fracture dislocation,symptom,17,21,0,0.970588,132
intervertebral disc herniation,intervertebral disc herniation,symptom,19,19,0,0.754386,129
ascariasis-induced bowel obstruction,ascariasis-induced bowel obstruction,symptom,23,24,7,0.675889,171
small bowel dilatation,small bowel dilatation,symptom,13,13,7,1,78
gas,gas,symptom,42,48,7,0.53194,458
colonic obstruction,colonic obstruction,symptom,69,100,7,0.360188,845
flatulence,flatulence,symptom,29,36,7,0.514778,209
wedge-shaped defects are formed by the intersection of two planes,wedge-shaped defects are formed by the intersection of two planes,symptom,7,7,3,0.47619,10
presenting as oval-shaped,presenting as oval-shaped,symptom,4,4,3,1,6
some showing pigmentation,some showing pigmentation,symptom,4,4,3,1,6
commonly found in anterior premolars,commonly found in anterior premolars,symptom,4,4,3,1,6
genital organs,genital organs,symptom,18,19,3,0.607843,93
focal signs,focal signs,symptom,37,39,2,0.510511,340
patchy baldness,patchy baldness,symptom,2,2,15,1,1
vertex baldness,vertex baldness,symptom,2,2,15,1,1
progressive decrease in hair density,progressive decrease in hair density,symptom,2,2,15,1,1
the penile shaft is hidden inside the body,the penile shaft is hidden inside the body,symptom,1,1,16,0,0
only a tiny foreskin visible externally,only a tiny foreskin visible externally,symptom,1,1,16,0,0
deprivation amblyopia,deprivation amblyopia,symptom,6,6,6,0.666667,10
enlarged labia,enlarged labia,symptom,2,2,0,1,1
hymenal tears,hymenal tears,symptom,2,2,0,1,1
asymmetrical labia,asymmetrical labia,symptom,28,28,0,0.534392,202
ureteral obstruction,ureteral obstruction,symptom,10,10,7,0.933333,42
urinary stones,urinary stones,symptom,14,17,7,0.857143,78
metamorphopsia,metamorphopsia,symptom,26,42,6,0.566154,184
neutropenia,neutropenia,symptom,16,16,7,0.783333,94
rheumatoid arthritis,rheumatoid arthritis,symptom,84,114,7,0.45152,1574
paroxysmal cough,paroxysmal cough,symptom,36,48,1,0.596825,376
followed by a characteristic inspiratory whoop sound,followed by a characteristic inspiratory whoop sound,symptom,1,1,1,0,0
periorbital halo,periorbital halo,symptom,13,13,6,1,78
swollen eyelids,swollen eyelids,symptom,31,32,6,0.658065,306
dazzle,dazzle,symptom,13,13,6,1,78
visual fields,visual fields,symptom,42,56,6,0.477352,411
limitation in upward gaze,limitation in upward gaze,symptom,13,13,6,1,78
inability for downward gaze,inability for downward gaze,symptom,17,17,6,0.698529,95
dental caries,dental caries,symptom,14,16,0,0.362637,33
malocclusion,malocclusion,symptom,30,31,0,0.264368,115
early pregnancy reaction,early pregnancy reaction,symptom,22,27,7,0.619048,143
coagulation disorders,coagulation disorders,symptom,15,15,7,0.752381,79
intracranial hemorrhage,intracranial hemorrhage,symptom,185,280,7,0.256933,4373
nevus cells,nevus cells,symptom,16,16,3,0.358333,43
melanocytic nevus,melanocytic nevus,symptom,6,6,3,0.533333,8
multiple nevi on the skin,multiple nevi on the skin,symptom,26,26,0,0.729231,237
cutaneous nevi,cutaneous nevi,symptom,4,4,3,1,6
skin over the area becoming swollen,skin over the area becoming swollen,symptom,5,5,0,1,10
body temperature could increase by up to 12°c,body temperature could increase by up to 12°c,symptom,5,5,0,1,10
poor concentration,poor concentration,symptom,11,11,2,1,55
minimal scales on the surface,minimal scales on the surface,symptom,4,4,3,1,6
densely clustered together,densely clustered together,symptom,16,18,3,0.483333,58
mediastinal widening,mediastinal widening,symptom,26,40,1,0.781538,254
tracheal,tracheal,symptom,103,164,1,0.404721,2126
mediastinal displacement,mediastinal displacement,symptom,8,8,1,1,28
superior vena cava obstruction,superior vena cava obstruction,symptom,41,49,1,0.470732,386
stretching,stretching,symptom,41,41,2,0.512195,420
exacerbated by fatigue,exacerbated by fatigue,symptom,28,30,0,0.34127,129
nodular erythema,nodular erythema,symptom,14,15,7,0.78022,71
dry lips,dry lips,symptom,47,54,9,0.493062,533
constant dry cough,constant dry cough,symptom,2,2,9,1,1
dark brown to black papulonodular lesions,dark brown to black papulonodular lesions,symptom,23,23,2,1,253
facial asymmetry,facial asymmetry,symptom,86,101,2,0.364706,1333
numbness on the affected side,numbness on the affected side,symptom,15,15,0,0.67619,71
incomplete eyelid closure,incomplete eyelid closure,symptom,37,40,6,0.3003,200
facial expression,facial expression,symptom,13,13,2,0.397436,31
nightmares,nightmares,symptom,23,25,2,0.494071,125
startle responses,startle responses,symptom,7,7,2,1,21
difficulty falling asleep,difficulty falling asleep,symptom,29,31,2,0.263547,107
gingival bleeding,gingival bleeding,symptom,121,169,7,0.325895,2366
menstrual delay,menstrual delay,symptom,18,18,4,1,153
percussion pain at the affected vertebrae,percussion pain at the affected vertebrae,symptom,6,6,7,1,15
accelerated erythrocyte sedimentation rate,accelerated erythrocyte sedimentation rate,symptom,95,130,7,0.493617,2204
a hernia lump protrudes at the incision site when st,a hernia lump protrudes at the incision site when st,symptom,8,8,7,1,28
worsens during coughing or exerting force,worsens during coughing or exerting force,symptom,18,18,0,0.607843,93
dull complexion,dull complexion,symptom,42,43,3,0.391405,337
a diameter that fuse into a reticular pattern,a diameter that fuse into a reticular pattern,symptom,5,5,3,1,10
café-au-lait spots,café-au-lait spots,symptom,62,70,2,0.338445,640
spinal protrusion,spinal protrusion,symptom,34,34,0,0.383244,215
timidity,timidity,symptom,48,49,4,0.302305,341
persecutory delusion,persecutory delusion,symptom,29,29,2,0.527094,214
bone marrow suppression,bone marrow suppression,symptom,24,28,7,0.862319,238
hydrops fetalis,hydrops fetalis,symptom,9,9,7,1,36
enlarged colon,enlarged colon,symptom,16,18,7,0.783333,94
claw h,claw h,symptom,49,52,0,0.42517,500
dwarfism,dwarfism,symptom,41,44,0,0.354878,291
skin showing folded or nodular thickening,skin showing folded or nodular thickening,symptom,19,19,0,1,171
particularly evident on the upper limbs,particularly evident on the upper limbs,symptom,19,19,0,1,171
symmetrical distribution,symmetrical distribution,symptom,32,32,3,0.550403,273
possibility of blindness due to retinal degeneration,possibility of blindness due to retinal degeneration,symptom,19,19,0,1,171
sensation of obstruction,sensation of obstruction,symptom,14,16,8,0.648352,59
increased tendon reflexes,increased tendon reflexes,symptom,2,2,2,1,1
pus-filled lesions,pus-filled lesions,symptom,8,8,0,1,28
skin diffuse redness,skin diffuse redness,symptom,15,16,0,0.628571,66
necrotic pus,necrotic pus,symptom,8,8,0,1,28
nasal itchiness,nasal itchiness,symptom,55,69,7,0.462626,687
emotional asthma,emotional asthma,symptom,29,30,1,0.775862,315
lower limbs being more severely affected than upper limbs,lower limbs being more severely affected than upper limbs,symptom,18,18,2,1,153
a sensation of needles or ants moving on the skin. in cases,a sensation of needles or ants moving on the skin. in cases,symptom,18,18,2,1,153
left ventricular hypertrophy,left ventricular hypertrophy,symptom,74,126,1,0.422436,1141
microcirculation disorder,microcirculation disorder,symptom,44,48,1,0.787526,745
obsession,obsession,symptom,8,9,2,0.785714,22
cleanliness,cleanliness,symptom,9,9,4,0.666667,24
pulsating exophthalmos,pulsating exophthalmos,symptom,10,10,6,0.533333,24
cutaneous sinus tract,cutaneous sinus tract,symptom,14,14,7,0.813187,74
scrotal redness,scrotal redness,symptom,36,50,7,0.51746,326
epididymis enlargement,epididymis enlargement,symptom,15,15,4,1,105
thickening of the vas deferens,thickening of the vas deferens,symptom,27,28,4,0.547009,192
prostate induration,prostate induration,symptom,15,15,4,1,105
prostate shrinking,prostate shrinking,symptom,15,15,4,1,105
fissuring,fissuring,symptom,13,13,3,0.538462,42
tiredness,tiredness,symptom,102,162,7,0.51524,2654
chyluria,chyluria,symptom,26,29,4,0.704615,229
cervical cystic lesions,cervical cystic lesions,symptom,31,33,3,0.434409,202
tumor compression,tumor compression,symptom,26,26,3,0.495385,161
small yellowish papular eruptions,small yellowish papular eruptions,symptom,1,1,4,0,0
lumbosacral pain,lumbosacral pain,symptom,72,78,4,0.228482,584
dry eyes,dry eyes,symptom,74,96,6,0.292484,790
wrist drop,wrist drop,symptom,52,64,0,0.347662,461
frequent dreaming,frequent dreaming,symptom,97,147,2,0.343857,1601
mononeuropathy occurring under conditions of mechanical trauma,mononeuropathy occurring under conditions of mechanical trauma,symptom,18,18,7,0.856209,131
urethral ulceration,urethral ulceration,symptom,7,7,4,1,21
day blindness,day blindness,symptom,4,4,6,1,6
excessive lactate accumulation,excessive lactate accumulation,symptom,22,22,2,0.701299,162
bile reflux,bile reflux,symptom,10,10,7,0.577778,26
vomiting of bitter liquid,vomiting of bitter liquid,symptom,13,13,7,0.75641,59
worsening over time,worsening over time,symptom,2,2,4,1,1
urge to defecate,urge to defecate,symptom,13,13,4,0.423077,33
cardiac thrill,cardiac thrill,symptom,11,11,1,1,55
increased pulmonary blood flow,increased pulmonary blood flow,symptom,29,32,1,0.546798,222
increased pharyngeal secretions,increased pharyngeal secretions,symptom,15,15,3,0.466667,49
bone swelling,bone swelling,symptom,40,45,0,0.397436,310
bone necrosis,bone necrosis,symptom,18,20,0,0.633987,97
the mass is soft,the mass is soft,symptom,23,23,7,0.683794,173
skin itchiness,skin itchiness,symptom,53,59,3,0.436865,602
numbness in shoulder,numbness in shoulder,symptom,26,26,0,1,325
arm,arm,symptom,106,113,0,0.242947,1352
discoloration to a purplish hue,discoloration to a purplish hue,symptom,26,26,0,1,325
diminished radial artery pulse,diminished radial artery pulse,symptom,26,26,0,1,325
slow response,slow response,symptom,155,214,2,0.38274,4568
obvious oxygen deprivation,obvious oxygen deprivation,symptom,12,12,1,1,66
painful sensory disturbances,painful sensory disturbances,symptom,30,31,2,0.717241,312
paroxysmal disturbances of consciousness,paroxysmal disturbances of consciousness,symptom,4,4,2,1,6
mild protrusion of the supraorbital ridge,mild protrusion of the supraorbital ridge,symptom,20,20,2,1,190
flat nasal bridge,flat nasal bridge,symptom,106,132,0,0.199102,1108
mild skeletal abnormalities,mild skeletal abnormalities,symptom,25,25,2,0.696667,209
corneal clouding,corneal clouding,symptom,72,79,0,0.309859,792
cherry-red spots on the skin in some children,cherry-red spots on the skin in some children,symptom,43,43,2,0.517165,467
delayed language development,delayed language development,symptom,34,34,2,0.434938,244
hearing impairment,hearing impairment,symptom,127,145,2,0.335083,2681
skeletal anomalies,skeletal anomalies,symptom,25,26,2,0.706667,212
upper body normal,upper body normal,symptom,5,5,6,1,10
lower body obese type,lower body obese type,symptom,22,22,6,0.393939,91
upper body emaciated,upper body emaciated,symptom,5,5,6,1,10
lower body emaciated type,lower body emaciated type,symptom,5,5,6,1,10
generalized emaciated type,generalized emaciated type,symptom,5,5,6,1,10
hemibody obese type,hemibody obese type,symptom,5,5,6,1,10
pale yellow or golden yellow skin,pale yellow or golden yellow skin,symptom,17,18,7,0.713235,97
low spirits,low spirits,symptom,19,20,2,0.672515,115
feeling of helplessness,feeling of helplessness,symptom,11,11,2,1,55
emotional outbursts,emotional outbursts,symptom,37,39,2,0.632132,421
anemic appearance,anemic appearance,symptom,10,12,7,0.866667,39
pitted scars,pitted scars,symptom,12,16,3,0.742424,49
wiry pulse,wiry pulse,symptom,30,30,6,0.468966,204
gum bleeding,gum bleeding,symptom,117,199,7,0.350575,2379
other hemorrhagic symptoms,other hemorrhagic symptoms,symptom,2,2,7,1,1
generalized skeletal muscle spasm,generalized skeletal muscle spasm,symptom,77,87,2,0.52324,1531
saddle nose,saddle nose,symptom,38,39,0,0.452347,318
spinal curvature,spinal curvature,symptom,44,47,0,0.413319,391
barrel chest,barrel chest,symptom,60,69,1,0.523164,926
foot eversion,foot eversion,symptom,36,37,0,0.434921,274
postural abnormalities,postural abnormalities,symptom,7,7,0,1,21
sacroiliac,sacroiliac,symptom,32,38,0,0.34879,173
pathological dislocation,pathological dislocation,symptom,7,7,0,1,21
weakness in the elbow joint,weakness in the elbow joint,symptom,12,14,0,0.545455,36
small cornea,small cornea,symptom,1,1,6,0,0
a desire to sleep,a desire to sleep,symptom,17,20,2,0.602941,82
ruddy tongue,ruddy tongue,symptom,9,9,2,1,36
breath that may have a fruity (acetone) smell,breath that may have a fruity (acetone) smell,symptom,19,19,2,0.701754,120
heel pain,heel pain,symptom,29,32,0,0.302956,123
loss of nails,loss of nails,symptom,3,3,3,1,3
change in nail color,change in nail color,symptom,3,3,3,1,3
atrophy of the shoulder girdle muscles,atrophy of the shoulder girdle muscles,symptom,35,44,2,0.489076,291
thoracic,thoracic,symptom,115,127,2,0.292906,1920
dorsal muscles,dorsal muscles,symptom,19,24,2,0.830409,142
atrophy of the tongue muscles,atrophy of the tongue muscles,symptom,59,71,2,0.451198,772
ophthalmoplegia,ophthalmoplegia,symptom,129,173,2,0.327277,2702
both eyes,both eyes,symptom,36,39,6,0.414286,261
blepharospasm,blepharospasm,symptom,49,55,6,0.361395,425
pain in the upper right abdomen,pain in the upper right abdomen,symptom,123,202,7,0.369452,2772
aversion to greasy food,aversion to greasy food,symptom,31,46,7,0.597849,278
traction pain,traction pain,symptom,26,28,7,0.778462,253
body image disturbance,body image disturbance,symptom,6,6,7,1,15
eyelid laxity,eyelid laxity,symptom,17,20,6,0.426471,58
groin itch,groin itch,symptom,31,32,3,0.576344,268
skin scratch,skin scratch,symptom,31,32,3,0.589247,274
perineal itch,perineal itch,symptom,20,20,3,1,190
meatal itch,meatal itch,symptom,20,20,3,1,190
excessive scratching,excessive scratching,symptom,20,20,3,1,190
intensely itchy,intensely itchy,symptom,32,32,3,0.518145,257
wet itch,wet itch,symptom,20,20,3,1,190
recurrent coughing,recurrent coughing,symptom,20,24,1,0.757895,144
diabetes mellitus,diabetes mellitus,symptom,7,7,2,1,21
neurotic depression,neurotic depression,symptom,9,9,2,1,36
delusion of theft,delusion of theft,symptom,9,9,2,1,36
hypochondriacal delusion,hypochondriacal delusion,symptom,9,9,2,1,36
psychomotor excitement,psychomotor excitement,symptom,13,16,2,0.705128,55
sputum production,sputum production,symptom,107,195,1,0.476459,2702
bronchoalveolar sounds,bronchoalveolar sounds,symptom,26,31,1,0.843077,274
arc-shaped fissures in leaves,arc-shaped fissures in leaves,symptom,11,11,1,1,55
infiltrative patches,infiltrative patches,symptom,3,3,3,1,3
asthenia,asthenia,symptom,104,130,2,0.361464,1936
simple fractures,simple fractures,symptom,15,19,1,0.857143,90
halos around lights,halos around lights,symptom,14,16,6,0.791209,72
inflammatory external hemorrhoids,inflammatory external hemorrhoids,symptom,14,14,7,0.604396,55
varicose external hemorrhoids,varicose external hemorrhoids,symptom,4,4,7,1,6
connective tissue external hemorrhoids,connective tissue external hemorrhoids,symptom,11,12,7,0.654545,36
fresh red blood in stool,fresh red blood in stool,symptom,25,26,7,0.44,132
mild hidden pain,mild hidden pain,symptom,5,5,7,1,10
feeling of heaviness or discomfort inside the anus,feeling of heaviness or discomfort inside the anus,symptom,24,24,2,0.423913,117
decreased anal gl,decreased anal gl,symptom,5,5,7,1,10
faint pulse,faint pulse,symptom,14,14,7,0.791209,72
wet cough,wet cough,symptom,6,6,7,1,15
motor disorders,motor disorders,symptom,40,42,2,0.589744,460
peculiar behavior,peculiar behavior,symptom,7,7,2,1,21
high-arched palate,high-arched palate,symptom,38,40,0,0.476529,335
stunted growth,stunted growth,symptom,23,24,1,0.667984,169
ida albicans infections,ida albicans infections,symptom,3,3,1,1,3
malabsorption syndrome,malabsorption syndrome,symptom,81,140,7,0.37716,1222
pediatric fever,pediatric fever,symptom,40,49,1,0.658974,514
coughing when drinking water,coughing when drinking water,symptom,17,18,8,0.889706,121
difficulty speaking,difficulty speaking,symptom,14,16,8,0.637363,58
poor adaptation to darkness,poor adaptation to darkness,symptom,5,5,3,1,10
corneal softening,corneal softening,symptom,5,5,3,1,10
blackout,blackout,symptom,79,118,1,0.368711,1136
intraneural fiber damage,intraneural fiber damage,symptom,8,8,2,1,28
neuroma in continuity,neuroma in continuity,symptom,8,8,2,1,28
neurotmesis,neurotmesis,symptom,8,8,2,1,28
'ape h,'ape h,symptom,19,22,2,0.567251,97
lightheadedness,lightheadedness,symptom,76,112,2,0.52,1482
coughing up yellow sputum,coughing up yellow sputum,symptom,5,5,1,1,10
intestines,intestines,symptom,18,18,3,0.555556,85
cherry-red facial congestion,cherry-red facial congestion,symptom,18,19,3,0.810458,124
crusted lesions on the nasal ala,crusted lesions on the nasal ala,symptom,12,12,3,0.848485,56
dark shadows in front of the eyes,dark shadows in front of the eyes,symptom,49,65,6,0.397109,467
firm rash,firm rash,symptom,4,4,0,1,6
follicular swelling,follicular swelling,symptom,4,4,0,1,6
athlete's foot,athlete's foot,symptom,19,24,3,0.637427,109
cold-damp impediment pain,cold-damp impediment pain,symptom,7,7,0,1,21
inflammatory lesions,inflammatory lesions,symptom,10,11,0,0.866667,39
itching of the trunk,itching of the trunk,symptom,9,9,7,1,36
painless swelling found anterior to the neck,painless swelling found anterior to the neck,symptom,3,3,3,1,3
melasma,melasma,symptom,19,19,3,0.783626,134
presence of cherry-red polypoid lesions inside the navel,presence of cherry-red polypoid lesions inside the navel,symptom,13,13,7,0.564103,44
umbilical protrusion,umbilical protrusion,symptom,30,31,4,0.547126,238
wet navel,wet navel,symptom,6,6,4,1,15
remnants of the urachus,remnants of the urachus,symptom,25,26,4,0.76,228
precordial pain,precordial pain,symptom,103,195,1,0.438607,2304
narrow pelvis,narrow pelvis,symptom,7,7,1,0.619048,13
failure of the fetal head to engage in the pelvis,failure of the fetal head to engage in the pelvis,symptom,2,2,1,1,1
immunodeficiency,immunodeficiency,symptom,67,87,7,0.513342,1135
popping,popping,symptom,23,26,0,0.549407,139
inability to flex the knee,inability to flex the knee,symptom,49,53,0,0.402211,473
knee pain,knee pain,symptom,62,75,0,0.228979,433
difficulty squatting,difficulty squatting,symptom,35,38,0,0.29916,178
effusion in the ankle,effusion in the ankle,symptom,10,10,0,1,45
knee joints,knee joints,symptom,10,10,0,1,45
limb coldness,limb coldness,symptom,53,65,0,0.428882,591
intestinal dysfunction,intestinal dysfunction,symptom,65,89,7,0.479808,998
bladder disorders,bladder disorders,symptom,17,17,4,1,136
erectile dysfunction,erectile dysfunction,symptom,94,110,4,0.269046,1176
centered around the earlobe,centered around the earlobe,symptom,14,14,7,1,91
spreading to surrounding areas,spreading to surrounding areas,symptom,14,14,7,1,91
indistinct margins,indistinct margins,symptom,29,31,7,0.623153,253
local skin not red,local skin not red,symptom,14,14,7,1,91
surface burning pain,surface burning pain,symptom,14,14,7,1,91
hyperesthesia,hyperesthesia,symptom,59,64,2,0.464641,795
gastric mucosal prolapse,gastric mucosal prolapse,symptom,14,19,7,0.956044,87
lower abdominal falling pain,lower abdominal falling pain,symptom,13,14,7,0.74359,58
grasp reflex,grasp reflex,symptom,7,7,2,1,21
emotional blunting,emotional blunting,symptom,13,16,2,0.653846,51
or persistent symptoms,or persistent symptoms,symptom,6,6,7,1,15
splashing sound over intestine,splashing sound over intestine,symptom,10,10,7,1,45
abdominal muscle rigidity,abdominal muscle rigidity,symptom,101,132,7,0.414455,2093
disappearance of bowel sounds,disappearance of bowel sounds,symptom,46,73,7,0.487923,505
melorheostotic lesions,melorheostotic lesions,symptom,7,7,0,1,21
hypoxic-ischemic nerve damage,hypoxic-ischemic nerve damage,symptom,6,6,7,1,15
ischemic contracture,ischemic contracture,symptom,6,6,7,1,15
dermatographism,dermatographism,symptom,2,2,3,1,1
visible bloody cerebrospinal fluid or serum-like exudate,visible bloody cerebrospinal fluid or serum-like exudate,symptom,11,11,3,0.618182,34
minimal surface secretions,minimal surface secretions,symptom,4,4,7,1,6
neural abnormalities in lower limbs,neural abnormalities in lower limbs,symptom,13,13,2,1,78
purulent crusts,purulent crusts,symptom,4,4,3,1,6
white patches,white patches,symptom,70,79,3,0.402899,973
foul-smelling secretions,foul-smelling secretions,symptom,15,16,2,0.52381,55
urethral itching,urethral itching,symptom,36,56,4,0.549206,346
formation of a white film at the urethral orifice,formation of a white film at the urethral orifice,symptom,30,41,4,0.625287,272
anosmia,anosmia,symptom,46,51,2,0.299517,310
from friction,from friction,symptom,6,6,4,1,15
clothing,clothing,symptom,24,24,6,0.373188,103
fleshy growths,fleshy growths,symptom,6,6,4,1,15
metabolic slowdown,metabolic slowdown,symptom,8,8,2,1,28
cranial nerve palsy,cranial nerve palsy,symptom,45,53,2,0.534343,529
bilateral vision loss,bilateral vision loss,symptom,8,8,2,1,28
mucocutaneous bleeding,mucocutaneous bleeding,symptom,43,46,7,0.571429,516
bleeding of the scalp,bleeding of the scalp,symptom,3,3,0,1,3
pain in the scalp,pain in the scalp,symptom,6,6,0,0.666667,10
joint ankylosis,joint ankylosis,symptom,32,33,0,0.375,186
expectorating sputum,expectorating sputum,symptom,11,11,1,1,55
mid-pregnancy abdominal pain,mid-pregnancy abdominal pain,symptom,4,4,7,1,6
bloody discharge,bloody discharge,symptom,109,138,4,0.312266,1838
drooling,drooling,symptom,209,368,3,0.283631,6165
it is identified around the age of 45 due to difficulty walking coupled,it is identified around the age of 45 due to difficulty walking coupled,symptom,22,23,0,0.662338,153
shortened spine,shortened spine,symptom,17,17,0,1,136
relatively longer limbs,relatively longer limbs,symptom,25,27,0,0.636667,191
presenting as spherical,presenting as spherical,symptom,23,23,0,0.620553,157
emotional depression,emotional depression,symptom,2,2,6,1,1
memory loss,memory loss,symptom,120,161,2,0.389916,2784
amnestic aphasia,amnestic aphasia,symptom,6,6,2,1,15
pain at the medial epicondylar prominence,pain at the medial epicondylar prominence,symptom,4,4,0,1,6
significant skin swelling,significant skin swelling,symptom,22,22,0,0.437229,101
aggravated by forearm pronation,aggravated by forearm pronation,symptom,10,10,0,0.466667,21
lifting heavy objects,lifting heavy objects,symptom,4,4,0,1,6
wringing out towels,wringing out towels,symptom,12,12,0,0.545455,36
excessive phlegm,excessive phlegm,symptom,2,2,1,1,1
swelling on the back of the h,swelling on the back of the h,symptom,13,16,0,0.538462,42
restless sleep,restless sleep,symptom,55,65,3,0.410101,609
failure to pass meconium,failure to pass meconium,symptom,17,23,7,0.720588,98
lassitude,lassitude,symptom,7,7,7,1,21
blistering,blistering,symptom,15,18,3,0.561905,59
oligospermia,oligospermia,symptom,23,26,4,0.498024,126
asthenozoospermia,asthenozoospermia,symptom,15,19,4,0.780952,82
remittent fever,remittent fever,symptom,41,48,7,0.706098,579
easy bruising,easy bruising,symptom,39,44,7,0.692308,513
facial thinning,facial thinning,symptom,7,7,0,1,21
flattened forehead wrinkles,flattened forehead wrinkles,symptom,7,7,0,1,21
drooping eyelids,drooping eyelids,symptom,20,20,0,0.484211,92
cheekbones,cheekbones,symptom,50,54,0,0.43102,528
thick lips,thick lips,symptom,49,52,2,0.379252,446
intussusception,intussusception,symptom,61,94,7,0.472131,864
vulvar pruritus,vulvar pruritus,symptom,38,42,3,0.347084,244
cervical spine pain,cervical spine pain,symptom,23,27,2,0.683794,173
generally improves,generally improves,symptom,15,15,0,0.619048,65
inability to sit or st,inability to sit or st,symptom,26,27,0,0.427692,139
for long periods,for long periods,symptom,16,17,0,0.6,72
the need to frequently change positions,the need to frequently change positions,symptom,10,10,0,1,45
tremulous rigidity,tremulous rigidity,symptom,20,24,2,0.478947,91
paresthesia,paresthesia,symptom,84,99,2,0.416236,1451
diminished movements,diminished movements,symptom,8,8,2,1,28
slow speech,slow speech,symptom,23,24,2,0.422925,107
depressed mood,depressed mood,symptom,39,43,2,0.323887,240
frequent suicidal attempts,frequent suicidal attempts,symptom,16,16,2,0.508333,61
tough,tough,symptom,44,47,3,0.504228,477
a waxy sheen,a waxy sheen,symptom,17,17,3,1,136
clear margins,clear margins,symptom,17,17,3,1,136
a long disease course,a long disease course,symptom,17,17,3,1,136
fatigue in limbs,fatigue in limbs,symptom,41,44,0,0.637805,523
high urinary sediment,high urinary sediment,symptom,4,4,4,1,6
cycles shorter than 21 days,cycles shorter than 21 days,symptom,11,11,4,1,55
moist rales,moist rales,symptom,123,251,1,0.453285,3401
hyperventilation,hyperventilation,symptom,28,31,1,0.838624,317
mixed acid-base disorder,mixed acid-base disorder,symptom,16,16,1,1,120
heaving pulse,heaving pulse,symptom,11,11,1,1,55
miliaria-like rash,miliaria-like rash,symptom,24,32,3,0.608696,168
toothache,toothache,symptom,147,199,0,0.26074,2798
loose teeth,loose teeth,symptom,24,26,0,0.623188,172
infective fever,infective fever,symptom,6,6,1,1,15
esophageal spasm,esophageal spasm,symptom,81,124,8,0.409568,1327
abnormal thickening of joint cartilage,abnormal thickening of joint cartilage,symptom,5,5,0,1,10
large patches on the chest,large patches on the chest,symptom,21,22,7,0.838095,176
elevated central venous pressure,elevated central venous pressure,symptom,16,16,2,1,120
water intoxication,water intoxication,symptom,51,62,2,0.631373,805
persistent natriuresis,persistent natriuresis,symptom,16,16,2,1,120
reduced secretion of antidiuretic hormone (adh),reduced secretion of antidiuretic hormone (adh),symptom,16,16,2,1,120
blue urine in children,blue urine in children,symptom,25,26,2,0.746667,224
bleeding of the auricle,bleeding of the auricle,symptom,4,4,4,1,6
presence of wounds,presence of wounds,symptom,4,4,4,1,6
repeated upper respiratory tract infections,repeated upper respiratory tract infections,symptom,24,25,1,0.84058,232
repeated pneumonia,repeated pneumonia,symptom,11,11,1,1,55
impaired movement at the metacarpophalangeal joint area,impaired movement at the metacarpophalangeal joint area,symptom,10,11,0,0.755556,34
instability of the head,instability of the head,symptom,5,5,0,1,10
pain around the nail groove,pain around the nail groove,symptom,4,4,0,1,6
adjacent tissues,adjacent tissues,symptom,14,14,3,0.43956,40
parinaud's syndrome (inability to look upward),parinaud's syndrome (inability to look upward),symptom,16,16,2,1,120
abducens nerve paralysis,abducens nerve paralysis,symptom,38,39,2,0.483642,340
disturbances in eye movement,disturbances in eye movement,symptom,22,22,2,0.679654,157
altered pupillary reflexes,altered pupillary reflexes,symptom,16,16,2,1,120
allo's pupillary sign,allo's pupillary sign,symptom,16,16,2,1,120
mental disturbances,mental disturbances,symptom,23,23,2,0.70751,179
dysregulation of body temperature,dysregulation of body temperature,symptom,24,26,2,0.757246,209
perineal prolapse,perineal prolapse,symptom,5,5,4,1,10
vaginal mass,vaginal mass,symptom,17,20,4,0.669118,91
changes in menstrual cycle,changes in menstrual cycle,symptom,40,55,4,0.442308,345
difficult labor,difficult labor,symptom,5,5,4,1,10
epidermal keratinization,epidermal keratinization,symptom,12,13,3,0.560606,37
dental anomalies,dental anomalies,symptom,10,11,3,0.533333,24
recurrent episodes,recurrent episodes,symptom,36,38,3,0.334921,211
straightening of the trunk,straightening of the trunk,symptom,7,7,7,1,21
hyperextension,hyperextension,symptom,13,13,0,0.5,39
worsening after meals,worsening after meals,symptom,14,16,7,0.681319,62
voiding abnormalities,voiding abnormalities,symptom,3,3,7,1,3
rectal pain,rectal pain,symptom,17,17,7,0.698529,95
low mood,low mood,symptom,26,29,2,0.427692,139
periodic,periodic,symptom,47,65,6,0.404255,437
rhythmic pain in the upper,rhythmic pain in the upper,symptom,8,8,7,1,28
middle abdomen,middle abdomen,symptom,14,16,7,0.769231,70
hyperlipidemia,hyperlipidemia,symptom,19,19,2,0.842105,144
intra-abdominal hemorrhage,intra-abdominal hemorrhage,symptom,11,11,7,0.872727,48
or obvious signs of fractures,or obvious signs of fractures,symptom,4,4,7,1,6
non-localized abdominal pain,non-localized abdominal pain,symptom,31,41,7,0.668817,311
ligament strain,ligament strain,symptom,4,4,0,1,6
back muscle spasms,back muscle spasms,symptom,22,23,0,0.623377,144
localized symptoms,localized symptoms,symptom,9,12,0,0.833333,30
psychogenic vomiting,psychogenic vomiting,symptom,1,1,7,0,0
prolonged menstrual period,prolonged menstrual period,symptom,20,28,4,0.405263,77
decrease in systolic blood pressure,decrease in systolic blood pressure,symptom,10,10,1,1,45
paroxysmal colic around the umbilicus,paroxysmal colic around the umbilicus,symptom,9,11,7,0.805556,29
dyspepsia,dyspepsia,symptom,60,79,7,0.520904,922
red keratotic plaques,red keratotic plaques,symptom,2,2,17,1,1
sharp demarcation,sharp demarcation,symptom,2,2,17,1,1
resembling knife-cuts,resembling knife-cuts,symptom,2,2,17,1,1
high blood pressure,high blood pressure,symptom,62,83,2,0.531465,1005
anal prolapse,anal prolapse,symptom,18,21,7,0.562092,86
susceptibility to fatigue,susceptibility to fatigue,symptom,11,11,2,1,55
food residue,food residue,symptom,7,7,7,1,21
ischemic heart rapidity,ischemic heart rapidity,symptom,10,10,2,1,45
erosive vulvitis,erosive vulvitis,symptom,10,10,3,1,45
erosive vaginitis,erosive vaginitis,symptom,10,10,3,1,45
burning of the vulva,burning of the vulva,symptom,19,19,3,0.502924,86
erythema of the vulva,erythema of the vulva,symptom,10,10,3,1,45
secondary vulvar adhesion,secondary vulvar adhesion,symptom,10,10,3,1,45
labia minora atrophy,labia minora atrophy,symptom,10,10,3,1,45
subjective feeling of qi rushing upwards from the lower abdomen to the chest,subjective feeling of qi rushing upwards from the lower abdomen to the chest,symptom,7,7,1,1,21
symptoms depend on the level of spinal lesion,symptoms depend on the level of spinal lesion,symptom,18,18,2,1,153
may include shoulder,may include shoulder,symptom,18,18,2,1,153
upper limb pain,upper limb pain,symptom,35,36,0,0.502521,299
bilateral lower limb radiating pain,bilateral lower limb radiating pain,symptom,18,18,2,1,153
sensory loss,sensory loss,symptom,96,115,2,0.356798,1627
skin trophic disturbances,skin trophic disturbances,symptom,22,25,2,0.753247,174
alcohol craving,alcohol craving,symptom,42,45,2,0.379791,327
frequent ventricular premature contractions,frequent ventricular premature contractions,symptom,38,47,1,0.483642,340
conduction block,conduction block,symptom,91,109,1,0.363858,1490
holiday heart syndrome,holiday heart syndrome,symptom,22,22,7,0.65368,151
ventricular fibrillation,ventricular fibrillation,symptom,68,109,1,0.4741,1080
orthostatic hypertension,orthostatic hypertension,symptom,10,10,1,1,45
joint rigidity,joint rigidity,symptom,43,48,0,0.478405,432
febrile episodes,febrile episodes,symptom,64,69,2,0.663194,1337
capillary rupture,capillary rupture,symptom,4,4,0,1,6
skin congestion,skin congestion,symptom,15,15,3,0.638095,67
presence of mucus in the stool,presence of mucus in the stool,symptom,24,25,7,0.67029,185
local manifestations include erythema,local manifestations include erythema,symptom,16,16,0,0.341667,41
even necrosis,even necrosis,symptom,11,12,3,0.672727,37
head distension,head distension,symptom,35,51,2,0.648739,386
abdominal fullness,abdominal fullness,symptom,34,38,7,0.693405,389
blurry objects,blurry objects,symptom,2,2,6,1,1
photosensitivity,photosensitivity,symptom,69,84,3,0.348252,817
pain in the gastric region,pain in the gastric region,symptom,1,1,7,0,0
there are clear trauma history,there are clear trauma history,symptom,16,17,4,0.808333,97
even ipsilateral inguinal radiating pain,even ipsilateral inguinal radiating pain,symptom,4,4,0,1,6
nasal discharge,nasal discharge,symptom,69,77,7,0.386616,907
obstructive nasal speech,obstructive nasal speech,symptom,10,11,7,0.777778,35
cold sensitivity,cold sensitivity,symptom,18,18,0,0.437908,67
mild numbness,mild numbness,symptom,4,4,0,1,6
lackluster complexion,lackluster complexion,symptom,17,17,3,1,136
premature aging,premature aging,symptom,30,31,3,0.462069,201
tooth loss,tooth loss,symptom,35,37,0,0.341176,203
premature ejaculation,premature ejaculation,symptom,69,92,4,0.254049,596
a sensation of heat in the chest,a sensation of heat in the chest,symptom,38,41,2,0.59744,420
soles,soles,symptom,142,184,3,0.258516,2588
bitter taste,bitter taste,symptom,59,75,9,0.437171,748
reduced tear production,reduced tear production,symptom,15,15,6,1,105
symptoms in other superficial areas,symptoms in other superficial areas,symptom,15,15,6,1,105
blood stasis,blood stasis,symptom,41,43,3,0.467073,383
shoulder lifting,shoulder lifting,symptom,16,17,1,0.891667,107
foamy sputum,foamy sputum,symptom,18,18,1,0.75817,116
progressive pain,progressive pain,symptom,9,9,7,0.833333,30
'big three-positive','big three-positive',symptom,10,10,7,1,45
spleen enlargement,spleen enlargement,symptom,25,28,7,0.766667,230
coughing up brick-red sputum,coughing up brick-red sputum,symptom,9,9,1,1,36
wet rales,wet rales,symptom,58,94,1,0.519056,858
circular or hemispherical,circular or hemispherical,symptom,17,17,3,1,136
a waxy luster,a waxy luster,symptom,17,17,3,1,136
central umbilication,central umbilication,symptom,17,17,3,1,136
cheesy plug,cheesy plug,symptom,17,17,3,1,136
initially,initially,symptom,39,40,3,0.377868,280
becoming soft upon maturity,becoming soft upon maturity,symptom,17,17,3,1,136
can be expressed to release a cheesy material,can be expressed to release a cheesy material,symptom,17,17,3,1,136
bleeding when brushing teeth,bleeding when brushing teeth,symptom,27,29,7,0.920228,323
gingival hemorrhage,gingival hemorrhage,symptom,34,37,7,0.761141,427
affected children have legs of different lengths,affected children have legs of different lengths,symptom,3,3,18,1,3
impacting st,impacting st,symptom,14,14,18,0.648352,59
walking abilities,walking abilities,symptom,3,3,18,1,3
mental dullness,mental dullness,symptom,27,27,3,0.60114,211
lack of energy,lack of energy,symptom,75,82,7,0.364324,1011
lack of initiative in speech,lack of initiative in speech,symptom,19,19,4,0.520468,89
bilateral hearing impairment,bilateral hearing impairment,symptom,2,2,2,1,1
few mastoid air cells,few mastoid air cells,symptom,2,2,2,1,1
spinal cord lesions,spinal cord lesions,symptom,42,49,2,0.574913,495
enlargement of the masseter muscle,enlargement of the masseter muscle,symptom,5,5,0,1,10
throbbing pain,throbbing pain,symptom,37,40,0,0.542042,361
leukoplakia,leukoplakia,symptom,79,89,3,0.299253,922
indurations,indurations,symptom,8,8,3,1,28
small nodules,small nodules,symptom,14,14,3,0.43956,40
extruding masses,extruding masses,symptom,8,8,3,1,28
diarrhoea or unformed stools,diarrhoea or unformed stools,symptom,6,6,7,1,15
systolic thrill,systolic thrill,symptom,36,57,1,0.663492,418
muscular tension,muscular tension,symptom,28,32,7,0.84127,318
painless localized swelling,painless localized swelling,symptom,6,6,7,1,15
reduced muscle tone,reduced muscle tone,symptom,95,118,2,0.369765,1651
vulvar ulceration,vulvar ulceration,symptom,4,4,7,1,6
mental dispersion,mental dispersion,symptom,18,18,2,1,153
tendon tear,tendon tear,symptom,3,3,1,1,3
flank mass,flank mass,symptom,12,12,4,1,66
pulmonary embolism,pulmonary embolism,symptom,67,75,1,0.446404,987
limb thrombosis,limb thrombosis,symptom,12,12,4,1,66
forearm pain,forearm pain,symptom,19,19,0,0.426901,73
deltoid pain,deltoid pain,symptom,5,5,0,1,10
scapular radiating pain,scapular radiating pain,symptom,5,5,0,1,10
facial pain,facial pain,symptom,107,127,7,0.338741,1921
ankles,ankles,symptom,66,76,0,0.3338,716
hypoalbuminemia,hypoalbuminemia,symptom,73,112,4,0.363775,956
hypercholesterolemia,hypercholesterolemia,symptom,9,10,4,0.722222,26
weakness of the waist,weakness of the waist,symptom,47,64,0,0.424607,459
postcoital bleeding,postcoital bleeding,symptom,7,10,4,0.714286,15
subjective sensations of rotation,subjective sensations of rotation,symptom,8,8,2,1,28
loss of balance,loss of balance,symptom,8,8,2,1,28
falls,falls,symptom,67,74,2,0.406603,899
empty acetabulum,empty acetabulum,symptom,1,1,0,0,0
gum swelling,gum swelling,symptom,45,50,0,0.384848,381
exertion,exertion,symptom,29,30,0,0.517241,210
short duration of sexual activity,short duration of sexual activity,symptom,21,22,4,0.466667,98
hardness,hardness,symptom,46,51,7,0.347826,360
cold sweating,cold sweating,symptom,8,8,3,1,28
exogenous squamous epithelial wart-like hyperplasia,exogenous squamous epithelial wart-like hyperplasia,symptom,8,8,3,1,28
localized erythema,localized erythema,symptom,7,7,3,1,21
bleeding on the inner surface of the foreskin,bleeding on the inner surface of the foreskin,symptom,7,7,3,1,21
frequent urges to defecate,frequent urges to defecate,symptom,25,25,7,1,300
small amounts of stool each time,small amounts of stool each time,symptom,25,25,7,1,300
elevated above the skin),elevated above the skin),symptom,16,18,3,0.458333,55
atrophic scars,atrophic scars,symptom,22,23,3,0.437229,101
pharyngeal congestion,pharyngeal congestion,symptom,50,60,6,0.467755,573
cyanotic skin changes,cyanotic skin changes,symptom,3,3,3,1,3
history of forearm trauma,history of forearm trauma,symptom,28,37,0,0.452381,171
abnormal movement,abnormal movement,symptom,28,36,0,0.383598,145
premature development of adam's apple,premature development of adam's apple,symptom,3,4,3,0.666667,2
axillary hair,axillary hair,symptom,45,50,7,0.50303,498
hemolysis,hemolysis,symptom,65,79,7,0.620192,1290
bone destruction,bone destruction,symptom,86,96,3,0.474692,1735
expulsion of the gestational sac,expulsion of the gestational sac,symptom,5,6,4,0.9,9
watery or egg-drop soup-like stools,watery or egg-drop soup-like stools,symptom,7,7,7,1,21
pus/blood,pus/blood,symptom,7,7,7,1,21
decreased visual acuity,decreased visual acuity,symptom,46,59,6,0.350725,363
breast distention,breast distention,symptom,2,2,0,1,1
lymph node swelling,lymph node swelling,symptom,34,39,7,0.534759,300
enlarged male breasts,enlarged male breasts,symptom,22,24,0,0.441558,102
breast hypertrophy,breast hypertrophy,symptom,11,11,0,1,55
pharyngeal muscle disorders,pharyngeal muscle disorders,symptom,12,13,3,0.681818,45
medullary hyperplasia,medullary hyperplasia,symptom,10,10,3,0.6,27
medullary carcinoma transformation,medullary carcinoma transformation,symptom,3,3,3,1,3
hair fragility,hair fragility,symptom,3,3,3,1,3
during breastfeeding,during breastfeeding,symptom,15,16,4,0.457143,48
sharp pain in the nipple is experienced,sharp pain in the nipple is experienced,symptom,9,9,4,0.444444,16
suppurating,suppurating,symptom,5,5,4,1,10
the formation of yellow crusts when wiped,the formation of yellow crusts when wiped,symptom,5,5,4,1,10
duodenal stricture,duodenal stricture,symptom,6,6,7,1,15
duodenal dilation,duodenal dilation,symptom,6,6,7,1,15
urination disorder,urination disorder,symptom,6,6,4,1,15
bedwetting in children,bedwetting in children,symptom,6,6,4,1,15
overthinking,overthinking,symptom,15,15,1,1,105
easily angered,easily angered,symptom,15,15,1,1,105
talkativeness,talkativeness,symptom,23,28,1,0.822134,208
radiation pain,radiation pain,symptom,10,10,8,1,45
swollen vulvar skin,swollen vulvar skin,symptom,15,15,4,1,105
sensation of vulvar prolapse,sensation of vulvar prolapse,symptom,43,45,4,0.436323,394
mediastinal shift,mediastinal shift,symptom,23,25,1,0.55336,140
paralysis of the lower limbs,paralysis of the lower limbs,symptom,38,38,0,0.472262,332
disruption of the reflex arc,disruption of the reflex arc,symptom,11,11,2,1,55
myasthenic crisis,myasthenic crisis,symptom,19,22,2,0.77193,132
cholinergic crisis,cholinergic crisis,symptom,11,11,2,1,55
cognitive decline,cognitive decline,symptom,53,67,2,0.463716,639
elevated red blood cell hematocrit,elevated red blood cell hematocrit,symptom,23,33,1,0.770751,195
decreased effective blood volume,decreased effective blood volume,symptom,26,33,1,0.701538,228
increased skin fragility,increased skin fragility,symptom,27,30,3,0.57265,201
scleral congestion,scleral congestion,symptom,29,33,6,0.672414,273
hypersecretion of mucus,hypersecretion of mucus,symptom,11,11,7,1,55
hemorrhagic necrosis,hemorrhagic necrosis,symptom,45,60,1,0.578788,573
coughing up brownish sputum plugs,coughing up brownish sputum plugs,symptom,16,21,1,0.925,111
absence of bowel sounds,absence of bowel sounds,symptom,29,45,7,0.633005,257
reduction or disappearance of liver dullness,reduction or disappearance of liver dullness,symptom,10,10,7,1,45
paradoxical pulsation,paradoxical pulsation,symptom,10,10,1,1,45
right ventricular outflow tract,right ventricular outflow tract,symptom,42,61,1,0.563298,485
sunken eyeballs,sunken eyeballs,symptom,26,30,7,0.686154,223
dark circles under the eyes,dark circles under the eyes,symptom,16,16,7,0.516667,62
decreased urination,decreased urination,symptom,25,28,7,0.666667,200
generalized floppiness,generalized floppiness,symptom,2,2,2,1,1
erect normally,erect normally,symptom,2,2,2,1,1
fingertips/toes,fingertips/toes,symptom,19,19,1,1,171
deepened breathing,deepened breathing,symptom,19,19,1,1,171
presence of a hemispherical lump at the umbilicus,presence of a hemispherical lump at the umbilicus,symptom,2,2,7,1,1
sense of impact when coughing,sense of impact when coughing,symptom,2,2,7,1,1
symptoms include urethral bleeding,symptoms include urethral bleeding,symptom,13,14,4,0.74359,58
prolonged qrs duration,prolonged qrs duration,symptom,4,4,2,1,6
extending,extending,symptom,23,28,0,0.517787,131
loss of sensation,loss of sensation,symptom,43,48,2,0.3732,337
the medial side of the lower leg,the medial side of the lower leg,symptom,18,20,0,0.490196,75
vision disturbances,vision disturbances,symptom,26,29,6,0.56,182
reduced hearing,reduced hearing,symptom,33,44,2,0.454545,240
dark moles,dark moles,symptom,19,21,3,0.555556,95
skin infiltration,skin infiltration,symptom,40,44,3,0.523077,408
firm skin,firm skin,symptom,23,23,4,0.533597,135
significant central inflammation followed by softening,significant central inflammation followed by softening,symptom,8,8,0,1,28
pus formation,pus formation,symptom,51,59,0,0.419608,535
discharge of purulent fluid,discharge of purulent fluid,symptom,8,8,0,1,28
tissue necrosis,tissue necrosis,symptom,71,82,3,0.412072,1024
increased leukorrhea,increased leukorrhea,symptom,24,27,4,0.322464,89
neurological deficits,neurological deficits,symptom,45,47,2,0.694949,688
gouty arthritis,gouty arthritis,symptom,6,6,7,1,15
acute onset,acute onset,symptom,34,49,7,0.693405,389
absence of fetal movements,absence of fetal movements,symptom,8,10,4,0.678571,19
cord-like structure,cord-like structure,symptom,4,4,0,1,6
mucous membrane bleeding,mucous membrane bleeding,symptom,17,17,7,1,136
scapular areas,scapular areas,symptom,8,8,7,1,28
scaly patches,scaly patches,symptom,9,9,3,0.777778,28
reduced immunity,reduced immunity,symptom,18,21,7,0.490196,75
absent tendon reflex,absent tendon reflex,symptom,77,84,2,0.513671,1503
loss of gag reflex,loss of gag reflex,symptom,31,33,2,0.453763,211
proliferation in the area of the sternocleidomastoid muscle in newborns,proliferation in the area of the sternocleidomastoid muscle in newborns,symptom,9,9,2,0.611111,22
self-relieving after several months,self-relieving after several months,symptom,2,2,2,1,1
occasional occurrence of torticollis,occasional occurrence of torticollis,symptom,2,2,2,1,1
floating black shadows,floating black shadows,symptom,4,4,6,1,6
peripheral visual field defect,peripheral visual field defect,symptom,4,4,6,1,6
heaviness in the chest,heaviness in the chest,symptom,19,19,1,0.883041,151
prostate hypertrophy,prostate hypertrophy,symptom,5,5,4,1,10
mucoid urine,mucoid urine,symptom,5,5,4,1,10
radiating pain to sacrum,radiating pain to sacrum,symptom,6,6,4,1,15
the back of the thigh,the back of the thigh,symptom,6,6,4,1,15
slippage may compress nerve roots,slippage may compress nerve roots,symptom,6,6,4,1,15
abnormal heartbeat,abnormal heartbeat,symptom,2,2,4,1,1
difficulty in feeding,difficulty in feeding,symptom,88,104,2,0.276646,1059
symptoms worsen or occur in damp,symptoms worsen or occur in damp,symptom,14,14,0,0.593407,54
cold weather,cold weather,symptom,16,16,0,0.591667,71
changes in vital signs,changes in vital signs,symptom,9,11,2,0.722222,26
sciatica,sciatica,symptom,52,53,2,0.401207,532
intestinal obstruction,intestinal obstruction,symptom,50,63,7,0.452245,554
rhombohedron phenomenon,rhombohedron phenomenon,symptom,5,7,6,1,10
characteristic congenital torticollis,characteristic congenital torticollis,symptom,15,15,0,0.495238,52
swelling of the neck muscles,swelling of the neck muscles,symptom,26,26,9,0.578462,188
out much pain,out much pain,symptom,11,11,0,0.6,33
intense exercise or trauma can lead to muscle rupture,intense exercise or trauma can lead to muscle rupture,symptom,8,8,0,1,28
vascular murmur,vascular murmur,symptom,47,55,2,0.414431,448
lung metastasis,lung metastasis,symptom,26,26,7,0.473846,154
circulatory failure,circulatory failure,symptom,39,45,7,0.60054,445
frequent fetal movements,frequent fetal movements,symptom,9,9,4,0.777778,28
febrile illness,febrile illness,symptom,34,45,7,0.878788,493
limb embolism,limb embolism,symptom,3,3,1,1,3
limitation of eye movement,limitation of eye movement,symptom,17,21,6,0.595588,81
colonic pigmentation,colonic pigmentation,symptom,9,9,7,1,36
poor urination,poor urination,symptom,21,27,4,0.833333,175
interrupted urine flow,interrupted urine flow,symptom,29,46,4,0.566502,230
urinary calculi,urinary calculi,symptom,6,6,4,1,15
palpable bone friction,palpable bone friction,symptom,11,11,0,1,55
decreased endurance,decreased endurance,symptom,18,20,1,0.934641,143
inability to start moving after st,inability to start moving after st,symptom,13,13,2,1,78
difficulty climbing stairs,difficulty climbing stairs,symptom,13,13,2,1,78
dull appearance,dull appearance,symptom,2,2,6,1,1
elevated diastolic pressure,elevated diastolic pressure,symptom,10,10,4,1,45
abdominal bruit,abdominal bruit,symptom,10,10,4,1,45
fundus changes,fundus changes,symptom,58,79,6,0.379915,628
intense pruritus,intense pruritus,symptom,25,25,3,1,300
scratch marks,scratch marks,symptom,33,37,3,0.689394,364
seborrheic crusts,seborrheic crusts,symptom,25,25,3,1,300
slightly raised plaques,slightly raised plaques,symptom,10,10,7,1,45
bilateral renal pain,bilateral renal pain,symptom,24,25,7,0.771739,213
reduced kidney function,reduced kidney function,symptom,16,16,0,0.633333,76
ovarian dysfunction,ovarian dysfunction,symptom,37,39,4,0.534535,356
internal bleeding,internal bleeding,symptom,59,74,4,0.433665,742
aggravated by movement,aggravated by movement,symptom,13,13,0,0.653846,51
intention tremor,intention tremor,symptom,41,55,2,0.360976,296
pigment loss,pigment loss,symptom,25,30,3,0.43,129
premature heartbeats detected upon auscultation,premature heartbeats detected upon auscultation,symptom,1,1,1,0,0
they reveal a red,they reveal a red,symptom,15,15,3,1,105
dry up,dry up,symptom,25,26,3,0.656667,197
scarring,scarring,symptom,33,35,3,0.541667,286
mild fatigue,mild fatigue,symptom,6,6,7,1,15
spider nevi,spider nevi,symptom,47,67,7,0.542091,586
has a family,has a family,symptom,2,2,19,1,1
restless heart,restless heart,symptom,2,2,19,1,1
has multiple partners,has multiple partners,symptom,2,2,19,1,1
enlarged head,enlarged head,symptom,45,52,0,0.320202,317
sinoatrial nodal disease,sinoatrial nodal disease,symptom,36,47,1,0.57619,363
underdeveloped ascending aorta segment,underdeveloped ascending aorta segment,symptom,14,14,1,1,91
pulsus alternans,pulsus alternans,symptom,23,24,1,0.837945,212
right bundle branch block,right bundle branch block,symptom,22,26,1,0.735931,170
spitting blood,spitting blood,symptom,35,36,9,0.697479,415
port-wine stains,port-wine stains,symptom,18,18,2,0.888889,136
lens opacity,lens opacity,symptom,45,47,2,0.383838,380
hemiatrophy,hemiatrophy,symptom,48,48,3,0.390957,441
orbital constriction,orbital constriction,symptom,17,19,6,0.735294,100
extraosseous mass,extraosseous mass,symptom,2,2,20,1,1
non-intense,non-intense,symptom,2,2,20,1,1
non-continuous pain,non-continuous pain,symptom,2,2,20,1,1
skin darkening,skin darkening,symptom,31,33,3,0.458065,213
fistula formation,fistula formation,symptom,28,28,3,0.589947,223
abnormal postures of limbs,abnormal postures of limbs,symptom,5,5,2,1,10
or the entire body,or the entire body,symptom,12,13,2,0.454545,30
lumbar soreness,lumbar soreness,symptom,90,110,2,0.388265,1555
irregular teething,irregular teething,symptom,6,6,0,0.666667,10
delayed fracture healing,delayed fracture healing,symptom,13,13,2,1,78
intraventricular hemorrhage,intraventricular hemorrhage,symptom,40,43,2,0.496154,387
thalamic hemorrhage,thalamic hemorrhage,symptom,28,33,2,0.608466,230
induced upon fat intake,induced upon fat intake,symptom,7,7,7,1,21
pulsatile swelling in the popliteal fossa,pulsatile swelling in the popliteal fossa,symptom,11,12,0,0.672727,37
ischemia of the foot,ischemia of the foot,symptom,7,7,0,1,21
compression of nearby tissues,compression of nearby tissues,symptom,7,7,0,1,21
diminished or absent popliteal artery pulsation,diminished or absent popliteal artery pulsation,symptom,15,15,0,0.561905,59
localized depression or defect in the head,localized depression or defect in the head,symptom,9,9,0,1,36
pulsation in the defect area,pulsation in the defect area,symptom,9,9,0,1,36
poor self-control,poor self-control,symptom,9,9,0,1,36
immune dysfunction,immune dysfunction,symptom,11,11,1,0.8,44
excessive enlargement of the breasts,excessive enlargement of the breasts,symptom,22,23,7,0.61039,141
inverted nipples,inverted nipples,symptom,14,15,4,0.67033,61
mammary gl,mammary gl,symptom,67,75,4,0.25147,556
pink frothy sputum,pink frothy sputum,symptom,137,273,1,0.397918,3707
burning throat,burning throat,symptom,11,11,7,1,55
phonation,phonation,symptom,11,11,7,1,55
little phlegm,little phlegm,symptom,14,14,9,0.824176,75
abnormal urination,abnormal urination,symptom,5,5,4,1,10
increased menstrual flow,increased menstrual flow,symptom,27,36,7,0.498575,175
bloody discharge from the external auditory canal,bloody discharge from the external auditory canal,symptom,14,14,7,0.747253,68
discharge from the umbilicus,discharge from the umbilicus,symptom,1,1,0,0,0
inattention,inattention,symptom,71,85,2,0.431791,1073
violent impulsive behavior,violent impulsive behavior,symptom,18,19,2,0.679739,104
impulsive destruction of objects,impulsive destruction of objects,symptom,15,17,2,0.714286,75
conduct disorders,conduct disorders,symptom,10,10,2,1,45
broad eye distance,broad eye distance,symptom,47,49,0,0.408881,442
recurrent fractures in children,recurrent fractures in children,symptom,13,13,0,1,78
coxa vara,coxa vara,symptom,23,23,0,0.577075,146
wide eye distance,wide eye distance,symptom,28,29,0,0.378307,143
painful muscles in the limbs,painful muscles in the limbs,symptom,2,2,0,1,1
muscarinic symptoms,muscarinic symptoms,symptom,8,8,2,1,28
conversion disorder gait,conversion disorder gait,symptom,8,8,2,1,28
low physical function,low physical function,symptom,2,2,2,1,1
symptoms worsen after fatigue or prolonged periods of looking down,symptoms worsen after fatigue or prolonged periods of looking down,symptom,8,8,0,0.607143,17
buttock pain,buttock pain,symptom,25,26,0,0.61,183
iliac fossa pain,iliac fossa pain,symptom,20,20,3,0.578947,110
skin thinning,skin thinning,symptom,20,20,3,0.736842,140
shininess,shininess,symptom,13,13,3,1,78
three-concavity sign,three-concavity sign,symptom,47,56,1,0.60592,655
tubular breath sounds,tubular breath sounds,symptom,18,20,1,0.816993,125
dry rales,dry rales,symptom,36,41,1,0.715873,451
thickening of finger joints,thickening of finger joints,symptom,3,3,0,1,3
dull pain in fingers (toes),dull pain in fingers (toes),symptom,21,22,0,0.580952,122
swelling of fingers (or toes),swelling of fingers (or toes),symptom,27,27,0,0.401709,141
urine color change,urine color change,symptom,7,7,7,1,21
a surrounding thickened keratin rim,a surrounding thickened keratin rim,symptom,5,5,3,1,10
the hyperkeratotic layer can be pared away to reveal soft,the hyperkeratotic layer can be pared away to reveal soft,symptom,5,5,3,1,10
loose keratin,loose keratin,symptom,5,5,3,1,10
night terrors,night terrors,symptom,47,56,2,0.358927,388
swelling at the base of the umbilicus,swelling at the base of the umbilicus,symptom,16,16,6,0.633333,76
the presence of the umbilical cord at the center of the swelling,the presence of the umbilical cord at the center of the swelling,symptom,15,15,0,0.609524,64
seen after birth,seen after birth,symptom,5,5,0,1,10
pulmonary consolidation,pulmonary consolidation,symptom,29,29,1,0.721675,293
hemorrhagic infarction,hemorrhagic infarction,symptom,11,11,1,1,55
delayed growth,delayed growth,symptom,69,83,2,0.318841,748
thin stools,thin stools,symptom,43,49,7,0.566999,512
pale tongue,pale tongue,symptom,22,22,4,0.593074,137
slippery pulse,slippery pulse,symptom,36,38,9,0.455556,287
extension movement,extension movement,symptom,8,8,0,1,28
positive patellar ballottement test,positive patellar ballottement test,symptom,8,8,0,1,28
protrusion in the vaginal wall,protrusion in the vaginal wall,symptom,4,4,4,0.5,3
difference in heart rate between st,difference in heart rate between st,symptom,8,8,4,1,28
tooth displacement,tooth displacement,symptom,24,25,0,0.641304,177
symptoms of pregnancy,symptoms of pregnancy,symptom,21,23,4,0.580952,122
preeclampsia,preeclampsia,symptom,39,49,4,0.502024,372
exhaustion,exhaustion,symptom,56,72,7,0.648052,998
chronic abdominal pain,chronic abdominal pain,symptom,37,41,7,0.8003,533
esophageal gap mass formation,esophageal gap mass formation,symptom,10,10,8,1,45
hepatic facies,hepatic facies,symptom,12,12,7,1,66
progressive hepatic shrinkage,progressive hepatic shrinkage,symptom,12,12,7,1,66
in four months,in four months,symptom,7,7,1,1,21
lack of tears,lack of tears,symptom,6,6,6,0.666667,10
cushing's syndrome,cushing's syndrome,symptom,53,57,4,0.352685,486
diaphoresis,diaphoresis,symptom,66,72,2,0.639627,1372
distension of the jugular veins,distension of the jugular veins,symptom,21,22,1,0.795238,167
positive hepatojugular reflux,positive hepatojugular reflux,symptom,22,23,1,0.82684,191
reduced cardiac reserve,reduced cardiac reserve,symptom,12,12,1,1,66
protruding forehead,protruding forehead,symptom,23,23,0,1,253
dull facial expressions,dull facial expressions,symptom,76,79,9,0.327368,933
poor cartilage development,poor cartilage development,symptom,66,69,0,0.337529,724
skeletal deformities,skeletal deformities,symptom,64,67,0,0.387401,781
sensory dullness,sensory dullness,symptom,37,37,0,0.633634,422
backache,backache,symptom,60,72,4,0.422034,747
iliac areas,iliac areas,symptom,4,4,4,1,6
abnormal mental,abnormal mental,symptom,3,3,7,1,3
behavioral symptoms,behavioral symptoms,symptom,3,3,7,1,3
lower extremity swelling,lower extremity swelling,symptom,10,10,2,1,45
lower leg ulceration,lower leg ulceration,symptom,10,10,2,1,45
tongue numbness,tongue numbness,symptom,6,6,0,0.6,9
hypoglossal nerve paralysis,hypoglossal nerve paralysis,symptom,4,4,0,1,6
amyloidosis,amyloidosis,symptom,36,38,7,0.584127,368
pale stools,pale stools,symptom,35,44,7,0.717647,427
burning sensation between the chest,burning sensation between the chest,symptom,10,10,7,1,45
strawberry tongue,strawberry tongue,symptom,51,69,7,0.564706,720
foot perforation,foot perforation,symptom,11,11,2,1,55
episodic foolish laughter,episodic foolish laughter,symptom,39,40,2,0.404858,300
occupational neurosis,occupational neurosis,symptom,35,40,2,0.552941,329
inability to dorsiflex the foot,inability to dorsiflex the foot,symptom,35,42,2,0.457143,272
red patches on the breast skin,red patches on the breast skin,symptom,7,7,3,1,21
adjacent skin,adjacent skin,symptom,7,7,3,1,21
asymptomatic nodules,asymptomatic nodules,symptom,7,7,3,1,21
neurasthenia syndrome,neurasthenia syndrome,symptom,62,101,2,0.597039,1129
unilateral optic atrophy,unilateral optic atrophy,symptom,14,14,3,0.868132,79
radiating along the anterior,radiating along the anterior,symptom,10,10,0,1,45
medial aspects of the thigh,medial aspects of the thigh,symptom,16,18,0,0.733333,88
the nevus often appears darker in color,the nevus often appears darker in color,symptom,4,4,3,1,6
typically brown-black or black,typically brown-black or black,symptom,4,4,3,1,6
verrucous proliferation,verrucous proliferation,symptom,35,35,3,0.653782,389
more abundant than normal,more abundant than normal,symptom,4,4,3,1,6
herpes labialis,herpes labialis,symptom,25,28,3,0.823333,247
diminished corneal sensation,diminished corneal sensation,symptom,11,11,0,0.490909,27
nocturnal emission,nocturnal emission,symptom,28,29,2,0.391534,148
spermatorrhea,spermatorrhea,symptom,20,20,3,0.594737,113
duration of intercourse less than one minute,duration of intercourse less than one minute,symptom,6,6,4,1,15
ejaculation after fewer than 15 penile thrusts,ejaculation after fewer than 15 penile thrusts,symptom,6,6,4,1,15
causing sexually functional women to be unsatisfied in at least 50% of sexual encounters,causing sexually functional women to be unsatisfied in at least 50% of sexual encounters,symptom,6,6,4,1,15
reluctance to speak,reluctance to speak,symptom,22,24,7,0.619048,143
aversion to cold,aversion to cold,symptom,143,237,7,0.314784,3196
audible dry,audible dry,symptom,44,61,1,0.714588,676
clubbed nails,clubbed nails,symptom,13,13,1,1,78
abnormal blood lipids,abnormal blood lipids,symptom,20,20,2,0.431579,82
elbow pain,elbow pain,symptom,31,35,0,0.31828,148
failure to thrive,failure to thrive,symptom,17,18,7,0.654412,89
rickets,rickets,symptom,17,17,7,0.691176,94
yellow-white pupil reflectivity,yellow-white pupil reflectivity,symptom,12,12,6,1,66
enlargement of central blind spot,enlargement of central blind spot,symptom,27,31,6,0.558405,196
bulging of the eyeball,bulging of the eyeball,symptom,12,12,6,1,66
roth's spots on the retina,roth's spots on the retina,symptom,12,12,6,1,66
pseudo-hypopyon,pseudo-hypopyon,symptom,12,12,6,1,66
enlarged prostate,enlarged prostate,symptom,34,41,4,0.495544,278
post-micturition dribble,post-micturition dribble,symptom,18,18,4,1,153
incomplete bladder emptying,incomplete bladder emptying,symptom,27,33,4,0.615385,216
detrusor instability,detrusor instability,symptom,18,18,4,1,153
nodular fibrous tissue hyperplasia,nodular fibrous tissue hyperplasia,symptom,26,26,4,0.612308,199
corneal ulcer,corneal ulcer,symptom,83,115,6,0.369674,1258
a rotten egg smell,a rotten egg smell,symptom,5,5,8,1,10
sluggish reaction,sluggish reaction,symptom,42,47,2,0.61324,528
brainstem hemorrhage,brainstem hemorrhage,symptom,25,25,2,1,300
brainstem lesions,brainstem lesions,symptom,50,56,2,0.503673,617
periaqueductal damage,periaqueductal damage,symptom,25,25,2,1,300
facial muscle twitching,facial muscle twitching,symptom,79,107,2,0.489127,1507
ventricular compression shift,ventricular compression shift,symptom,61,86,2,0.408197,747
hypothalamic damage,hypothalamic damage,symptom,45,50,2,0.560606,555
localized breast pain,localized breast pain,symptom,3,3,7,1,3
decreased glomerular filtration rate,decreased glomerular filtration rate,symptom,73,97,4,0.471842,1240
tubular atrophy,tubular atrophy,symptom,11,11,7,1,55
genu valgum,genu valgum,symptom,53,62,0,0.286647,395
various degrees of corneal irritation symptoms,various degrees of corneal irritation symptoms,symptom,2,2,9,1,1
bleeding in the skin,bleeding in the skin,symptom,24,25,7,0.742754,205
oral cavity,oral cavity,symptom,41,47,1,0.470732,386
greenish masses in the orbit,greenish masses in the orbit,symptom,12,12,6,1,66
skin aging,skin aging,symptom,23,26,7,0.482213,122
hepatic facial appearance,hepatic facial appearance,symptom,18,20,7,0.738562,113
nails appear fan-shaped,nails appear fan-shaped,symptom,7,7,7,1,21
overproduction of growth hormone,overproduction of growth hormone,symptom,11,11,2,1,55
large tongue,large tongue,symptom,11,11,2,1,55
nodding signs,nodding signs,symptom,40,40,2,0.541026,422
mental retardation,mental retardation,symptom,39,39,2,0.431849,320
tonic spasms,tonic spasms,symptom,25,26,2,0.656667,197
bad dreams,bad dreams,symptom,2,2,1,1,1
intersex anomalies,intersex anomalies,symptom,22,29,4,0.515152,119
masculinization,masculinization,symptom,38,44,4,0.374111,263
hypospadias,hypospadias,symptom,49,58,4,0.243197,286
short penis,short penis,symptom,29,39,4,0.408867,166
easy detachment of iud,easy detachment of iud,symptom,3,3,4,1,3
wheal-like lesions at the scratched areas,wheal-like lesions at the scratched areas,symptom,11,11,1,1,55
systemic allergic reactions,systemic allergic reactions,symptom,62,75,1,0.512427,969
neonatal stridor,neonatal stridor,symptom,10,10,1,1,45
temporom,temporom,symptom,21,28,0,0.557143,117
shoulder joint instability,shoulder joint instability,symptom,1,1,0,0,0
mucosal congestion,mucosal congestion,symptom,63,78,3,0.3702,723
associative,associative,symptom,16,17,2,0.658333,79
loose associations,loose associations,symptom,11,11,2,1,55
thought disintegration,thought disintegration,symptom,11,11,2,1,55
thought disorder,thought disorder,symptom,26,27,2,0.473846,154
obsessive-compulsive neurosis,obsessive-compulsive neurosis,symptom,18,18,2,0.542484,83
emotional disorders in children,emotional disorders in children,symptom,28,29,2,0.47619,180
single episode depression,single episode depression,symptom,11,11,2,1,55
liver palms,liver palms,symptom,31,41,7,0.606452,282
hepatic fibrosis,hepatic fibrosis,symptom,11,11,7,1,55
hepatic hydrothorax,hepatic hydrothorax,symptom,20,20,7,0.763158,145
thin urinary stream,thin urinary stream,symptom,16,18,4,0.716667,86
newborn torticollis,newborn torticollis,symptom,3,3,0,1,3
sensation of pressure,sensation of pressure,symptom,52,57,3,0.354449,470
hemispatial neglect,hemispatial neglect,symptom,4,4,2,1,6
vertical neglect,vertical neglect,symptom,7,7,2,0.47619,10
motor neglect,motor neglect,symptom,4,4,2,1,6
terry's nails,terry's nails,symptom,2,2,7,1,1
liver disease content,liver disease content,symptom,2,2,7,1,1
shortened menstrual cycles,shortened menstrual cycles,symptom,6,6,4,1,15
frequent menstruation,frequent menstruation,symptom,6,6,4,1,15
foci,foci,symptom,17,17,3,0.617647,84
diuresis,diuresis,symptom,7,7,7,1,21
poor skin turgor,poor skin turgor,symptom,17,21,7,0.676471,92
fecal leakage,fecal leakage,symptom,2,2,7,1,1
urinary tract flatulence,urinary tract flatulence,symptom,2,2,7,1,1
inability to move the eyeball at will,inability to move the eyeball at will,symptom,22,25,6,0.519481,120
distal numbness,distal numbness,symptom,17,18,2,0.632353,86
pain or abnormal sensations in the limbs,pain or abnormal sensations in the limbs,symptom,16,16,2,0.675,81
proximal muscle,proximal muscle,symptom,10,10,2,1,45
difficulty concentrating,difficulty concentrating,symptom,42,45,2,0.376307,324
lower abdominal distension pain,lower abdominal distension pain,symptom,26,27,4,0.56,182
nail dystrophy,nail dystrophy,symptom,37,38,3,0.481982,321
palmoplantar keratoderma,palmoplantar keratoderma,symptom,13,13,3,0.705128,55
abnormal hair characteristics,abnormal hair characteristics,symptom,9,9,3,1,36
rapid pulse,rapid pulse,symptom,141,204,1,0.304053,3001
enlarging abdomen,enlarging abdomen,symptom,4,4,7,1,6
increased abdominal girth,increased abdominal girth,symptom,41,46,7,0.55122,452
nerve root irritation,nerve root irritation,symptom,15,16,7,0.914286,96
febrile infection,febrile infection,symptom,83,101,7,0.506318,1723
panniculitis,panniculitis,symptom,26,32,3,0.649231,211
pigmentation anomalies,pigmentation anomalies,symptom,25,27,3,0.75,225
compression fracture,compression fracture,symptom,3,3,4,1,3
lumbar muscle spasm,lumbar muscle spasm,symptom,11,11,0,0.672727,37
rapid expansion of redness,rapid expansion of redness,symptom,5,5,0,1,10
swelling around the wound,swelling around the wound,symptom,5,5,0,1,10
grey-yellow bloody pus,grey-yellow bloody pus,symptom,8,8,0,0.464286,13
osteomyelitis,osteomyelitis,symptom,65,67,3,0.638462,1328
green color blindness,green color blindness,symptom,39,39,6,0.34278,254
worsening during talking,worsening during talking,symptom,4,4,9,1,6
improved when lying down,improved when lying down,symptom,4,4,9,1,6
a feeling of prolapse in the external genitalia,a feeling of prolapse in the external genitalia,symptom,13,13,4,0.935897,73
esophageal bleeding,esophageal bleeding,symptom,28,38,8,0.759259,287
sensation of a lump in the throat,sensation of a lump in the throat,symptom,14,14,3,0.747253,68
perianal ulceration,perianal ulceration,symptom,18,18,3,0.633987,97
persistent non-healing,persistent non-healing,symptom,11,11,3,1,55
generally flat surface of the gl,generally flat surface of the gl,symptom,7,7,3,1,21
soft texture,soft texture,symptom,42,49,3,0.222997,192
moves up,moves up,symptom,16,18,3,0.691667,83
the larynx,the larynx,symptom,54,54,3,0.794549,1137
fixed deviation of the eyeball,fixed deviation of the eyeball,symptom,28,29,6,0.362434,137
yellow-white reflex in the pupil,yellow-white reflex in the pupil,symptom,9,9,6,1,36
protrusion of the eyeball,protrusion of the eyeball,symptom,29,35,6,0.431034,175
purulent plaque,purulent plaque,symptom,9,9,6,1,36
body odor,body odor,symptom,16,17,3,0.325,39
gradual abdominal distension,gradual abdominal distension,symptom,5,5,6,1,10
frog-like nose,frog-like nose,symptom,4,4,7,1,6
sensation of unblowable nasal mucus,sensation of unblowable nasal mucus,symptom,9,11,7,0.722222,26
muscle ache,muscle ache,symptom,38,42,0,0.662873,466
distention pain,distention pain,symptom,26,30,7,0.547692,178
preauricular enlargement,preauricular enlargement,symptom,4,4,6,1,6
symptoms of esophageal reflux,symptoms of esophageal reflux,symptom,33,44,8,0.625,330
eyelid twitching,eyelid twitching,symptom,8,8,2,0.571429,16
swallowing movements,swallowing movements,symptom,11,11,2,0.527273,29
each other,each other,symptom,10,10,3,1,45
can also present as tiny angiomas,can also present as tiny angiomas,symptom,20,20,3,0.536842,102
elevated pulsation,elevated pulsation,symptom,3,3,1,1,3
pain at the apex of the cervical,pain at the apex of the cervical,symptom,7,7,0,1,21
lumbar spinous processes,lumbar spinous processes,symptom,10,10,0,0.533333,24
mild swelling,mild swelling,symptom,34,34,0,0.333333,187
cold exposure,cold exposure,symptom,72,82,0,0.209703,536
-like pattern appearing prior to the rash,-like pattern appearing prior to the rash,symptom,3,3,6,1,3
spinal cord pressure,spinal cord pressure,symptom,12,12,0,1,66
semi-transparent,semi-transparent,symptom,2,2,2,1,1
fasciculations,fasciculations,symptom,63,70,2,0.333333,651
furuncle on skin,furuncle on skin,symptom,1,1,3,0,0
muscle necrosis,muscle necrosis,symptom,60,65,3,0.448588,794
localized lump,localized lump,symptom,10,11,0,0.822222,37
chronic cough,chronic cough,symptom,91,114,1,0.501099,2052
frequent vomiting,frequent vomiting,symptom,26,26,7,0.455385,148
straining to urinate,straining to urinate,symptom,16,16,4,0.591667,71
history of hernia incarceration,history of hernia incarceration,symptom,9,9,7,1,36
abnormal abdominal bulging or indentations,abnormal abdominal bulging or indentations,symptom,21,21,7,0.547619,115
swelling protrusion when st,swelling protrusion when st,symptom,9,9,7,1,36
foot drop,foot drop,symptom,31,33,2,0.541935,252
inversion,inversion,symptom,58,61,0,0.198427,328
loss of sensation on the lateral side of the calf,loss of sensation on the lateral side of the calf,symptom,15,17,0,0.619048,65
dorsum,dorsum,symptom,48,52,0,0.318262,359
rose spots,rose spots,symptom,23,29,7,0.885375,224
retinal vein tortuosity,retinal vein tortuosity,symptom,20,25,6,0.747368,142
anger expansion,anger expansion,symptom,11,11,6,1,55
postmenopausal bleeding,postmenopausal bleeding,symptom,45,73,4,0.371717,368
virilization,virilization,symptom,13,17,4,0.871795,68
generalized rash,generalized rash,symptom,11,11,3,0.636364,35
fusion of rashes,fusion of rashes,symptom,7,7,3,1,21
mucosal erythema,mucosal erythema,symptom,14,15,3,0.692308,63
moist skin,moist skin,symptom,33,42,1,0.598485,316
hunger,hunger,symptom,57,70,2,0.518797,828
nervousness,nervousness,symptom,45,68,1,0.494949,490
opposite symptoms in hypothyroidism,opposite symptoms in hypothyroidism,symptom,13,13,1,1,78
astringent pulse,astringent pulse,symptom,13,13,3,0.589744,46
fingernails,fingernails,symptom,46,47,0,0.388406,402
deficiency in both qi,deficiency in both qi,symptom,6,6,3,1,15
deficiency in essence,deficiency in essence,symptom,18,19,4,0.607843,93
antimony dermatitis,antimony dermatitis,symptom,7,7,1,1,21
portal hypertension,portal hypertension,symptom,58,88,7,0.627949,1038
flexion myelopathy,flexion myelopathy,symptom,30,31,0,0.689655,300
brown-séquard syndrome,brown-séquard syndrome,symptom,29,29,0,0.785714,319
sexual immaturity,sexual immaturity,symptom,13,13,9,0.615385,48
loss of smell,loss of smell,symptom,40,45,2,0.467949,365
macrostomia,macrostomia,symptom,37,39,0,0.352853,235
accessory ears,accessory ears,symptom,11,11,0,1,55
crowded teeth,crowded teeth,symptom,11,11,0,1,55
ocular defects,ocular defects,symptom,11,11,0,1,55
small palpebral fissures,small palpebral fissures,symptom,25,30,0,0.52,156
taut pulse,taut pulse,symptom,32,33,9,0.324597,161
discomfort while chewing,discomfort while chewing,symptom,5,5,0,0.4,4
occlusal pain,occlusal pain,symptom,3,3,0,0.333333,1
intense pain when biting on a certain area,intense pain when biting on a certain area,symptom,7,7,0,0.52381,11
renal colic,renal colic,symptom,25,32,4,0.753333,226
loss of mobility,loss of mobility,symptom,8,8,0,1,28
relief after rest,relief after rest,symptom,34,36,0,0.344029,193
protrusion of the vagina,protrusion of the vagina,symptom,6,6,4,1,15
feeling of friction,feeling of friction,symptom,6,6,4,1,15
kidney yang deficiency,kidney yang deficiency,symptom,17,19,3,0.573529,78
scarlet-colored rash,scarlet-colored rash,symptom,9,9,7,1,36
urinary pain,urinary pain,symptom,11,12,4,0.890909,49
emotional instability,emotional instability,symptom,76,96,2,0.385614,1099
more than half of the cases,more than half of the cases,symptom,5,5,0,1,10
such as incomplete or complete paralysis,such as incomplete or complete paralysis,symptom,7,8,0,0.714286,15
decreased intelligence,decreased intelligence,symptom,48,48,2,0.535461,604
the lesions are numerous,the lesions are numerous,symptom,3,3,0,1,3
brown or dirty brown,brown or dirty brown,symptom,3,3,0,1,3
to even grey-black maculopapular rashes,to even grey-black maculopapular rashes,symptom,3,3,0,1,3
genital bleeding,genital bleeding,symptom,11,11,4,1,55
swollen oral mucosa,swollen oral mucosa,symptom,21,21,7,0.752381,158
easy bleeding,easy bleeding,symptom,23,27,0,0.533597,135
dull pain in the kidney area,dull pain in the kidney area,symptom,59,69,7,0.516072,883
superficial ulcerations on the penis,superficial ulcerations on the penis,symptom,21,22,7,0.82381,173
sweating all over,sweating all over,symptom,17,17,7,0.889706,121
out pruritus or hepatobiliary disease,out pruritus or hepatobiliary disease,symptom,2,2,3,1,1
ischemic necrosis,ischemic necrosis,symptom,15,17,7,0.533333,56
intestinal peristalsis dysfunction,intestinal peristalsis dysfunction,symptom,5,5,7,1,10
wheals,wheals,symptom,60,78,3,0.512994,908
anterior nasal turbinate swelling,anterior nasal turbinate swelling,symptom,9,9,7,1,36
drug rash,drug rash,symptom,14,15,3,0.725275,66
full-thickness epidermal necrosis,full-thickness epidermal necrosis,symptom,11,12,3,0.836364,46
tonsillar hypertrophy,tonsillar hypertrophy,symptom,11,11,4,1,55
glomerular pathological morphological changes,glomerular pathological morphological changes,symptom,11,11,4,1,55
pain pulling from the lower abdomen to the testicles,pain pulling from the lower abdomen to the testicles,symptom,20,20,4,0.378947,72
cold pain in the scrotum,cold pain in the scrotum,symptom,24,24,3,0.42029,116
aversion to pressure,aversion to pressure,symptom,4,4,4,1,6
delayed paralysis of the lower limbs,delayed paralysis of the lower limbs,symptom,32,32,0,0.532258,264
disappearance of sensory,disappearance of sensory,symptom,12,12,0,1,66
lower temperature,lower temperature,symptom,20,21,0,0.726316,138
even gangrene,even gangrene,symptom,12,12,0,1,66
the bite site has broken skin,the bite site has broken skin,symptom,3,3,0,1,3
increased urine specific gravity,increased urine specific gravity,symptom,53,63,4,0.593614,818
urinary casts,urinary casts,symptom,20,20,4,1,190
gouty tophi,gouty tophi,symptom,12,14,0,0.666667,44
kidney damage,kidney damage,symptom,23,24,0,0.624506,158
pain in the affected area,pain in the affected area,symptom,82,95,0,0.455586,1513
significant irritation of the psoas muscle,significant irritation of the psoas muscle,symptom,11,11,7,1,55
thin white tongue fur,thin white tongue fur,symptom,28,30,7,0.481481,182
unilateral facial movement impairment,unilateral facial movement impairment,symptom,20,20,9,0.857895,163
complete paralysis of facial expression muscles on the affected side,complete paralysis of facial expression muscles on the affected side,symptom,18,20,9,1,153
disappearance of forehead wrinkles,disappearance of forehead wrinkles,symptom,27,27,9,0.578348,203
widened palpebral fissure,widened palpebral fissure,symptom,18,18,9,1,153
flattened nasolabial fold,flattened nasolabial fold,symptom,18,18,9,1,153
inflating cheeks,inflating cheeks,symptom,18,18,9,1,153
rainbow vision,rainbow vision,symptom,14,18,6,0.813187,74
persistent pain in the metatarsal heads,persistent pain in the metatarsal heads,symptom,5,5,0,1,10
aggravated by walking,aggravated by walking,symptom,5,5,0,1,10
that can extend to the calf. presence of calluses on the metatarsal area,that can extend to the calf. presence of calluses on the metatarsal area,symptom,5,5,0,1,10
broadening of the forefoot,broadening of the forefoot,symptom,5,5,0,1,10
the presentation of claw toes,the presentation of claw toes,symptom,12,12,0,0.484848,32
vomiting milk,vomiting milk,symptom,9,9,7,0.888889,32
pediatric prurigo,pediatric prurigo,symptom,11,11,3,1,55
itchy skin,itchy skin,symptom,70,82,3,0.497308,1201
summer prurigo,summer prurigo,symptom,20,20,3,0.547368,104
paroxysmal pruritus,paroxysmal pruritus,symptom,11,11,3,1,55
testicles are small,testicles are small,symptom,11,11,4,1,55
stature is normal or tall,stature is normal or tall,symptom,11,11,4,1,55
longer lower limbs,longer lower limbs,symptom,11,11,4,1,55
penis is normal or small,penis is normal or small,symptom,25,26,4,0.533333,160
diminished sexual function,diminished sexual function,symptom,11,11,4,1,55
feminization symptoms,feminization symptoms,symptom,11,11,4,1,55
it often manifests as mild redness,it often manifests as mild redness,symptom,12,12,0,1,66
swelling in one side of the nail groove,swelling in one side of the nail groove,symptom,16,16,0,0.675,81
pain. if it continues to develop,pain. if it continues to develop,symptom,18,18,0,0.588235,90
toe flexion contractures,toe flexion contractures,symptom,6,6,0,1,15
joint deformities,joint deformities,symptom,38,40,4,0.395448,278
mucous or purulent blood,mucous or purulent blood,symptom,4,4,7,1,6
poor urine flow,poor urine flow,symptom,15,16,4,0.780952,82
urine bifurcation,urine bifurcation,symptom,17,21,4,0.691176,94
a central punctum,a central punctum,symptom,6,6,3,1,15
excitability,excitability,symptom,35,38,2,0.482353,287
loss of light reflex,loss of light reflex,symptom,74,90,2,0.39615,1070
the tumor appears quasi-circular,the tumor appears quasi-circular,symptom,8,8,0,1,28
often pedunculated,often pedunculated,symptom,8,8,0,1,28
numerous surface folds,numerous surface folds,symptom,8,8,0,1,28
absence of fetal heart tones (no fetal heartbeat),absence of fetal heart tones (no fetal heartbeat),symptom,14,14,4,0.736264,67
decreased fetal movement,decreased fetal movement,symptom,31,35,4,0.307527,143
compelled to sit up to breathe,compelled to sit up to breathe,symptom,9,9,1,1,36
frequent coughing,frequent coughing,symptom,16,16,1,0.583333,70
calcium deposition,calcium deposition,symptom,17,19,4,0.602941,82
sclerotic plaques,sclerotic plaques,symptom,4,4,4,1,6
usually asymptomatic or presents,usually asymptomatic or presents,symptom,9,9,0,0.5,18
abnormal tooth structure,abnormal tooth structure,symptom,5,5,0,1,10
tooth anomalies,tooth anomalies,symptom,21,22,0,0.72381,152
tooth sensitivity,tooth sensitivity,symptom,23,29,0,0.513834,130
family discord,family discord,symptom,4,4,2,1,6
poor mental state,poor mental state,symptom,34,40,2,0.684492,384
follicular keratotic plugs,follicular keratotic plugs,symptom,30,39,3,0.432184,188
for chronic cases,for chronic cases,symptom,26,26,3,0.624615,203
reduced gastric intake,reduced gastric intake,symptom,19,19,3,0.883041,151
cracked skin,cracked skin,symptom,22,23,3,0.731602,169
nasal bleeding,nasal bleeding,symptom,81,96,3,0.313272,1015
other skin,other skin,symptom,17,17,3,1,136
mucous membrane injuries,mucous membrane injuries,symptom,17,17,3,1,136
as well as pain,as well as pain,symptom,17,17,3,1,136
leopard-spot fundus,leopard-spot fundus,symptom,2,2,6,1,1
bone shortening,bone shortening,symptom,2,2,3,1,1
varying sizes of bony protrusions,varying sizes of bony protrusions,symptom,32,32,3,0.604839,300
variable sizes of mass,variable sizes of mass,symptom,4,4,0,1,6
surrounding tissues,surrounding tissues,symptom,14,14,3,0.395604,36
only presents as abnormal external ear morphology,only presents as abnormal external ear morphology,symptom,1,1,21,0,0
out specific clinical manifestations,out specific clinical manifestations,symptom,1,1,21,0,0
hepatic encephalopathy,hepatic encephalopathy,symptom,15,17,7,0.428571,45
neck soreness,neck soreness,symptom,63,75,2,0.436764,853
noticeable limitation in neck extension,noticeable limitation in neck extension,symptom,4,4,2,1,6
articulation disorders,articulation disorders,symptom,37,41,2,0.322823,215
for example,for example,symptom,16,16,2,0.558333,67
pronouncing 'ear' as 'er guo',pronouncing 'ear' as 'er guo',symptom,5,5,2,1,10
'strawberry' as 'kao mei','strawberry' as 'kao mei',symptom,7,10,2,0.809524,17
'hair is too long' as 'hair gai kang','hair is too long' as 'hair gai kang',symptom,7,10,2,0.809524,17
vertebral tuberculosis,vertebral tuberculosis,symptom,35,41,4,0.652101,388
scissors gait in the lower limbs,scissors gait in the lower limbs,symptom,31,31,2,0.647312,301
urinary disorders,urinary disorders,symptom,23,25,2,0.901186,228
bowel movement disorders,bowel movement disorders,symptom,40,48,7,0.589744,460
moisture,moisture,symptom,13,15,3,0.74359,58
hepatic venous outflow obstruction,hepatic venous outflow obstruction,symptom,12,12,7,1,66
electrocardiogram abnormalities,electrocardiogram abnormalities,symptom,20,24,1,0.563158,107
globulin abnormalities,globulin abnormalities,symptom,63,78,7,0.412698,806
elevated aspartate aminotransferase (ast) in serum,elevated aspartate aminotransferase (ast) in serum,symptom,22,22,7,1,231
tense liver capsule,tense liver capsule,symptom,32,37,7,0.649194,322
massive hepatic necrosis,massive hepatic necrosis,symptom,27,32,7,0.823362,289
bone outgrowth,bone outgrowth,symptom,4,4,7,1,6
periosteal reaction,periosteal reaction,symptom,12,12,7,0.681818,45
anhidrosis,anhidrosis,symptom,75,84,7,0.42018,1166
flushed face,flushed face,symptom,57,74,7,0.525689,839
commonly presents,commonly presents,symptom,22,22,7,1,231
no significant restriction in activity,no significant restriction in activity,symptom,22,22,7,1,231
twisted scalp vessels,twisted scalp vessels,symptom,3,3,2,1,3
erythema squamosum,erythema squamosum,symptom,24,24,3,0.572464,158
pleural friction rub,pleural friction rub,symptom,16,18,1,0.883333,106
impaired vision in both eyes,impaired vision in both eyes,symptom,3,3,0,1,3
weak mastication,weak mastication,symptom,18,18,0,0.718954,110
solid or semi-solid,solid or semi-solid,symptom,4,4,7,1,6
hard or nodular uneven,hard or nodular uneven,symptom,4,4,7,1,6
tympanic membrane congestion,tympanic membrane congestion,symptom,32,57,2,0.506048,251
tympanic membrane erythema,tympanic membrane erythema,symptom,12,12,0,1,66
postauricular redness,postauricular redness,symptom,12,12,0,1,66
eustachian tube obstruction,eustachian tube obstruction,symptom,19,19,0,0.649123,111
otalgia,otalgia,symptom,18,18,0,0.620915,95
paraspinal muscle spasm,paraspinal muscle spasm,symptom,7,7,7,1,21
limited spinal mobility,limited spinal mobility,symptom,7,7,7,1,21
hernias,hernias,symptom,8,8,0,1,28
limb contractures,limb contractures,symptom,8,8,0,1,28
leading to disproportionate body shape,leading to disproportionate body shape,symptom,26,27,0,0.649231,211
abnormal spinal morphology,abnormal spinal morphology,symptom,19,19,0,1,171
movement dysfunction,movement dysfunction,symptom,22,22,2,0.402597,93
inability to flex,inability to flex,symptom,32,33,2,0.356855,177
the absence of sperm in semen,the absence of sperm in semen,symptom,4,4,3,1,6
thermalgia,thermalgia,symptom,31,31,7,0.911828,424
reddish face,reddish face,symptom,22,22,7,1,231
inability to keep eyes open,inability to keep eyes open,symptom,22,22,7,1,231
copious purulent sputum,copious purulent sputum,symptom,2,2,1,1,1
radiating pain to the sacral region,radiating pain to the sacral region,symptom,12,14,0,0.712121,47
encephalitic changes,encephalitic changes,symptom,18,23,2,0.882353,135
altered consciousness,altered consciousness,symptom,61,97,2,0.462842,847
irregular twitching of facial muscles,irregular twitching of facial muscles,symptom,26,26,2,0.578462,188
skin cracking,skin cracking,symptom,9,9,3,0.666667,24
limb abduction,limb abduction,symptom,45,48,0,0.285859,283
pyloric stenosis,pyloric stenosis,symptom,14,14,7,0.802198,73
hypochloremic alkalosis,hypochloremic alkalosis,symptom,11,11,7,1,55
no obvious spontaneous pain,no obvious spontaneous pain,symptom,5,5,0,0.4,4
occasional dull pain,occasional dull pain,symptom,3,3,0,1,3
pain in the affected tooth during eating,pain in the affected tooth during eating,symptom,13,13,0,0.371795,29
cardiac rupture,cardiac rupture,symptom,25,27,1,0.593333,178
penetrating cardiac trauma,penetrating cardiac trauma,symptom,7,7,1,1,21
pericardial rupture,pericardial rupture,symptom,13,14,1,0.705128,55
extensive myocardial necrosis,extensive myocardial necrosis,symptom,7,7,1,1,21
tympanic membrane perforation,tympanic membrane perforation,symptom,25,38,2,0.51,153
tympanic membrane rupture,tympanic membrane rupture,symptom,19,24,2,0.678363,116
light brown spots,light brown spots,symptom,31,36,3,0.372043,173
pigmented lesions,pigmented lesions,symptom,23,26,3,0.600791,152
pigmentary disorders,pigmentary disorders,symptom,58,59,3,0.452511,748
abdominal swelling,abdominal swelling,symptom,25,32,7,0.713333,214
intermittent abdominal pain,intermittent abdominal pain,symptom,27,36,7,0.666667,234
retention of urine,retention of urine,symptom,6,6,7,1,15
gastrointestinal stricture,gastrointestinal stricture,symptom,50,60,8,0.507755,622
food regurgitation into the nasal cavity,food regurgitation into the nasal cavity,symptom,23,24,8,0.695652,176
anovulation,anovulation,symptom,37,43,4,0.376877,251
sterility,sterility,symptom,3,3,4,1,3
ineffective cough,ineffective cough,symptom,7,7,1,1,21
abdominal distension below the abdomen,abdominal distension below the abdomen,symptom,7,7,0,1,21
necrotic bone,necrotic bone,symptom,3,3,7,1,3
increased purulent secretion,increased purulent secretion,symptom,3,3,7,1,3
abnormal urinalysis,abnormal urinalysis,symptom,7,7,7,1,21
the lump is dark red or purplish-blue,the lump is dark red or purplish-blue,symptom,14,14,7,1,91
swells,swells,symptom,14,14,7,1,91
limb movement,limb movement,symptom,32,35,0,0.387097,192
may experience bleeding,may experience bleeding,symptom,14,14,7,1,91
absence of light perception,absence of light perception,symptom,1,1,2,0,0
back soreness,back soreness,symptom,31,34,4,0.36129,168
polycythemia,polycythemia,symptom,46,48,1,0.475362,492
increased white blood cells,increased white blood cells,symptom,93,127,7,0.392941,1681
slow blood flow,slow blood flow,symptom,31,38,1,0.627957,292
eyelid abrasions,eyelid abrasions,symptom,5,5,6,1,10
eye muscle paralysis,eye muscle paralysis,symptom,62,76,6,0.362771,686
subconjunctival hemorrhage,subconjunctival hemorrhage,symptom,25,25,6,0.496667,149
eye irritation or burns,eye irritation or burns,symptom,12,12,6,0.560606,37
no fever,no fever,symptom,5,5,0,1,10
increased body temperature,increased body temperature,symptom,51,57,0,0.454902,580
localized appearance,localized appearance,symptom,3,3,0,1,3
local congestion,local congestion,symptom,27,27,0,1,351
unbearable pain,unbearable pain,symptom,27,27,0,1,351
urge incontinence,urge incontinence,symptom,4,4,4,1,6
floaters,floaters,symptom,34,44,6,0.363636,204
reduced vision,reduced vision,symptom,31,36,6,0.550538,256
increased severity of myopia,increased severity of myopia,symptom,17,17,6,1,136
flashes of light,flashes of light,symptom,29,34,6,0.605911,246
reduced sebaceous gl,reduced sebaceous gl,symptom,12,12,3,0.545455,36
lichenification,lichenification,symptom,48,55,3,0.361702,408
changes in visual acuity,changes in visual acuity,symptom,17,18,6,0.735294,100
general arterial narrowing,general arterial narrowing,symptom,7,7,6,1,21
tortuous vessels,tortuous vessels,symptom,13,14,6,0.705128,55
incomplete urination,incomplete urination,symptom,11,11,4,1,55
perineum,perineum,symptom,39,48,4,0.348178,258
impotence,impotence,symptom,23,24,4,0.58498,148
pain during ejaculation,pain during ejaculation,symptom,19,26,4,0.859649,147
temporary loss of consciousness,temporary loss of consciousness,symptom,30,32,2,0.917241,399
black patches,black patches,symptom,8,8,3,1,28
nasolacrimal duct obstruction,nasolacrimal duct obstruction,symptom,11,11,3,0.745455,41
tiny nodules,tiny nodules,symptom,2,2,22,1,1
hard in nature,hard in nature,symptom,2,2,22,1,1
firmly adherent,firmly adherent,symptom,2,2,22,1,1
quadriplegia,quadriplegia,symptom,64,71,2,0.600694,1211
normal skin surface,normal skin surface,symptom,13,13,3,0.602564,47
chest x-ray showing isolated nodules in the lungs,chest x-ray showing isolated nodules in the lungs,symptom,18,18,7,0.405229,62
oral mucosa presents,oral mucosa presents,symptom,24,24,3,1,276
white or grayish-white homogenous,white or grayish-white homogenous,symptom,24,24,3,1,276
harder patches of varying shapes,harder patches of varying shapes,symptom,24,24,3,1,276
a soft,a soft,symptom,36,36,3,0.515873,325
peak-like protrusions,peak-like protrusions,symptom,24,24,3,1,276
raised lesions,raised lesions,symptom,24,24,3,1,276
uneven surface,uneven surface,symptom,61,62,3,0.392896,719
papillary or spiky projections,papillary or spiky projections,symptom,24,24,3,1,276
palpably slightly hard,palpably slightly hard,symptom,24,24,3,1,276
history of trauma or overuse to the metatarsophalangeal joint,history of trauma or overuse to the metatarsophalangeal joint,symptom,8,9,0,0.607143,17
worsening pain after walking,worsening pain after walking,symptom,4,4,0,1,6
limitation of downward gaze,limitation of downward gaze,symptom,13,13,6,1,78
pale green color,pale green color,symptom,31,36,6,0.496774,231
birthmark,birthmark,symptom,16,16,6,0.7,84
ectopic pregnancy,ectopic pregnancy,symptom,10,11,4,0.711111,32
positive urine pregnancy test,positive urine pregnancy test,symptom,14,14,7,0.747253,68
flexible nodules can be palpated,flexible nodules can be palpated,symptom,3,3,0,1,3
cherry-red spot at the fundus,cherry-red spot at the fundus,symptom,39,42,6,0.357625,265
neck pulsation,neck pulsation,symptom,27,28,1,0.746439,262
third heart sound gallop,third heart sound gallop,symptom,44,62,1,0.591966,560
tricuspid stenosis,tricuspid stenosis,symptom,19,27,1,0.976608,167
loud first heart sound,loud first heart sound,symptom,39,51,1,0.577598,428
clustered in plaques,clustered in plaques,symptom,4,4,3,1,6
disappearance of the embracing reflex,disappearance of the embracing reflex,symptom,11,11,2,1,55
increased tension in the anterior fontanelle,increased tension in the anterior fontanelle,symptom,50,75,2,0.472653,579
precocious pubarche,precocious pubarche,symptom,11,11,2,1,55
pontine hemorrhage,pontine hemorrhage,symptom,40,44,2,0.444872,347
elevation of the diaphragm,elevation of the diaphragm,symptom,6,6,1,1,15
barrel-shaped chest,barrel-shaped chest,symptom,28,31,1,0.566138,214
chondrodysplasia,chondrodysplasia,symptom,32,32,0,0.610887,303
hidden pains in fingers,hidden pains in fingers,symptom,21,21,0,1,210
calves,calves,symptom,44,47,0,0.460888,436
nape,nape,symptom,6,6,0,1,15
head rotation or over-extension,head rotation or over-extension,symptom,6,6,0,1,15
sensory changes,sensory changes,symptom,6,6,0,1,15
one or both sides of the scrotum being smaller,one or both sides of the scrotum being smaller,symptom,10,10,4,1,45
patients,patients,symptom,51,58,2,0.44,561
compressive symptoms,compressive symptoms,symptom,21,22,3,0.480952,101
infantile spasms,infantile spasms,symptom,28,32,2,0.534392,202
screaming,screaming,symptom,26,35,2,0.744615,242
abdominal intercostal areas,abdominal intercostal areas,symptom,1,1,1,0,0
intense nausea,intense nausea,symptom,9,9,7,1,36
persistent vomiting,persistent vomiting,symptom,12,12,7,1,66
vomiting containing bile,vomiting containing bile,symptom,28,28,7,0.640212,242
esophageal atresia,esophageal atresia,symptom,21,21,7,0.62381,131
tracheoesophageal fistula,tracheoesophageal fistula,symptom,29,30,7,0.642857,261
meckel's diverticulum,meckel's diverticulum,symptom,12,12,7,1,66
congenital heart disease,congenital heart disease,symptom,12,12,7,1,66
malformation of the foot,malformation of the foot,symptom,12,12,7,1,66
biliary obstruction,biliary obstruction,symptom,36,43,7,0.425397,268
cloudy urine,cloudy urine,symptom,26,31,4,0.56,182
reddish turbid fluid dripping from the urethral opening,reddish turbid fluid dripping from the urethral opening,symptom,3,3,4,1,3
poor corrected visual acuity,poor corrected visual acuity,symptom,3,3,6,1,3
visual distortion,visual distortion,symptom,8,8,6,0.642857,18
purulent infection inside the eyeball leading to blindness,purulent infection inside the eyeball leading to blindness,symptom,13,13,6,0.833333,65
swelling of legs,swelling of legs,symptom,27,28,1,0.840456,295
armpit pain,armpit pain,symptom,13,13,0,0.551282,43
cortical atrophy,cortical atrophy,symptom,3,3,2,1,3
bursa swelling,bursa swelling,symptom,13,13,2,0.74359,58
thinning of the bony trochanter,thinning of the bony trochanter,symptom,2,2,3,1,1
blister formation,blister formation,symptom,11,11,0,0.745455,41
girdle muscle weakness,girdle muscle weakness,symptom,13,13,2,1,78
painful contraction of the calf muscles,painful contraction of the calf muscles,symptom,13,13,2,1,78
prone to agitation,prone to agitation,symptom,13,13,2,1,78
annular constricting b,annular constricting b,symptom,5,5,3,1,10
fissures of h,fissures of h,symptom,16,17,3,0.75,90
low hairline at the back of the head,low hairline at the back of the head,symptom,31,31,0,0.615054,286
worsening of itching at night,worsening of itching at night,symptom,5,5,3,1,10
the appearance of red rash,the appearance of red rash,symptom,16,16,3,0.391667,47
blood crusts,blood crusts,symptom,10,11,3,0.577778,26
measles facies,measles facies,symptom,23,23,7,1,253
feeling alternately hot,feeling alternately hot,symptom,23,23,7,1,253
febrile infections,febrile infections,symptom,53,61,7,0.680697,938
pain upon eating,pain upon eating,symptom,4,4,7,1,6
pruritic rash,pruritic rash,symptom,12,12,7,1,66
conical head,conical head,symptom,19,19,3,0.479532,82
depressed nasal bridge,depressed nasal bridge,symptom,31,32,6,0.43871,204
cloudiness in the eyes,cloudiness in the eyes,symptom,2,2,6,1,1
muscular atrophy of spinal origin,muscular atrophy of spinal origin,symptom,21,21,2,0.642857,135
muscular weakness,muscular weakness,symptom,64,72,2,0.429067,865
poor sucking,poor sucking,symptom,58,59,2,0.617665,1021
deformation,deformation,symptom,21,22,0,0.509524,107
or outer sides,or outer sides,symptom,7,7,0,1,21
a fluctuating sense of emptiness under the skin,a fluctuating sense of emptiness under the skin,symptom,7,7,0,1,21
extensive bruising,extensive bruising,symptom,32,32,7,0.745968,370
inspiratory crackles,inspiratory crackles,symptom,11,11,1,1,55
prolonged labor,prolonged labor,symptom,23,24,4,0.272727,69
slow descent of the presenting part,slow descent of the presenting part,symptom,5,5,4,1,10
fetal heart rate slowing down or speeding up,fetal heart rate slowing down or speeding up,symptom,5,5,4,1,10
maternal heart rate,maternal heart rate,symptom,5,5,4,1,10
blood pressure rising or falling,blood pressure rising or falling,symptom,5,5,4,1,10
vas deferens obstruction,vas deferens obstruction,symptom,14,17,4,0.89011,81
often radiating to the head,often radiating to the head,symptom,3,3,2,1,3
leukopenia,leukopenia,symptom,60,74,7,0.542373,960
central nervous system damage,central nervous system damage,symptom,44,46,7,0.418605,396
predisposition to infections,predisposition to infections,symptom,9,9,7,1,36
open wounds,open wounds,symptom,7,8,0,0.619048,13
orbital foreign body sensation,orbital foreign body sensation,symptom,9,9,6,1,36
dural bulging,dural bulging,symptom,8,8,2,1,28
covered,covered,symptom,23,23,3,0.284585,72
intracranial hypertension,intracranial hypertension,symptom,85,124,2,0.456303,1629
cardiac failure,cardiac failure,symptom,37,45,1,0.746246,497
the teeth exhibit acid pain symptoms when subjected to external stimuli such as temperature changes,the teeth exhibit acid pain symptoms when subjected to external stimuli such as temperature changes,symptom,12,12,4,0.515152,34
chemical substances,chemical substances,symptom,4,4,4,1,6
mechanical actions. characterized by rapid onset,mechanical actions. characterized by rapid onset,symptom,4,4,4,1,6
brief duration,brief duration,symptom,4,4,4,1,6
reduced field of view,reduced field of view,symptom,4,4,6,1,6
pharyngeal pain,pharyngeal pain,symptom,23,24,3,0.545455,138
turbid urine,turbid urine,symptom,17,22,4,0.617647,84
spinal destruction,spinal destruction,symptom,53,59,0,0.417271,575
hemothorax,hemothorax,symptom,43,59,1,0.584718,528
vision disorders,vision disorders,symptom,92,108,4,0.366221,1533
gingival papilla rounding,gingival papilla rounding,symptom,13,13,0,1,78
gingival tissue soft,gingival tissue soft,symptom,13,13,0,1,78
lacking elasticity,lacking elasticity,symptom,13,13,0,1,78
periodontal pocket formation,periodontal pocket formation,symptom,48,59,0,0.401596,453
periodontal pockets,periodontal pockets,symptom,21,26,0,0.47619,100
tooth mobility,tooth mobility,symptom,109,141,0,0.356609,2099
various degrees of alveolar bone resorption,various degrees of alveolar bone resorption,symptom,13,13,0,1,78
blood deficiency,blood deficiency,symptom,45,46,3,0.416162,412
low red blood cell distribution width,low red blood cell distribution width,symptom,16,17,7,0.841667,101
pelvic tilt,pelvic tilt,symptom,3,3,0,1,3
affected side's iliac crest markedly lower than the healthy side,affected side's iliac crest markedly lower than the healthy side,symptom,3,3,0,1,3
asymmetrical popliteal creases,asymmetrical popliteal creases,symptom,3,3,0,1,3
flaccidity,flaccidity,symptom,25,26,7,0.656667,197
raised above skin),raised above skin),symptom,11,12,3,0.8,44
vesicular or bullous lesions,vesicular or bullous lesions,symptom,42,57,3,0.47619,410
index finger,index finger,symptom,41,45,0,0.396341,325
osteonecrosis of the fingers (toes),osteonecrosis of the fingers (toes),symptom,14,16,7,0.769231,70
upper part of the heel,upper part of the heel,symptom,6,6,0,1,15
stuttering,stuttering,symptom,5,5,2,1,10
fetal intrauterine asphyxia,fetal intrauterine asphyxia,symptom,14,14,4,0.604396,55
umbilical cord entanglement,umbilical cord entanglement,symptom,4,4,4,1,6
short umbilical cord,short umbilical cord,symptom,11,11,4,0.527273,29
umbilical blood circulation disorders,umbilical blood circulation disorders,symptom,4,4,4,1,6
doubt,doubt,symptom,10,10,1,1,45
swelling pain,swelling pain,symptom,61,66,0,0.378689,693
poor skin elasticity,poor skin elasticity,symptom,21,21,1,0.680952,143
stabbing pain in the anterior neck,stabbing pain in the anterior neck,symptom,5,5,8,1,10
pharyngeal area,pharyngeal area,symptom,15,16,8,0.657143,69
especially when extending the tongue,especially when extending the tongue,symptom,11,11,3,0.509091,28
painful swallowing,painful swallowing,symptom,39,43,3,0.519568,385
gastric burning,gastric burning,symptom,30,33,8,0.657471,286
dull facial complexion,dull facial complexion,symptom,41,44,7,0.665854,546
weak breathing,weak breathing,symptom,12,12,1,1,66
narrow pulse pressure,narrow pulse pressure,symptom,29,33,4,0.697044,283
decreased capillary refill in the nail fold,decreased capillary refill in the nail fold,symptom,16,16,4,1,120
increased bone marrow plasma cells,increased bone marrow plasma cells,symptom,8,8,7,1,28
intestinal stenosis,intestinal stenosis,symptom,20,23,7,0.5,95
decrease or increase in menstrual flow,decrease or increase in menstrual flow,symptom,6,6,4,1,15
limb convulsion,limb convulsion,symptom,16,18,2,0.883333,106
decreased sperm quality,decreased sperm quality,symptom,2,2,4,1,1
sperm agglutination,sperm agglutination,symptom,14,15,4,0.868132,79
possible fissures,possible fissures,symptom,4,4,3,1,6
cavity formation,cavity formation,symptom,34,36,0,0.782531,439
impaired upward gaze,impaired upward gaze,symptom,4,4,6,1,6
out pus or blood,out pus or blood,symptom,47,61,7,0.699352,756
rapid alleviation of itching after delivery,rapid alleviation of itching after delivery,symptom,9,9,0,0.722222,26
cervical swelling,cervical swelling,symptom,7,7,7,0.619048,13
hyperarousal,hyperarousal,symptom,7,7,2,1,21
exaggerated startle response,exaggerated startle response,symptom,9,9,2,0.722222,26
discomfort in new environments,discomfort in new environments,symptom,7,7,2,1,21
anxious unrest,anxious unrest,symptom,7,7,2,1,21
rigid neck,rigid neck,symptom,6,6,0,1,15
minors establishing romantic relationships or showing interest,minors establishing romantic relationships or showing interest,symptom,2,2,23,1,1
being infatuated,being infatuated,symptom,2,2,23,1,1
or having a crush on the opposite sex,or having a crush on the opposite sex,symptom,3,3,23,0.333333,1
some patients may experience pain,some patients may experience pain,symptom,48,48,0,0.234043,264
pain in joints such as h,pain in joints such as h,symptom,12,12,0,1,66
itching on the skin,itching on the skin,symptom,25,25,0,0.633333,190
flushed skin,flushed skin,symptom,24,26,0,0.59058,163
emotional numbing,emotional numbing,symptom,5,5,2,1,10
flashbacks,flashbacks,symptom,5,5,2,1,10
affective numbing,affective numbing,symptom,5,5,2,1,10
decreased stress tolerance,decreased stress tolerance,symptom,5,5,2,1,10
significant splenomegaly,significant splenomegaly,symptom,8,8,7,1,28
osteosclerosis,osteosclerosis,symptom,31,32,0,0.574194,267
fullness in the left upper or mid-upper abdomen,fullness in the left upper or mid-upper abdomen,symptom,38,42,7,0.56899,400
duodenal stenosis,duodenal stenosis,symptom,18,21,7,0.732026,112
coronary steal syndrome,coronary steal syndrome,symptom,11,11,1,1,55
myocardial ischemia,myocardial ischemia,symptom,17,17,1,0.713235,97
depression of the anterior chest wall,depression of the anterior chest wall,symptom,3,3,24,1,3
arching of the back,arching of the back,symptom,3,3,24,1,3
retracted shoulders,retracted shoulders,symptom,3,3,24,1,3
abdominal protrusion,abdominal protrusion,symptom,3,3,24,1,3
tongue biting,tongue biting,symptom,49,57,9,0.468537,551
false labor,false labor,symptom,10,10,7,1,45
reduced range of motion in the hip,reduced range of motion in the hip,symptom,12,12,0,0.590909,39
unclear vision in central area,unclear vision in central area,symptom,2,2,6,1,1
white colors,white colors,symptom,19,19,3,0.678363,116
facial discoloration,facial discoloration,symptom,21,21,7,0.566667,119
debilitation,debilitation,symptom,87,108,7,0.544507,2037
paroxysmal nocturnal dry cough,paroxysmal nocturnal dry cough,symptom,36,36,7,0.749206,472
a small amount of glassy transparent viscid sputum,a small amount of glassy transparent viscid sputum,symptom,28,28,7,1,378
significant colonization of bacteria in the upper respiratory tract,significant colonization of bacteria in the upper respiratory tract,symptom,21,25,1,0.861905,181
swelling in the groin area on one side,swelling in the groin area on one side,symptom,5,5,7,1,10
irreducibility,irreducibility,symptom,5,5,7,1,10
microalbuminuria,microalbuminuria,symptom,12,12,2,1,66
elevated fasting plasma glucose (fpg),elevated fasting plasma glucose (fpg),symptom,12,12,2,1,66
progressive neck mass,progressive neck mass,symptom,39,40,3,0.349528,259
rare occurrences on the face,rare occurrences on the face,symptom,4,4,3,1,6
ringing in the ears,ringing in the ears,symptom,5,5,0,1,10
ulcerative or exophytic lesions,ulcerative or exophytic lesions,symptom,2,2,9,1,1
water loss,water loss,symptom,15,20,7,0.914286,96
impaired consciousness,impaired consciousness,symptom,73,93,2,0.450533,1184
narrowing of stools,narrowing of stools,symptom,2,2,7,1,1
irritant dry cough during pollen dispersal periods,irritant dry cough during pollen dispersal periods,symptom,3,3,1,1,3
xanthopsia (seeing yellow),xanthopsia (seeing yellow),symptom,14,14,3,0.593407,54
chloropsia (seeing green),chloropsia (seeing green),symptom,6,6,3,1,15
erythropsia (seeing red),erythropsia (seeing red),symptom,6,6,3,1,15
mild chest discomfort after activities,mild chest discomfort after activities,symptom,3,3,7,1,3
may not show noticeable clinical symptoms,may not show noticeable clinical symptoms,symptom,1,1,1,0,0
pulling on the auricle,pulling on the auricle,symptom,26,27,0,0.624615,203
or pressing on the tympanic membrane,or pressing on the tympanic membrane,symptom,18,18,0,1,153
workers involved in rubber production may experience symptoms such as red maculopapular rash,workers involved in rubber production may experience symptoms such as red maculopapular rash,symptom,6,6,3,1,15
forearms,forearms,symptom,16,17,3,0.516667,62
lower legs,lower legs,symptom,33,35,3,0.44697,236
symptoms similar to acute appendicitis,symptoms similar to acute appendicitis,symptom,6,6,7,1,15
possible presence of blood in stool,possible presence of blood in stool,symptom,6,6,7,1,15
moon face,moon face,symptom,25,31,2,0.51,153
urine the color of soy sauce,urine the color of soy sauce,symptom,18,19,7,0.869281,133
blood-stained exudate,blood-stained exudate,symptom,7,7,7,1,21
pathological circumlocution,pathological circumlocution,symptom,8,8,2,1,28
fecal retention,fecal retention,symptom,21,22,2,0.733333,154
diminished nasolabial folds,diminished nasolabial folds,symptom,8,8,2,1,28
varicose veins in the upper limbs,varicose veins in the upper limbs,symptom,57,66,0,0.511278,816
dissociated sensation in the limbs,dissociated sensation in the limbs,symptom,25,25,2,0.876667,263
retraction of the ribs,retraction of the ribs,symptom,50,52,1,0.345306,423
sternum upon inhalation,sternum upon inhalation,symptom,8,8,1,1,28
tongue drooping,tongue drooping,symptom,8,8,1,1,28
nocturnal pain,nocturnal pain,symptom,12,12,0,0.833333,55
bow legs,bow legs,symptom,18,18,1,0.673203,103
thumb,thumb,symptom,33,38,0,0.429924,227
inability to extend the thumb,inability to extend the thumb,symptom,13,14,0,0.833333,65
digestive tract perforation,digestive tract perforation,symptom,3,3,7,1,3
automatisms,automatisms,symptom,12,12,2,0.757576,50
delayed corneal reflex,delayed corneal reflex,symptom,42,45,2,0.617886,532
cystic mass,cystic mass,symptom,23,24,3,0.509881,129
compressible,compressible,symptom,7,7,3,1,21
size can vary,size can vary,symptom,7,7,3,1,21
multiple nodules,multiple nodules,symptom,14,14,3,0.373626,34
inflammatory nodules palpable under the skin,inflammatory nodules palpable under the skin,symptom,17,17,0,0.529412,72
varying degrees of pain,varying degrees of pain,symptom,47,47,0,0.275671,298
tympanic abdomen,tympanic abdomen,symptom,11,11,7,1,55
flexion of the left abdomen,flexion of the left abdomen,symptom,18,19,7,0.562092,86
reduced or absent abdominal wall reflexes,reduced or absent abdominal wall reflexes,symptom,11,11,7,1,55
gas passing disorder,gas passing disorder,symptom,11,11,7,1,55
macroglossia,macroglossia,symptom,87,99,4,0.372628,1394
macrocheilia,macrocheilia,symptom,5,7,4,0.9,9
intellectual deterioration,intellectual deterioration,symptom,9,9,2,1,36
hemisensory disorders,hemisensory disorders,symptom,25,25,2,0.54,162
brain development disorders,brain development disorders,symptom,12,12,4,0.651515,43
gastrointestinal symptoms,gastrointestinal symptoms,symptom,98,127,7,0.412371,1960
facial sebaceous adenomas,facial sebaceous adenomas,symptom,5,5,4,1,10
loss of psoas major shadow,loss of psoas major shadow,symptom,3,3,7,1,3
the skin lesion manifests as a cutaneous-colored,the skin lesion manifests as a cutaneous-colored,symptom,4,4,0,1,6
or grayish-white keratinous protrusion,or grayish-white keratinous protrusion,symptom,4,4,0,1,6
commonly occurring on the face,commonly occurring on the face,symptom,19,20,3,0.48538,83
presence of extra fingers or toes,presence of extra fingers or toes,symptom,1,1,25,0,0
three-phalangeal thumb,three-phalangeal thumb,symptom,1,1,25,0,0
rales in lungs,rales in lungs,symptom,16,16,1,1,120
refusal of food,refusal of food,symptom,16,17,3,0.708333,85
oral mucosal white patches,oral mucosal white patches,symptom,36,40,3,0.609524,384
skeletal damage,skeletal damage,symptom,2,2,2,1,1
arrested labor,arrested labor,symptom,4,4,4,0.5,3
dystocia,dystocia,symptom,2,2,4,1,1
bloody vaginal discharge,bloody vaginal discharge,symptom,42,50,4,0.412311,355
episodic paralysis,episodic paralysis,symptom,15,15,1,1,105
thyrotoxic crisis,thyrotoxic crisis,symptom,33,36,1,0.607955,321
low blood potassium,low blood potassium,symptom,54,69,1,0.457023,654
respiratory abnormalities,respiratory abnormalities,symptom,44,49,1,0.502114,475
metabolic hypokalemia,metabolic hypokalemia,symptom,15,15,1,1,105
decreased intestinal motility,decreased intestinal motility,symptom,15,15,1,1,105
late fetal head engagement after onset of labor,late fetal head engagement after onset of labor,symptom,6,6,4,0.466667,7
comminuted fracture,comminuted fracture,symptom,7,7,2,1,21
the onset of the disease is sudden,the onset of the disease is sudden,symptom,38,40,7,0.401138,282
chest skin flushing,chest skin flushing,symptom,17,17,7,1,136
soft palate,soft palate,symptom,31,31,8,0.443011,206
cheek mucosa,cheek mucosa,symptom,17,17,7,1,136
underarms,underarms,symptom,17,17,7,1,136
movement disorders,movement disorders,symptom,44,44,2,0.419662,397
wide-set eyes,wide-set eyes,symptom,54,60,0,0.338924,485
low-set ears,low-set ears,symptom,54,56,0,0.366177,524
sparse teeth,sparse teeth,symptom,20,20,2,1,190
general fatigue,general fatigue,symptom,69,105,7,0.529838,1243
out erythema,out erythema,symptom,11,11,3,1,55
purple smoke before eyes,purple smoke before eyes,symptom,3,3,6,0.666667,2
underdeveloped fingernails,underdeveloped fingernails,symptom,7,7,3,1,21
toenails,toenails,symptom,66,69,3,0.299767,643
central depression of the nail plate,central depression of the nail plate,symptom,10,10,3,0.533333,24
reduced sweating,reduced sweating,symptom,26,27,3,0.387692,126
missing teeth or poor dental development,missing teeth or poor dental development,symptom,17,17,3,0.330882,45
underdeveloped tear gl,underdeveloped tear gl,symptom,7,7,3,1,21
epididymal cyst,epididymal cyst,symptom,2,2,4,1,1
occasional blurry vision,occasional blurry vision,symptom,4,4,6,1,6
reduced stool volume,reduced stool volume,symptom,10,10,9,1,45
hard stool,hard stool,symptom,19,24,9,0.614035,105
involuntary twitching,involuntary twitching,symptom,7,7,0,1,21
twisting of the limbs,twisting of the limbs,symptom,7,7,0,1,21
peculiar postures,peculiar postures,symptom,7,7,0,1,21
no loss of consciousness during episodes,no loss of consciousness during episodes,symptom,7,7,0,1,21
completely normal inter-episode periods,completely normal inter-episode periods,symptom,7,7,0,1,21
bruises,bruises,symptom,25,25,7,0.653333,196
purplish red patches on the upper eyelids,purplish red patches on the upper eyelids,symptom,16,16,3,0.733333,88
gottron's signs of dermatomyositis,gottron's signs of dermatomyositis,symptom,28,33,7,0.738095,279
iris inflammation,iris inflammation,symptom,6,6,6,1,15
hemisensory disturbances,hemisensory disturbances,symptom,9,9,2,1,36
multiple tender points,multiple tender points,symptom,3,3,0,1,3
itching of nasal mucosa,itching of nasal mucosa,symptom,13,13,3,1,78
clear nasal discharge,clear nasal discharge,symptom,47,63,7,0.495837,536
foul-smelling breath,foul-smelling breath,symptom,16,16,3,0.841667,101
tibial pain,tibial pain,symptom,22,25,0,0.705628,163
inability to turn neck,inability to turn neck,symptom,20,21,6,0.731579,139
degenerative demyelination of cervical cord,degenerative demyelination of cervical cord,symptom,23,23,2,0.581028,147
back in parturient,back in parturient,symptom,14,14,6,1,91
diffuse pain in the neck,diffuse pain in the neck,symptom,33,36,6,0.448864,237
back upon waking up,back upon waking up,symptom,24,25,6,0.619565,171
sensory dissociation,sensory dissociation,symptom,12,12,2,1,66
loss of sensation in the index finger,loss of sensation in the index finger,symptom,14,14,0,0.681319,62
involvement of the brachial plexus,involvement of the brachial plexus,symptom,19,23,2,0.654971,112
palpable tender nodule at the bottom of the heel,palpable tender nodule at the bottom of the heel,symptom,4,4,0,1,6
bile excretion obstruction,bile excretion obstruction,symptom,13,13,7,1,78
hyper-responsiveness of the gallbladder,hyper-responsiveness of the gallbladder,symptom,13,13,7,1,78
gallbladder dyskinesia,gallbladder dyskinesia,symptom,44,74,7,0.468288,443
courvoisier's sign,courvoisier's sign,symptom,13,13,7,1,78
twisting of small bile ducts,twisting of small bile ducts,symptom,17,20,7,0.764706,104
pain that migrates,pain that migrates,symptom,3,3,0,1,3
out a fixed location,out a fixed location,symptom,17,17,0,0.735294,100
initial presentation includes fever,initial presentation includes fever,symptom,3,3,7,1,3
ureteral dilation,ureteral dilation,symptom,23,23,4,0.525692,133
upper urinary tract structural,upper urinary tract structural,symptom,8,8,4,1,28
functional damage,functional damage,symptom,8,8,4,1,28
frequent abdominal distension,frequent abdominal distension,symptom,15,15,2,1,105
ial hypoglycemia,ial hypoglycemia,symptom,35,40,2,0.648739,386
acute fever,acute fever,symptom,10,10,7,1,45
absence of dorsalis pedis artery pulse,absence of dorsalis pedis artery pulse,symptom,19,21,0,0.555556,95
weakened or absent popliteal artery pulse,weakened or absent popliteal artery pulse,symptom,41,43,2,0.515854,423
decreased dorsalis pedis,decreased dorsalis pedis,symptom,18,21,0,0.764706,117
posterior tibial artery pulse,posterior tibial artery pulse,symptom,18,21,0,0.764706,117
ischemia below the calf,ischemia below the calf,symptom,18,18,0,0.594771,91
monocular blindness,monocular blindness,symptom,28,31,2,0.587302,222
diastolic blowing murmur,diastolic blowing murmur,symptom,20,23,1,0.852632,162
asthma in pregnant women,asthma in pregnant women,symptom,6,6,1,1,15
autism,autism,symptom,38,40,2,0.514936,362
toe pain,toe pain,symptom,12,12,1,1,66
pigmented rash,pigmented rash,symptom,8,8,3,1,28
myopic crescent,myopic crescent,symptom,9,9,6,1,36
increased eye fatigue,increased eye fatigue,symptom,9,9,6,1,36
glaucomflecken,glaucomflecken,symptom,20,21,6,0.647368,123
tritanopia,tritanopia,symptom,9,9,6,1,36
exposed tooth roots,exposed tooth roots,symptom,2,2,3,1,1
increased interdental spaces,increased interdental spaces,symptom,2,2,3,1,1
hypotropia of the affected eye,hypotropia of the affected eye,symptom,3,3,6,1,3
eversion of infant ribs,eversion of infant ribs,symptom,11,11,0,0.6,33
gas passage,gas passage,symptom,4,4,7,1,6
umbilical itch,umbilical itch,symptom,14,14,3,1,91
photosensitivity leading to skin allergies,photosensitivity leading to skin allergies,symptom,23,23,3,0.541502,137
localized rash,localized rash,symptom,20,20,3,1,190
thick skin,thick skin,symptom,2,2,1,1,1
metastases,metastases,symptom,6,6,3,1,15
inaccurate finger-to-nose coordination,inaccurate finger-to-nose coordination,symptom,12,12,3,0.348485,23
black nails,black nails,symptom,8,9,3,0.75,21
overall lowered metabolism,overall lowered metabolism,symptom,6,6,3,1,15
disturbed spirit,disturbed spirit,symptom,27,27,2,1,351
delirious speech,delirious speech,symptom,40,42,2,0.619231,483
lockjaw,lockjaw,symptom,38,38,2,0.668563,470
unconsciousness,unconsciousness,symptom,50,58,2,0.576327,706
sudden collapse,sudden collapse,symptom,42,45,2,0.53194,458
dull ache,dull ache,symptom,22,23,0,0.359307,83
furrowing eyebrows,furrowing eyebrows,symptom,25,25,9,1,300
upward rolling of the eyes,upward rolling of the eyes,symptom,49,53,9,0.454932,535
insufficient blood supply to the heart,insufficient blood supply to the heart,symptom,10,10,1,1,45
reduced endocrine function,reduced endocrine function,symptom,20,20,1,0.7,133
skin is extremely fragile,skin is extremely fragile,symptom,1,1,3,0,0
corneal burn,corneal burn,symptom,16,18,6,0.458333,55
slippery discharge,slippery discharge,symptom,14,14,3,1,91
mental fatigue,mental fatigue,symptom,35,38,4,0.584874,348
irregular menstrual periods,irregular menstrual periods,symptom,25,25,3,0.653333,196
continuous spotting,continuous spotting,symptom,14,14,3,1,91
light-colored vaginal discharge,light-colored vaginal discharge,symptom,14,14,3,1,91
startled awareness,startled awareness,symptom,2,2,9,1,1
involvement of leg soreness,involvement of leg soreness,symptom,6,6,0,1,15
megakaryocyte maturation disorder,megakaryocyte maturation disorder,symptom,14,16,7,0.934066,85
voyeuristic,voyeuristic,symptom,5,5,1,1,10
pulses,pulses,symptom,19,19,1,0.48538,83
head heaviness as if shrouded,head heaviness as if shrouded,symptom,9,9,7,1,36
dark complexion,dark complexion,symptom,9,9,7,1,36
skin pruritus,skin pruritus,symptom,45,50,3,0.543434,538
shifting of trachea,shifting of trachea,symptom,9,9,1,1,36
mediastinum,mediastinum,symptom,26,27,1,0.741538,241
is fixed,is fixed,symptom,2,2,0,1,1
prominence on the sole of the foot,prominence on the sole of the foot,symptom,24,25,0,0.5,138
tuberculous toxemia,tuberculous toxemia,symptom,11,11,7,1,55
distant heart sounds,distant heart sounds,symptom,30,31,7,0.478161,208
no active tuberculous lesions,no active tuberculous lesions,symptom,26,28,7,0.6,195
back upon awakening,back upon awakening,symptom,11,11,7,1,55
facial numbness,facial numbness,symptom,93,119,2,0.332866,1424
weakened masseter muscle strength,weakened masseter muscle strength,symptom,14,15,2,0.615385,56
corneal reflexes,corneal reflexes,symptom,8,8,2,1,28
temporalis,temporalis,symptom,8,8,2,1,28
myocarditis,myocarditis,symptom,13,13,0,0.782051,61
abnormal light sensitivity of the eye,abnormal light sensitivity of the eye,symptom,5,5,6,1,10
pituitary insufficiency,pituitary insufficiency,symptom,9,9,2,0.611111,22
decrease in urine osmolality,decrease in urine osmolality,symptom,7,7,2,1,21
hyperreactivity of the gallbladder,hyperreactivity of the gallbladder,symptom,6,6,7,1,15
poor gallbladder contractility,poor gallbladder contractility,symptom,14,17,7,0.879121,80
facial redness,facial redness,symptom,28,40,9,0.589947,223
similar to gout attacks,similar to gout attacks,symptom,10,10,0,1,45
swelling in areas such as the hips,swelling in areas such as the hips,symptom,10,10,0,1,45
metacarpophalangeal joints,metacarpophalangeal joints,symptom,10,10,0,1,45
diffuse swelling,diffuse swelling,symptom,15,15,0,0.371429,39
out redness or heat,out redness or heat,symptom,15,15,0,0.666667,70
progression to suppuration,progression to suppuration,symptom,3,3,0,1,3
symptoms of subungual exostosis include subungual hemorrhage,symptoms of subungual exostosis include subungual hemorrhage,symptom,4,4,4,1,6
the growth of knee-long bone spurs,the growth of knee-long bone spurs,symptom,4,4,4,1,6
in the toe nails,in the toe nails,symptom,4,4,4,1,6
ibular lymph nodes,ibular lymph nodes,symptom,68,81,7,0.500878,1141
vague numbness,vague numbness,symptom,26,26,0,1,325
slow progression,slow progression,symptom,41,41,2,0.431707,354
absence of cranial bones,absence of cranial bones,symptom,1,1,26,0,0
no elevated masses,no elevated masses,symptom,1,1,26,0,0
blind-ending vagina,blind-ending vagina,symptom,4,4,4,1,6
decreased immunity,decreased immunity,symptom,89,115,7,0.403218,1579
slow thinking,slow thinking,symptom,35,38,2,0.354622,211
immediate cracking sound,immediate cracking sound,symptom,4,4,0,1,6
increased interocular distance,increased interocular distance,symptom,16,16,0,0.641667,77
prominent forehead,prominent forehead,symptom,45,52,0,0.30202,299
subepidermal bullae,subepidermal bullae,symptom,3,3,3,1,3
diaphragmatic elevation,diaphragmatic elevation,symptom,14,16,0,0.725275,66
or costal margin area,or costal margin area,symptom,10,10,0,1,45
facial erythema,facial erythema,symptom,48,49,3,0.373227,421
polymorphic rash,polymorphic rash,symptom,40,44,7,0.7,546
polyserositis,polyserositis,symptom,14,14,7,1,91
nephritis,nephritis,symptom,42,51,4,0.587689,506
tooth eruption pain,tooth eruption pain,symptom,15,15,0,1,105
tooth structure damage,tooth structure damage,symptom,15,15,0,1,105
root exposure,root exposure,symptom,15,15,0,1,105
tooth discoloration,tooth discoloration,symptom,24,26,0,0.525362,145
cottage cheese-like discharge,cottage cheese-like discharge,symptom,14,15,4,0.56044,51
reduced learning ability,reduced learning ability,symptom,1,1,2,0,0
abnormal muscle tone,abnormal muscle tone,symptom,5,5,2,0.6,6
gingival inflammation,gingival inflammation,symptom,7,7,0,0.52381,11
skin mottling,skin mottling,symptom,18,18,1,0.771242,118
apathy towards sex,apathy towards sex,symptom,12,13,4,0.878788,58
weakness in the loins,weakness in the loins,symptom,51,62,4,0.524706,669
lengthy urination,lengthy urination,symptom,11,11,4,1,55
green vision,green vision,symptom,12,12,3,1,66
yellow vision,yellow vision,symptom,20,20,3,0.673684,128
achromatopsia,achromatopsia,symptom,12,12,3,1,66
skin hemosiderin deposition,skin hemosiderin deposition,symptom,30,30,1,0.629885,274
dry seborrhea,dry seborrhea,symptom,8,8,6,1,28
red blindness,red blindness,symptom,8,8,6,1,28
intraocular suppuration leading to blindness,intraocular suppuration leading to blindness,symptom,10,10,6,0.755556,34
dim vision,dim vision,symptom,8,8,6,1,28
subdural hematoma,subdural hematoma,symptom,7,7,2,1,21
balance disorders,balance disorders,symptom,25,28,2,0.566667,170
choreiform movements,choreiform movements,symptom,27,32,2,0.452991,159
torsion spasms,torsion spasms,symptom,21,21,2,0.457143,96
incoherent gait,incoherent gait,symptom,7,7,2,1,21
worsening vomiting,worsening vomiting,symptom,5,5,6,1,10
out-toeing gait,out-toeing gait,symptom,14,14,0,1,91
valgus foot,valgus foot,symptom,14,14,0,1,91
flatfoot,flatfoot,symptom,14,14,0,1,91
foot swelling,foot swelling,symptom,15,16,0,0.895238,94
gallbladder hydrops,gallbladder hydrops,symptom,19,23,7,0.625731,107
bile duct rupture,bile duct rupture,symptom,7,7,7,1,21
elongation,elongation,symptom,43,50,0,0.493909,446
tortuosity of superficial veins in the lower limbs,tortuosity of superficial veins in the lower limbs,symptom,9,9,1,0.694444,25
a feeling of soreness,a feeling of soreness,symptom,12,13,7,0.712121,47
abnormal stools,abnormal stools,symptom,2,2,8,1,1
skin of the limbs showing pale red to blue spots,skin of the limbs showing pale red to blue spots,symptom,31,32,3,0.365591,170
appearing in a net-like or lace-like distribution,appearing in a net-like or lace-like distribution,symptom,4,4,0,1,6
raynaud's phenomenon,raynaud's phenomenon,symptom,17,17,0,0.617647,84
dry stools,dry stools,symptom,33,40,7,0.558712,295
lateral swelling,lateral swelling,symptom,42,52,0,0.308943,266
insufficient lactation,insufficient lactation,symptom,7,7,0,0.52381,11
delayed gastric emptying,delayed gastric emptying,symptom,15,17,7,0.704762,74
coughing while eating,coughing while eating,symptom,2,2,8,1,1
flaring nostrils,flaring nostrils,symptom,84,131,1,0.434596,1515
wet lung sounds,wet lung sounds,symptom,18,18,1,1,153
atrophy of breasts,atrophy of breasts,symptom,43,46,4,0.593577,536
reproductive organs,reproductive organs,symptom,30,30,4,0.337931,147
calcaneal swelling,calcaneal swelling,symptom,4,4,0,1,6
mobile. over time,mobile. over time,symptom,3,3,3,1,3
they  enlarge to the size of a walnut or a hen's egg. the overlying skin becomes tense due to pressure,they  enlarge to the size of a walnut or a hen's egg. the overlying skin becomes tense due to pressure,symptom,15,15,3,0.342857,36
the color changes from flushed red to dark red or purplish-red,the color changes from flushed red to dark red or purplish-red,symptom,15,15,3,0.4,42
single solid or cystic nodules,single solid or cystic nodules,symptom,3,3,3,1,3
facial cleft cyst,facial cleft cyst,symptom,2,2,6,1,1
mucous cyst,mucous cyst,symptom,4,4,6,0.333333,2
mucocele,mucocele,symptom,16,17,6,0.4,48
later developing into pendunculated cauliflower-like growths,later developing into pendunculated cauliflower-like growths,symptom,5,5,3,1,10
often seen as flat plaques,often seen as flat plaques,symptom,5,5,3,1,10
small papillae on the surface,small papillae on the surface,symptom,5,5,3,1,10
hemoptoic sputum,hemoptoic sputum,symptom,11,11,1,1,55
delayed dentition,delayed dentition,symptom,3,3,2,1,3
acute facial expression,acute facial expression,symptom,43,46,1,0.624585,564
obsessive-compulsive disorder (ocd),obsessive-compulsive disorder (ocd),symptom,19,21,2,0.660819,113
worsening temper,worsening temper,symptom,12,12,2,1,66
feelings of incapacity,feelings of incapacity,symptom,12,14,2,1,66
soporific states alternating,soporific states alternating,symptom,22,23,2,0.658009,152
numbness in the wrist,numbness in the wrist,symptom,12,12,0,1,66
palmar aspect of the radial side,palmar aspect of the radial side,symptom,12,12,0,1,66
middle finger,middle finger,symptom,31,32,0,0.43871,204
radial side of the ring finger,radial side of the ring finger,symptom,12,12,0,1,66
reduced thumb mobility,reduced thumb mobility,symptom,16,17,0,0.666667,80
introverted personality,introverted personality,symptom,20,20,4,0.594737,113
indecisiveness,indecisiveness,symptom,2,2,4,1,1
suicidal tendencies,suicidal tendencies,symptom,4,4,4,0.333333,2
recurrent swelling episodes,recurrent swelling episodes,symptom,5,5,0,0.4,4
diffuse gl,diffuse gl,symptom,3,3,0,1,3
sore back,sore back,symptom,14,14,2,0.56044,51
appearances are mostly oval in shape,appearances are mostly oval in shape,symptom,2,2,3,1,1
pliable texture,pliable texture,symptom,2,2,3,1,1
oozing of yellow fluid,oozing of yellow fluid,symptom,17,17,3,1,136
extensive maceration,extensive maceration,symptom,18,19,3,0.915033,140
choledocholithiasis,choledocholithiasis,symptom,12,12,7,1,66
firm texture,firm texture,symptom,28,29,7,0.515873,195
binge eating,binge eating,symptom,36,38,7,0.677778,427
early satiety,early satiety,symptom,50,60,7,0.597551,732
increased lanugo,increased lanugo,symptom,25,25,7,1,300
reduced libido,reduced libido,symptom,25,25,7,1,300
loss of pubic,loss of pubic,symptom,25,25,7,1,300
the uterus of the pregnant woman is significantly smaller than the gestational age,the uterus of the pregnant woman is significantly smaller than the gestational age,symptom,6,6,4,1,15
fetal survival,fetal survival,symptom,6,6,4,1,15
loss of subcutaneous fat,loss of subcutaneous fat,symptom,17,17,1,0.580882,79
juvenile papillomatosis (soft wart-like pseudotumors),juvenile papillomatosis (soft wart-like pseudotumors),symptom,2,2,7,1,1
skin that can be pinched up several centimeters,skin that can be pinched up several centimeters,symptom,2,2,7,1,1
tuberculous intoxication,tuberculous intoxication,symptom,11,11,1,1,55
multiple bleeding tendencies,multiple bleeding tendencies,symptom,30,30,7,1,435
spontaneous bleeding,spontaneous bleeding,symptom,33,34,7,0.903409,477
inability of muscles to contract,inability of muscles to contract,symptom,2,2,7,1,1
visceral pain,visceral pain,symptom,21,21,7,0.77619,163
warts on the vulva,warts on the vulva,symptom,2,2,0,1,1
reduced endurance,reduced endurance,symptom,19,20,1,0.77193,132
diastolic murmurs,diastolic murmurs,symptom,53,79,1,0.570392,786
pulmonary stenosis,pulmonary stenosis,symptom,44,59,1,0.501057,474
pulmonary artery murmurs,pulmonary artery murmurs,symptom,29,35,1,0.748768,304
pain in front of the lateral malleolus,pain in front of the lateral malleolus,symptom,16,18,0,0.591667,71
swelling in the area below the medial malleolus,swelling in the area below the medial malleolus,symptom,8,8,0,1,28
larger fontanelle,larger fontanelle,symptom,23,23,0,0.70751,179
everted lower ribs,everted lower ribs,symptom,4,4,0,1,6
pigeon chest,pigeon chest,symptom,31,36,1,0.453763,211
loss of axillary,loss of axillary,symptom,13,13,7,1,78
mobile hard mass,mobile hard mass,symptom,7,7,0,1,21
elevated plasma cholesterol levels,elevated plasma cholesterol levels,symptom,34,35,1,0.500891,281
feeling of swelling,feeling of swelling,symptom,2,2,2,1,1
pressure around the eye socket,pressure around the eye socket,symptom,2,2,2,1,1
episodic dizziness,episodic dizziness,symptom,14,14,2,1,91
visual spinning,visual spinning,symptom,18,21,2,0.895425,137
segmental dissociative sensory disorder,segmental dissociative sensory disorder,symptom,6,6,0,1,15
which eventually ulcerate,which eventually ulcerate,symptom,15,15,7,1,105
form a black,form a black,symptom,15,15,7,1,105
coal-like eschar,coal-like eschar,symptom,35,39,7,0.721008,429
lack of cognitive ability,lack of cognitive ability,symptom,6,6,2,1,15
enlargement of the sternal end of the clavicle,enlargement of the sternal end of the clavicle,symptom,5,5,0,1,10
enlargement of the acromial side,enlargement of the acromial side,symptom,5,5,0,1,10
limited shoulder abduction,limited shoulder abduction,symptom,5,5,0,1,10
pterygium appearing like scallion white,pterygium appearing like scallion white,symptom,2,2,6,1,1
increased hair shedding during combing or washing,increased hair shedding during combing or washing,symptom,10,13,3,0.488889,22
cosmetic-induced hair damage,cosmetic-induced hair damage,symptom,5,5,3,1,10
depletion of vital energy,depletion of vital energy,symptom,5,5,3,1,10
skin burning,skin burning,symptom,13,13,3,0.948718,74
unexplained skin nodules,unexplained skin nodules,symptom,2,2,0,1,1
writing cramps,writing cramps,symptom,7,7,2,1,21
teeth feeling elongated,teeth feeling elongated,symptom,22,22,0,0.705628,163
tender to touch,tender to touch,symptom,21,21,0,0.680952,143
discoloration of teeth,discoloration of teeth,symptom,17,17,0,1,136
lower limb erythema nodules,lower limb erythema nodules,symptom,2,2,3,1,1
barrel-shaped nails,barrel-shaped nails,symptom,8,8,4,1,28
unilateral lower abdominal pain,unilateral lower abdominal pain,symptom,21,27,4,0.552381,116
polycystic ovaries,polycystic ovaries,symptom,8,8,4,1,28
pelvic heaviness,pelvic heaviness,symptom,21,28,4,0.62381,131
abundant phlegm that is white,abundant phlegm that is white,symptom,17,19,1,0.727941,99
easily expectorated,easily expectorated,symptom,8,8,1,1,28
aggravation of cough upon physical activity,aggravation of cough upon physical activity,symptom,12,13,1,0.666667,44
a history of hypertension may experience discomfort in the head,a history of hypertension may experience discomfort in the head,symptom,5,5,2,1,10
excitement or depression,excitement or depression,symptom,5,5,2,1,10
occasional regurgitation,occasional regurgitation,symptom,12,12,7,1,66
inaccuracy in finger-nose test,inaccuracy in finger-nose test,symptom,2,2,2,1,1
liking to rub eyes,liking to rub eyes,symptom,10,10,6,1,45
easily agitated,easily agitated,symptom,15,18,6,0.638095,67
gastric duplication anomaly,gastric duplication anomaly,symptom,4,4,7,1,6
worsening cough,worsening cough,symptom,7,7,1,1,21
thyroid nodules,thyroid nodules,symptom,33,36,7,0.537879,284
mucous discharge,mucous discharge,symptom,26,26,4,0.578462,188
distinctive facial features,distinctive facial features,symptom,9,9,0,0.5,18
poor comprehension abilities,poor comprehension abilities,symptom,7,7,0,0.238095,5
intellectual deficiency,intellectual deficiency,symptom,3,3,0,1,3
paroxysmal periumbilical pain,paroxysmal periumbilical pain,symptom,6,6,7,1,15
esotropia,esotropia,symptom,11,12,2,0.781818,43
unequal pupil size,unequal pupil size,symptom,44,51,6,0.415433,393
deformed pupil,deformed pupil,symptom,21,23,6,0.642857,135
sectoral iris atrophy,sectoral iris atrophy,symptom,24,30,6,0.626812,173
lung diseases,lung diseases,symptom,6,6,1,1,15
derealization,derealization,symptom,11,11,2,0.763636,42
splenomegaly often appears around the age of 4-6 years,splenomegaly often appears around the age of 4-6 years,symptom,3,3,2,1,3
olfactory dysfunction,olfactory dysfunction,symptom,48,56,7,0.355496,401
varicose veins in upper limbs,varicose veins in upper limbs,symptom,18,18,1,1,153
it presents as acute,it presents as acute,symptom,11,11,4,1,55
abdominal pain that recurs,abdominal pain that recurs,symptom,11,11,4,1,55
intercostal scapular b,intercostal scapular b,symptom,8,8,2,1,28
diaphragmatic defect,diaphragmatic defect,symptom,7,7,7,1,21
localized muscle tension disorder,localized muscle tension disorder,symptom,22,22,0,0.580087,134
malodor,malodor,symptom,36,41,4,0.350794,221
preterm birth,preterm birth,symptom,4,4,4,1,6
intrauterine infection,intrauterine infection,symptom,4,4,4,1,6
fetal mortality,fetal mortality,symptom,4,4,4,1,6
heightened startle response,heightened startle response,symptom,6,6,2,1,15
erythematous nodules,erythematous nodules,symptom,31,36,7,0.890323,414
mixed acid-base imbalance,mixed acid-base imbalance,symptom,46,52,2,0.600966,622
nodular hyperplasia on facial skin,nodular hyperplasia on facial skin,symptom,14,14,3,0.472527,43
ataxic gait,ataxic gait,symptom,32,35,2,0.705645,350
purple bruising of the injured area,purple bruising of the injured area,symptom,5,5,0,1,10
tarry stools,tarry stools,symptom,53,66,7,0.539187,743
difficulty in eating,difficulty in eating,symptom,56,64,8,0.435714,671
esophageal hemorrhage,esophageal hemorrhage,symptom,16,16,8,1,120
widened pulse pressure,widened pulse pressure,symptom,27,34,1,0.77208,271
water-hammer pulse,water-hammer pulse,symptom,26,27,1,0.821538,267
intrauterine device,intrauterine device,symptom,4,4,4,1,6
post-abortion embryonic tissue residue in women,post-abortion embryonic tissue residue in women,symptom,4,4,4,1,6
weakness of the throat muscles,weakness of the throat muscles,symptom,19,19,0,0.532164,91
poverty of thought,poverty of thought,symptom,20,26,2,0.894737,170
heatstroke,heatstroke,symptom,9,9,7,1,36
heat cramps,heat cramps,symptom,28,31,7,0.830688,314
round masses in the ankle area,round masses in the ankle area,symptom,11,13,0,0.854545,47
complete loss of joint extension function,complete loss of joint extension function,symptom,21,26,0,0.495238,104
necrotizing fasciitis,necrotizing fasciitis,symptom,25,27,7,0.526667,158
finger sucking,finger sucking,symptom,3,3,0,1,3
swelling of the fingers over time,swelling of the fingers over time,symptom,3,3,0,1,3
nail biting,nail biting,symptom,15,15,0,0.657143,69
leading to nail deficiency or perionychia,leading to nail deficiency or perionychia,symptom,3,3,0,1,3
intellectual disabilities,intellectual disabilities,symptom,12,12,2,0.757576,50
limb disorders,limb disorders,symptom,27,28,2,0.720798,253
frontal vitiligo,frontal vitiligo,symptom,8,8,3,1,28
ibular prognathism,ibular prognathism,symptom,6,6,3,0.4,6
decreased activity level,decreased activity level,symptom,11,11,7,0.927273,51
flattened or sagging breasts,flattened or sagging breasts,symptom,0,0,27,0,0
history of trauma to the distal radius,history of trauma to the distal radius,symptom,6,6,0,1,15
wrist swelling,wrist swelling,symptom,27,37,0,0.501425,176
blood streak in sputum,blood streak in sputum,symptom,11,11,1,1,55
wart-like protrusions on the skin,wart-like protrusions on the skin,symptom,1,1,6,0,0
dyslexia,dyslexia,symptom,1,1,2,0,0
the tumors are small,the tumors are small,symptom,6,6,3,1,15
mostly asymptomatic,mostly asymptomatic,symptom,12,12,3,0.545455,36
slow-growing,slow-growing,symptom,21,23,3,0.395238,83
when the tumor grows to a medium size,when the tumor grows to a medium size,symptom,6,6,3,1,15
reflex abnormalities,reflex abnormalities,symptom,14,14,2,0.659341,60
occasional flashes,occasional flashes,symptom,3,3,6,1,3
painful femoral white swelling,painful femoral white swelling,symptom,5,5,0,1,10
fever in pregnant women,fever in pregnant women,symptom,11,11,0,0.563636,31
periostitis,periostitis,symptom,45,55,3,0.4,396
rupture of lymph nodes,rupture of lymph nodes,symptom,2,2,7,1,1
bulging fontanelles,bulging fontanelles,symptom,38,53,2,0.517781,364
open cranial sutures,open cranial sutures,symptom,20,21,2,0.657895,125
gaze palsy,gaze palsy,symptom,38,39,2,0.513514,361
easily irritated,easily irritated,symptom,10,10,2,1,45
nail in tube shape,nail in tube shape,symptom,3,3,4,1,3
ulcer appears cauliflower-like,ulcer appears cauliflower-like,symptom,3,3,4,1,3
increasing painless mass in one side of the scrotum,increasing painless mass in one side of the scrotum,symptom,20,20,0,0.510526,97
varices of the lower esophagus,varices of the lower esophagus,symptom,22,24,7,0.935065,216
pigmented patches,pigmented patches,symptom,36,40,3,0.352381,222
facial spots,facial spots,symptom,24,27,3,0.565217,156
dissociative trance,dissociative trance,symptom,3,3,6,1,3
possession states,possession states,symptom,3,3,6,1,3
extreme weakness,extreme weakness,symptom,23,27,7,0.818182,207
hydrophobia,hydrophobia,symptom,16,18,2,0.75,90
aerophobia,aerophobia,symptom,16,18,2,0.75,90
pharyngeal muscle spasm,pharyngeal muscle spasm,symptom,18,18,7,0.627451,96
progressive paralysis,progressive paralysis,symptom,24,24,2,0.728261,201
pupil discoloration,pupil discoloration,symptom,7,7,6,0.619048,13
pupil deformation,pupil deformation,symptom,22,26,6,0.493506,114
coagulation dysfunction,coagulation dysfunction,symptom,33,36,7,0.606061,320
diffuse apex beat,diffuse apex beat,symptom,11,11,1,1,55
mucosal hemorrhage,mucosal hemorrhage,symptom,29,33,7,0.551724,224
subcutaneous hematoma,subcutaneous hematoma,symptom,33,37,0,0.420455,222
pain during movement or h,pain during movement or h,symptom,22,22,2,0.65368,151
non-painful or mildly tender,non-painful or mildly tender,symptom,4,4,3,1,6
unilateral facial hypertrophy,unilateral facial hypertrophy,symptom,46,48,9,0.337198,349
facial percussion sign,facial percussion sign,symptom,12,12,3,1,66
organ shrinkage,organ shrinkage,symptom,12,12,3,1,66
inability to elicit moro reflex,inability to elicit moro reflex,symptom,12,12,3,1,66
pes arcuatus,pes arcuatus,symptom,7,7,2,1,21
absent tendon reflexes,absent tendon reflexes,symptom,80,99,2,0.354114,1119
equinovarus,equinovarus,symptom,15,16,0,0.485714,51
skin softening,skin softening,symptom,9,9,0,1,36
epigastric pain,epigastric pain,symptom,28,34,7,0.743386,281
metabolic alkalosis,metabolic alkalosis,symptom,19,19,1,0.789474,135
decreased pituitary function,decreased pituitary function,symptom,8,8,3,1,28
reduced or absent bowel sounds,reduced or absent bowel sounds,symptom,11,11,7,0.781818,43
the tumor often appears red or sanguineous,the tumor often appears red or sanguineous,symptom,7,7,3,0.428571,9
located at the epiphyses or bone protuberance,located at the epiphyses or bone protuberance,symptom,3,3,3,1,3
osteolytic areas,osteolytic areas,symptom,3,3,3,1,3
increased pulse rate,increased pulse rate,symptom,54,61,7,0.513627,735
feeding intolerance,feeding intolerance,symptom,7,7,7,1,21
characterized by regular,characterized by regular,symptom,4,4,3,1,6
hard bone expansion,hard bone expansion,symptom,4,4,3,1,6
dark spots on the face,dark spots on the face,symptom,2,2,3,1,1
liver failure,liver failure,symptom,63,82,7,0.449565,878
thumb-tripod positioning,thumb-tripod positioning,symptom,8,8,7,1,28
fetal distress,fetal distress,symptom,52,56,4,0.223228,296
increased flexor muscle tone,increased flexor muscle tone,symptom,20,20,0,0.763158,145
internal rotation,internal rotation,symptom,41,43,0,0.360976,296
adduction,adduction,symptom,46,47,0,0.294686,305
elbow flexion,elbow flexion,symptom,17,17,0,1,136
wrist flexion,wrist flexion,symptom,31,32,0,0.498925,232
increased tone of thigh adductors,increased tone of thigh adductors,symptom,17,17,0,1,136
intestinal transit disorders,intestinal transit disorders,symptom,25,32,7,0.643333,193
acromegaly,acromegaly,symptom,1,1,2,0,0
local inflammatory conditions or pigmentation,local inflammatory conditions or pigmentation,symptom,27,27,0,1,351
history of adhesion scars to the bone,history of adhesion scars to the bone,symptom,27,27,0,1,351
galactorrhea,galactorrhea,symptom,67,95,4,0.391226,865
caused by excessive consumption of carrots,caused by excessive consumption of carrots,symptom,4,4,3,1,6
citrus,citrus,symptom,4,4,3,1,6
other foods,other foods,symptom,4,4,3,1,6
resembling chalazion. as they grow larger,resembling chalazion. as they grow larger,symptom,6,6,3,1,15
cauliflower-like tumors that bleed easily upon touch,cauliflower-like tumors that bleed easily upon touch,symptom,6,6,3,1,15
numbness of the lower lip,numbness of the lower lip,symptom,22,25,0,0.536797,124
difficulty opening eyes,difficulty opening eyes,symptom,60,69,6,0.376836,667
sequestrum,sequestrum,symptom,12,12,0,1,66
limited range of motion,limited range of motion,symptom,18,21,0,0.45098,69
red mucosa,red mucosa,symptom,44,45,3,0.832981,788
gray-white nodules,gray-white nodules,symptom,9,10,6,0.638889,23
pus discharge,pus discharge,symptom,78,86,0,0.333333,1001
indifference in facial expression,indifference in facial expression,symptom,12,12,2,0.666667,44
increased facial wrinkles,increased facial wrinkles,symptom,3,3,3,1,3
redness of toes,redness of toes,symptom,21,21,0,1,210
increased arterial pulsation,increased arterial pulsation,symptom,21,21,0,1,210
hip joints,hip joints,symptom,39,41,0,0.383266,284
numbness of skin,numbness of skin,symptom,31,32,0,0.690323,321
joint immobility,joint immobility,symptom,5,5,0,1,10
coughing up chocolate-colored sputum,coughing up chocolate-colored sputum,symptom,31,36,1,0.815054,379
intermittent vomiting,intermittent vomiting,symptom,5,5,7,1,10
jugular venous pulsation,jugular venous pulsation,symptom,13,13,1,0.858974,67
bulging of sinus surface,bulging of sinus surface,symptom,9,9,6,1,36
presence of dead bone,presence of dead bone,symptom,27,27,0,1,351
cranial nerve damage,cranial nerve damage,symptom,27,27,4,0.60114,211
enlarged joints,enlarged joints,symptom,28,31,0,0.558201,211
hot flashes,hot flashes,symptom,45,53,2,0.440404,436
decline in visual function,decline in visual function,symptom,3,3,6,1,3
vomiting of coffee ground material,vomiting of coffee ground material,symptom,16,17,7,0.866667,104
palpable mass in the upper abdomen,palpable mass in the upper abdomen,symptom,61,95,7,0.50765,929
impaired movement in the middle,impaired movement in the middle,symptom,7,7,0,1,21
lower segments of the forearm,lower segments of the forearm,symptom,7,7,0,1,21
typical symptoms of neurodevelopmental delay,typical symptoms of neurodevelopmental delay,symptom,0,0,28,0,0
fatigue upon walking,fatigue upon walking,symptom,11,11,0,1,55
sputum is white,sputum is white,symptom,26,26,1,0.701538,228
thick like jelly,thick like jelly,symptom,13,13,1,1,78
streaks of blood or purulent,streaks of blood or purulent,symptom,13,13,1,1,78
thick blood,thick blood,symptom,8,8,9,1,28
unilateral blindness,unilateral blindness,symptom,10,10,2,0.622222,28
metabolic disorders of glucose,metabolic disorders of glucose,symptom,13,13,7,0.846154,66
no sputum,no sputum,symptom,3,3,1,1,3
protruding teeth,protruding teeth,symptom,4,4,3,0.333333,2
enamel deficiency,enamel deficiency,symptom,2,2,3,1,1
abnormal occlusion,abnormal occlusion,symptom,2,2,3,1,1
palpable mass in scrotum,palpable mass in scrotum,symptom,2,2,29,1,1
epididymal swelling,epididymal swelling,symptom,2,2,29,1,1
external testicular torsion,external testicular torsion,symptom,2,2,29,1,1
bacteremia,bacteremia,symptom,47,51,7,0.654024,707
femoral artery gunshot sound,femoral artery gunshot sound,symptom,10,10,1,1,45
cardiac malformation,cardiac malformation,symptom,32,38,1,0.576613,286
pulsus bisferiens,pulsus bisferiens,symptom,10,10,1,1,45
panting,panting,symptom,16,16,1,0.941667,113
brown-black teeth,brown-black teeth,symptom,8,8,0,1,28
lymph node metastasis,lymph node metastasis,symptom,9,9,0,1,36
nodular sclerosis,nodular sclerosis,symptom,4,4,3,0.5,3
skin induration,skin induration,symptom,14,15,3,0.747253,68
lumbosacral soreness,lumbosacral soreness,symptom,17,19,4,0.507353,69
moth-eaten circular areas,moth-eaten circular areas,symptom,7,7,3,1,21
skin at the affected area appears white or slightly pink,skin at the affected area appears white or slightly pink,symptom,7,7,3,1,21
swelling occur,swelling occur,symptom,11,11,3,1,55
followed by the eruption,followed by the eruption,symptom,11,11,3,1,55
flesh turning grey,flesh turning grey,symptom,11,11,3,1,55
the wounds failing to heal for a long time,the wounds failing to heal for a long time,symptom,11,11,3,1,55
transient fainting,transient fainting,symptom,23,24,2,0.940711,238
transient global amnesia,transient global amnesia,symptom,57,65,2,0.586466,936
fasting hypoglycemia,fasting hypoglycemia,symptom,49,62,2,0.556122,654
pregnant women do not feel anything special,pregnant women do not feel anything special,symptom,1,1,0,0,0
pigmentation in some cases,pigmentation in some cases,symptom,6,6,3,1,15
medullary proliferation,medullary proliferation,symptom,2,2,3,1,1
atypical hyperplasia,atypical hyperplasia,symptom,5,5,3,0.6,6
thick neck,thick neck,symptom,25,26,1,0.626667,188
low posterior hairline,low posterior hairline,symptom,3,3,1,1,3
generalized muscle tone disorders,generalized muscle tone disorders,symptom,11,11,2,0.563636,31
tic disorders,tic disorders,symptom,5,5,2,1,10
local fever,local fever,symptom,2,2,0,1,1
skin swelling,skin swelling,symptom,56,78,3,0.440909,679
rash as dense clusters,rash as dense clusters,symptom,10,10,3,1,45
sweating on one side of the body,sweating on one side of the body,symptom,1,1,4,0,0
absence of sweating on the other side,absence of sweating on the other side,symptom,21,21,4,0.371429,78
sharply demarcated plaques (elevated from the skin),sharply demarcated plaques (elevated from the skin),symptom,16,16,3,1,120
the lesions are soaked,the lesions are soaked,symptom,1,1,4,0,0
exhibit papillomatous hyperplasia,exhibit papillomatous hyperplasia,symptom,3,3,4,0.333333,1
reducible mass in the groin area,reducible mass in the groin area,symptom,28,29,7,0.724868,274
enlargement of the scrotum,enlargement of the scrotum,symptom,28,28,7,0.666667,252
early manifestations include fatigue,early manifestations include fatigue,symptom,10,10,2,1,45
reduced comprehension,reduced comprehension,symptom,10,10,2,1,45
often show abnormal eeg patterns,often show abnormal eeg patterns,symptom,10,10,2,1,45
painless hard plaques on the penis,painless hard plaques on the penis,symptom,4,4,4,1,6
penile curvature,penile curvature,symptom,8,8,4,0.464286,13
painful erections,painful erections,symptom,4,4,4,1,6
abnormal erections,abnormal erections,symptom,4,4,4,1,6
bone mass,bone mass,symptom,31,32,2,0.372043,173
empty sella syndrome,empty sella syndrome,symptom,12,12,2,1,66
damage around the aqueduct,damage around the aqueduct,symptom,26,35,2,0.606154,197
ophthalmodynia,ophthalmodynia,symptom,12,12,2,1,66
abnormal diet,abnormal diet,symptom,35,35,3,0.559664,333
facial helminth spots,facial helminth spots,symptom,15,15,7,1,105
postoperative fever,postoperative fever,symptom,34,35,2,0.522282,293
surgical wounds,surgical wounds,symptom,6,6,1,1,15
premature rupture of membranes,premature rupture of membranes,symptom,12,12,4,0.515152,34
an irregular surface,an irregular surface,symptom,6,6,3,1,15
prickling,prickling,symptom,34,36,4,0.593583,333
corneal opacification,corneal opacification,symptom,32,36,6,0.364919,181
mental tension,mental tension,symptom,17,24,1,0.852941,116
retroauricular swelling,retroauricular swelling,symptom,18,18,6,0.784314,120
diffuse apical beating,diffuse apical beating,symptom,10,10,1,1,45
skin sclerosis,skin sclerosis,symptom,47,51,3,0.503238,544
rapid heart rate,rapid heart rate,symptom,72,83,1,0.524648,1341
common symptoms include dizziness,common symptoms include dizziness,symptom,6,6,1,1,15
localized dull pain,localized dull pain,symptom,4,4,0,1,6
neurological symptoms,neurological symptoms,symptom,4,4,0,1,6
low sperm survival rate in semen analysis,low sperm survival rate in semen analysis,symptom,27,28,4,0.490028,172
poor motility,poor motility,symptom,11,11,7,0.727273,40
stools slightly containing pus,stools slightly containing pus,symptom,6,6,7,1,15
out sweating,out sweating,symptom,23,23,9,0.521739,132
tight pulse,tight pulse,symptom,27,29,7,0.435897,153
accelerated heartbeat,accelerated heartbeat,symptom,2,2,1,1,1
irregular heartbeat,irregular heartbeat,symptom,72,132,1,0.39867,1019
dyschromia (abnormal pigmentation),dyschromia (abnormal pigmentation),symptom,5,5,3,1,10
limb dysfunction,limb dysfunction,symptom,29,29,2,0.726601,295
paroxysmal coughing,paroxysmal coughing,symptom,49,52,7,0.598639,704
thick sputum,thick sputum,symptom,46,55,1,0.669565,693
asthmatic attacks,asthmatic attacks,symptom,28,28,7,1,378
esophageal peristalsis deterioration,esophageal peristalsis deterioration,symptom,11,11,2,1,55
barium retention in the piriform fossa,barium retention in the piriform fossa,symptom,11,11,2,1,55
infantile craniotabes,infantile craniotabes,symptom,8,8,6,1,28
pain over the supraorbital ridge,pain over the supraorbital ridge,symptom,8,8,6,1,28
droplet keratopathy,droplet keratopathy,symptom,8,8,6,1,28
high intracranial pressure syndrome,high intracranial pressure syndrome,symptom,17,17,2,0.713235,97
followed by vomiting,followed by vomiting,symptom,4,4,7,1,6
incision infection,incision infection,symptom,2,2,0,1,1
pelvic adhesion,pelvic adhesion,symptom,2,2,0,1,1
cortical thickening of bones,cortical thickening of bones,symptom,12,12,3,0.469697,31
diverse rashes,diverse rashes,symptom,17,17,3,1,136
swollen eyeball,swollen eyeball,symptom,3,3,6,1,3
a darkish hue,a darkish hue,symptom,6,6,2,1,15
slight twitching of the h,slight twitching of the h,symptom,6,6,2,1,15
psychological disorders,psychological disorders,symptom,16,17,2,0.8,96
abnormally large dance-like movements,abnormally large dance-like movements,symptom,15,18,2,0.514286,54
vestibular vertigo,vestibular vertigo,symptom,11,11,7,1,55
the presence of fecal,the presence of fecal,symptom,6,6,7,1,15
vertical movement disorder of the eyeball,vertical movement disorder of the eyeball,symptom,23,23,6,0.537549,136
ischemia of skin,ischemia of skin,symptom,5,5,7,1,10
poor spirit,poor spirit,symptom,39,40,7,0.438596,325
pseudohermaphroditism in males,pseudohermaphroditism in males,symptom,5,5,4,1,10
sudden inability to move or asymmetry of the face upon waking up,sudden inability to move or asymmetry of the face upon waking up,symptom,28,29,9,0.589947,223
tension in facial,tension in facial,symptom,18,18,9,1,153
food reflux to the nasal cavity,food reflux to the nasal cavity,symptom,18,18,8,0.915033,140
disproportionate fever,disproportionate fever,symptom,6,6,1,1,15
barking cough,barking cough,symptom,19,20,1,0.748538,128
pediatric cough,pediatric cough,symptom,12,12,1,1,66
hoarse cough,hoarse cough,symptom,39,40,1,0.481781,357
aphonia,aphonia,symptom,35,41,1,0.620168,369
skin hemosiderosis,skin hemosiderosis,symptom,18,18,1,1,153
localized discomfort,localized discomfort,symptom,9,10,0,0.638889,23
decreased sexual function,decreased sexual function,symptom,8,8,2,0.642857,18
weakness in both h,weakness in both h,symptom,14,14,0,0.758242,69
self-blame,self-blame,symptom,8,8,2,1,28
or a state of disarray,or a state of disarray,symptom,8,8,2,1,28
abdominal muscle spasms,abdominal muscle spasms,symptom,20,21,7,0.621053,118
central protrusion of the nails,central protrusion of the nails,symptom,2,2,3,1,1
perianal swelling,perianal swelling,symptom,9,12,7,0.888889,32
no obvious symptoms or presents,no obvious symptoms or presents,symptom,6,6,7,1,15
dark red jam-like stools,dark red jam-like stools,symptom,6,6,7,1,15
intestinal mucosal necrosis,intestinal mucosal necrosis,symptom,8,8,7,1,28
bloody secretions in the vagina,bloody secretions in the vagina,symptom,17,17,4,0.705882,96
liver fibrosis,liver fibrosis,symptom,28,29,7,0.825397,312
polyuria (,polyuria (,symptom,6,6,4,1,15
mild asymptomatic,mild asymptomatic,symptom,7,7,7,1,21
spleen deficiency,spleen deficiency,symptom,22,23,3,0.562771,130
ruff,ruff,symptom,18,20,3,0.496732,76
unusual ichthyosis,unusual ichthyosis,symptom,18,20,3,0.705882,108
which can spontaneously regress in a few days. in more cases,which can spontaneously regress in a few days. in more cases,symptom,4,4,3,1,6
prominent follicles,prominent follicles,symptom,16,16,6,1,120
ectopic kidney,ectopic kidney,symptom,8,8,4,1,28
ureteral ectopia,ureteral ectopia,symptom,8,8,4,1,28
eyelash loss,eyelash loss,symptom,2,2,6,1,1
wet umbilicus,wet umbilicus,symptom,3,3,0,1,3
thin or purulent secretion around the umbilicus,thin or purulent secretion around the umbilicus,symptom,3,3,0,1,3
cystic mass not changing,cystic mass not changing,symptom,3,3,0,1,3
body position,body position,symptom,13,13,0,0.615385,48
apathetic appearance,apathetic appearance,symptom,7,7,2,1,21
mtx,mtx,symptom,1,1,4,0,0
reduced or absent cardiac dullness,reduced or absent cardiac dullness,symptom,7,7,1,1,21
mask-like face,mask-like face,symptom,15,15,2,0.761905,80
dull sensation,dull sensation,symptom,35,35,2,0.579832,345
tendon rupture,tendon rupture,symptom,6,6,6,1,15
painful arc syndrome,painful arc syndrome,symptom,6,6,6,1,15
impingement sign,impingement sign,symptom,6,6,6,1,15
reduction in red blood cells,reduction in red blood cells,symptom,11,11,7,1,55
lymphocytes,lymphocytes,symptom,11,11,7,1,55
platelets,platelets,symptom,30,34,7,0.643678,280
cancer pain,cancer pain,symptom,4,4,7,1,6
dry heaving,dry heaving,symptom,7,7,2,1,21
congestion of the glans penis,congestion of the glans penis,symptom,20,20,3,1,190
photopsia,photopsia,symptom,3,3,6,1,3
lucid interval,lucid interval,symptom,5,5,2,1,10
bone marrow damage,bone marrow damage,symptom,24,32,7,0.688406,190
yellow nasal discharge,yellow nasal discharge,symptom,34,47,9,0.609626,342
rapid development,rapid development,symptom,15,15,7,1,105
persistent muscle contraction,persistent muscle contraction,symptom,6,6,2,1,15
functional tremor,functional tremor,symptom,6,6,2,1,15
significant blood pressure fluctuations,significant blood pressure fluctuations,symptom,67,82,1,0.467209,1033
dull heart sounds,dull heart sounds,symptom,10,10,0,1,45
pathogenic love overriding genuine vacuity,pathogenic love overriding genuine vacuity,symptom,9,9,7,1,36
beaded ribs,beaded ribs,symptom,17,19,1,0.801471,109
funnel chest,funnel chest,symptom,15,18,1,0.847619,89
spontaneous paroxysmal pain,spontaneous paroxysmal pain,symptom,10,10,0,1,45
sensitivity to temperature changes,sensitivity to temperature changes,symptom,10,10,0,1,45
radiating pain that cannot be localized,radiating pain that cannot be localized,symptom,10,10,0,1,45
partial exposure of the eyeball,partial exposure of the eyeball,symptom,4,4,3,1,6
difficulty defecating,difficulty defecating,symptom,41,49,7,0.415854,341
horner's syndrome,horner's syndrome,symptom,4,4,6,1,6
loss of skin turgor,loss of skin turgor,symptom,7,7,3,1,21
joint laxity,joint laxity,symptom,52,53,0,0.297888,395
commonly in lower limb joints,commonly in lower limb joints,symptom,5,5,0,1,10
becomes significant after physical activity,becomes significant after physical activity,symptom,5,5,0,1,10
the range of motion of affected joints is increased,the range of motion of affected joints is increased,symptom,5,5,0,1,10
exceeding the normal range,exceeding the normal range,symptom,25,25,4,0.696667,209
soft palate pain,soft palate pain,symptom,6,6,0,1,15
glossalgia,glossalgia,symptom,18,18,2,0.575163,88
at birth,at birth,symptom,32,33,1,0.433468,215
reticulated to patchy pigmentation,reticulated to patchy pigmentation,symptom,14,16,3,0.615385,56
tubular nails,tubular nails,symptom,6,6,3,1,15
diffuse flushing of the body,diffuse flushing of the body,symptom,17,17,3,0.647059,88
pale yellow pupil reflex,pale yellow pupil reflex,symptom,12,12,6,1,66
commonly located on the eye face,commonly located on the eye face,symptom,24,24,3,0.612319,169
lateral eyebrow,lateral eyebrow,symptom,16,16,3,1,120
nasal root,nasal root,symptom,20,20,3,0.673684,128
occiput,occiput,symptom,16,16,3,1,120
making them difficult to move,making them difficult to move,symptom,16,16,3,1,120
or the passage of a small amount of bloody stool from the rectum,or the passage of a small amount of bloody stool from the rectum,symptom,6,6,7,1,15
swelling in front of the shin,swelling in front of the shin,symptom,10,10,0,0.4,18
slow rebound upon pressure,slow rebound upon pressure,symptom,1,1,0,0,0
low libido,low libido,symptom,7,7,3,0.47619,10
yellow-brown or brown spots,yellow-brown or brown spots,symptom,5,5,3,1,10
spots do not converge,spots do not converge,symptom,5,5,3,1,10
sun exposure can trigger or exacerbate the condition,sun exposure can trigger or exacerbate the condition,symptom,5,5,3,1,10
generally lighter in winter,generally lighter in winter,symptom,5,5,3,1,10
more in summer,more in summer,symptom,5,5,3,1,10
bradykinesia of h,bradykinesia of h,symptom,40,40,2,1,780
feet on both sides,feet on both sides,symptom,40,40,2,1,780
pain of the nasal bridge,pain of the nasal bridge,symptom,17,17,7,0.683824,93
fluctuant on palpation,fluctuant on palpation,symptom,13,13,7,1,78
spherical-shaped swelling of approximately 2cm in diameter on the midline of the neck,spherical-shaped swelling of approximately 2cm in diameter on the midline of the neck,symptom,7,7,3,1,21
between the hyoid bone,between the hyoid bone,symptom,7,7,3,1,21
may grow large,may grow large,symptom,7,7,3,1,21
laryngospasm,laryngospasm,symptom,62,74,2,0.407721,771
limb twitching,limb twitching,symptom,38,39,2,0.401138,282
sleepwalking,sleepwalking,symptom,13,13,2,0.769231,60
somnambulism,somnambulism,symptom,18,21,2,0.679739,104
persistent bleeding at injection sites,persistent bleeding at injection sites,symptom,18,21,7,0.843137,129
decreased cortical function,decreased cortical function,symptom,12,15,4,0.969697,64
irregular menstrual cycles,irregular menstrual cycles,symptom,8,8,4,0.75,21
appearance of telangiectasia on cheeks,appearance of telangiectasia on cheeks,symptom,10,10,3,1,45
sinking of the upper wall of the external auditory canal,sinking of the upper wall of the external auditory canal,symptom,4,4,0,1,6
intestinal vascular malformation,intestinal vascular malformation,symptom,21,26,7,0.57619,121
intestinal dysmotility,intestinal dysmotility,symptom,7,7,7,1,21
pulsatile mass,pulsatile mass,symptom,33,33,0,0.422348,223
intestinal helminthiasis,intestinal helminthiasis,symptom,7,7,7,1,21
dysenteric stool,dysenteric stool,symptom,19,19,4,1,171
prominent abdominal wall veins,prominent abdominal wall veins,symptom,19,19,4,1,171
eye movements synchronized,eye movements synchronized,symptom,9,9,6,1,36
the pulse,the pulse,symptom,9,9,6,1,36
sticky tears,sticky tears,symptom,9,9,6,1,36
weak waist,weak waist,symptom,15,15,2,1,105
excessive dreaming,excessive dreaming,symptom,20,21,2,0.721053,137
puerperal infection,puerperal infection,symptom,5,5,4,1,10
auditory comprehension impairments,auditory comprehension impairments,symptom,1,1,30,0,0
speech expression difficulties,speech expression difficulties,symptom,1,1,30,0,0
acute intestinal volvulus,acute intestinal volvulus,symptom,17,19,7,0.786765,107
varying in size,varying in size,symptom,25,25,3,0.556667,167
scrotal dermatitis,scrotal dermatitis,symptom,6,7,6,0.933333,14
angular cheilitis,angular cheilitis,symptom,32,40,3,0.375,186
pain in the scapular belt,pain in the scapular belt,symptom,9,9,2,1,36
coughing out smelly dry crusts,coughing out smelly dry crusts,symptom,2,2,9,1,1
itching in the nose,itching in the nose,symptom,26,33,7,0.664615,216
runny clear mucus,runny clear mucus,symptom,14,14,7,1,91
abnormal endometrial hyperplasia,abnormal endometrial hyperplasia,symptom,34,34,4,0.750446,421
lower extremities,lower extremities,symptom,44,45,4,0.540169,511
frequent inflammation of the endometrium,frequent inflammation of the endometrium,symptom,27,27,4,1,351
cervix,cervix,symptom,42,42,4,0.473868,408
adnexa,adnexa,symptom,31,31,4,0.804301,374
a butterfly distribution,a butterfly distribution,symptom,19,19,3,0.730994,125
pulmonary arteriovenous fistula,pulmonary arteriovenous fistula,symptom,10,10,1,1,45
venous reflux disorder,venous reflux disorder,symptom,10,10,1,1,45
extrapulmonary symptoms,extrapulmonary symptoms,symptom,10,10,1,1,45
elevated potassium levels,elevated potassium levels,symptom,10,10,2,1,45
renal area pain,renal area pain,symptom,3,3,4,1,3
tonsil congestion,tonsil congestion,symptom,43,54,7,0.665559,601
intense stabbing pain,intense stabbing pain,symptom,3,3,3,1,3
pain in fixed locations,pain in fixed locations,symptom,3,3,3,1,3
sinus arrest,sinus arrest,symptom,31,41,1,0.666667,310
accelerated breathing,accelerated breathing,symptom,12,12,2,1,66
urinary burning,urinary burning,symptom,12,12,2,1,66
impaired balance,impaired balance,symptom,6,6,2,1,15
superficial fasciitis,superficial fasciitis,symptom,11,12,7,1,55
migratory peripheral arthritis,migratory peripheral arthritis,symptom,9,9,0,1,36
excessive white discharge,excessive white discharge,symptom,21,21,4,0.495238,104
' around the upper abdomen,' around the upper abdomen,symptom,11,14,7,0.8,44
bluish-gray discoloration around the navel or on both sides of the waist,bluish-gray discoloration around the navel or on both sides of the waist,symptom,10,11,7,0.911111,41
local bleeding,local bleeding,symptom,16,17,0,0.475,57
enlarged cervical lymph nodes,enlarged cervical lymph nodes,symptom,27,27,7,0.763533,268
the fontanelle is either sunken or protruding,the fontanelle is either sunken or protruding,symptom,1,1,31,0,0
soft skin,soft skin,symptom,1,1,31,0,0
pyometra,pyometra,symptom,7,7,4,1,21
vaginal metastasis,vaginal metastasis,symptom,7,7,4,1,21
osteophyte formation,osteophyte formation,symptom,8,8,0,0.464286,13
symmetrical erythema,symmetrical erythema,symptom,13,13,3,0.641026,50
scales/crusts on the face,scales/crusts on the face,symptom,9,9,3,1,36
'raccoon' eyes sign,'raccoon' eyes sign,symptom,7,7,0,1,21
inhalation longer than exhalation,inhalation longer than exhalation,symptom,8,8,1,1,28
three depression sign,three depression sign,symptom,19,20,1,0.678363,116
gallbladder volume reduction,gallbladder volume reduction,symptom,11,11,7,1,55
frequent spitting of froth,frequent spitting of froth,symptom,9,9,1,1,36
more pronounced in the afternoon,more pronounced in the afternoon,symptom,18,18,7,1,153
or significant heat sensation,or significant heat sensation,symptom,25,25,7,0.653333,196
internal heat,internal heat,symptom,18,18,7,1,153
vermilion,vermilion,symptom,18,18,7,1,153
a preference for warm drinks. there is often a history of excessive blood loss during,a preference for warm drinks. there is often a history of excessive blood loss during,symptom,28,29,7,0.621693,235
after childbirth. laboratory tests may show reduced red blood cells,after childbirth. laboratory tests may show reduced red blood cells,symptom,18,18,7,1,153
hematocrit levels,hematocrit levels,symptom,18,18,7,1,153
firm wart-like nodules,firm wart-like nodules,symptom,2,2,9,1,1
wax-like luster of hard nodules,wax-like luster of hard nodules,symptom,2,2,9,1,1
local swelling of the urethra,local swelling of the urethra,symptom,17,18,4,0.676471,92
abnormalities in the sensation,abnormalities in the sensation,symptom,8,8,4,1,28
nerves of the lower limbs,nerves of the lower limbs,symptom,13,13,3,0.589744,46
milk secretion,milk secretion,symptom,26,32,4,0.76,247
plaques on the extensor surfaces of the extremities,plaques on the extensor surfaces of the extremities,symptom,13,13,3,1,78
upper trunk,upper trunk,symptom,13,13,3,1,78
upper thighs,upper thighs,symptom,19,19,3,0.584795,100
history of prolonged h,history of prolonged h,symptom,6,6,2,1,15
writing or precision work,writing or precision work,symptom,6,6,2,1,15
lack of finger flexibility,lack of finger flexibility,symptom,12,12,2,0.469697,31
incoordination,incoordination,symptom,10,10,2,0.6,27
inability to hold a pen for writing,inability to hold a pen for writing,symptom,6,6,2,1,15
cerebellar signs,cerebellar signs,symptom,19,19,2,0.619883,106
breath smelling of alcohol,breath smelling of alcohol,symptom,22,24,2,0.675325,156
drunken gait,drunken gait,symptom,11,11,2,1,55
renal artery stenosis,renal artery stenosis,symptom,6,6,2,1,15
intestinal paralysis,intestinal paralysis,symptom,31,39,7,0.71828,334
blunt pain,blunt pain,symptom,7,7,7,1,21
carcinomatous ureteral stricture,carcinomatous ureteral stricture,symptom,12,12,4,0.606061,40
bone metastasis,bone metastasis,symptom,9,9,4,0.611111,22
perineal region,perineal region,symptom,21,21,4,0.552381,116
cancer-related fever,cancer-related fever,symptom,4,4,7,1,6
plantar ulcerations,plantar ulcerations,symptom,7,7,0,1,21
inability of dorsiflexion,inability of dorsiflexion,symptom,7,7,0,1,21
arch lines on the medial side of the ball of the great toe,arch lines on the medial side of the ball of the great toe,symptom,7,7,0,1,21
n/a,n/a,symptom,5,5,2,1,10
breast swelling,breast swelling,symptom,41,51,0,0.4,328
purulent stools,purulent stools,symptom,24,24,7,1,276
hiv infection,hiv infection,symptom,28,29,7,0.608466,230
hypersomnia,hypersomnia,symptom,31,41,2,0.462366,215
skin breakdown,skin breakdown,symptom,2,2,4,1,1
poor vision,poor vision,symptom,13,13,6,0.653846,51
localized skin heat,localized skin heat,symptom,31,33,3,0.75914,353
no obvious itching,no obvious itching,symptom,14,14,3,1,91
dot-like or flame-like hemorrhages at the fundus,dot-like or flame-like hemorrhages at the fundus,symptom,17,18,6,0.676471,92
macules,macules,symptom,77,99,3,0.373889,1094
lightning pains,lightning pains,symptom,10,11,2,0.8,36
crises in the throat,crises in the throat,symptom,4,4,2,1,6
visible lice detection,visible lice detection,symptom,2,2,2,1,1
emotional excitement,emotional excitement,symptom,7,7,2,1,21
lack of vitality,lack of vitality,symptom,4,4,9,1,6
upper alveolar pain,upper alveolar pain,symptom,5,5,6,1,10
high levels of serum glutamic oxaloacetic transaminase (ast),high levels of serum glutamic oxaloacetic transaminase (ast),symptom,12,12,7,0.742424,49
increased vagal tone,increased vagal tone,symptom,17,20,1,0.889706,121
increased exudate,increased exudate,symptom,4,5,0,0.833333,5
weak coordinated uterine contractions,weak coordinated uterine contractions,symptom,4,4,7,1,6
slow cervical dilation,slow cervical dilation,symptom,11,11,4,0.363636,20
maternal sensation of anal bulging,maternal sensation of anal bulging,symptom,8,8,7,0.464286,13
recurrent fever,recurrent fever,symptom,44,50,7,0.472516,447
septic thrombosis,septic thrombosis,symptom,24,29,6,0.67029,185
conjunctival protrusion,conjunctival protrusion,symptom,11,11,6,1,55
menstrual pain,menstrual pain,symptom,7,8,0,0.47619,10
pink patches,pink patches,symptom,1,1,3,0,0
fluid in the tunica vaginalis,fluid in the tunica vaginalis,symptom,12,12,0,1,66
diminished immune function,diminished immune function,symptom,7,7,2,1,21
monoplegia,monoplegia,symptom,29,29,2,0.756158,307
clouded consciousness,clouded consciousness,symptom,65,81,2,0.527885,1098
obvious history of h,obvious history of h,symptom,12,12,3,0.727273,48
tendon exposure,tendon exposure,symptom,9,9,3,1,36
associated fractures,associated fractures,symptom,9,9,3,1,36
missing fingers,missing fingers,symptom,9,9,3,1,36
dysfunction in finger flexion,dysfunction in finger flexion,symptom,9,9,3,1,36
facial dysmorphism,facial dysmorphism,symptom,5,5,0,1,10
increased hyperopic refractive error,increased hyperopic refractive error,symptom,12,13,6,0.454545,30
cross fixation,cross fixation,symptom,7,8,6,0.714286,15
cerebellar hemorrhage,cerebellar hemorrhage,symptom,11,11,2,1,55
heat rash,heat rash,symptom,11,11,2,1,55
psychiatric symptoms,psychiatric symptoms,symptom,30,31,2,0.827586,360
episodic disturbances in consciousness,episodic disturbances in consciousness,symptom,5,5,2,1,10
yellow patches,yellow patches,symptom,5,5,3,1,10
yellow tumorous lesions,yellow tumorous lesions,symptom,5,5,3,1,10
perianal mass,perianal mass,symptom,8,8,7,1,28
neck or occipital pain,neck or occipital pain,symptom,9,10,0,0.833333,30
increased neutrophils,increased neutrophils,symptom,31,33,7,0.584946,272
digestive tract stricture,digestive tract stricture,symptom,6,6,8,1,15
mucopurulent discharge,mucopurulent discharge,symptom,23,25,4,0.727273,184
unbearable itching,unbearable itching,symptom,6,6,3,1,15
or presenting as lichenified changes,or presenting as lichenified changes,symptom,6,6,3,1,15
history of coccygeal trauma,history of coccygeal trauma,symptom,4,4,0,1,6
unclear articulation,unclear articulation,symptom,41,43,8,0.463415,380
sudden loss of cardiac compensation,sudden loss of cardiac compensation,symptom,13,13,1,1,78
left abdominal flexion,left abdominal flexion,symptom,21,22,1,0.728571,153
generalized cold sweat,generalized cold sweat,symptom,13,13,1,1,78
distension of superficial neck veins,distension of superficial neck veins,symptom,13,13,1,1,78
reduced stool quantity,reduced stool quantity,symptom,9,9,7,1,36
stool column deformation,stool column deformation,symptom,9,9,7,1,36
spastic hypertrophy of the puborectalis muscle,spastic hypertrophy of the puborectalis muscle,symptom,26,29,7,0.609231,198
thinness,thinness,symptom,17,17,7,0.558824,76
urinary dysfunction,urinary dysfunction,symptom,8,8,4,1,28
diminished hearing,diminished hearing,symptom,10,10,2,1,45
epigastric pain when hungry,epigastric pain when hungry,symptom,10,10,2,1,45
mild intermittent uterine contractions,mild intermittent uterine contractions,symptom,11,12,4,0.690909,38
triad symptoms,triad symptoms,symptom,16,16,3,0.708333,85
cases can lead to paralysis below the neck,cases can lead to paralysis below the neck,symptom,6,6,0,1,15
poor gastrointestinal function,poor gastrointestinal function,symptom,30,36,7,0.627586,273
painful penile erection,painful penile erection,symptom,8,10,4,0.75,21
penile abnormality,penile abnormality,symptom,12,14,4,0.545455,36
damage to the tooth enamel,damage to the tooth enamel,symptom,6,6,0,1,15
dentin,dentin,symptom,8,8,0,0.607143,17
dental pulp,dental pulp,symptom,6,6,0,1,15
tooth avulsion,tooth avulsion,symptom,6,6,0,1,15
sloshing sound,sloshing sound,symptom,6,6,7,1,15
purpuric rings,purpuric rings,symptom,1,1,3,0,0
giant comedo-like appearance,giant comedo-like appearance,symptom,1,1,3,0,0
diminished intelligence,diminished intelligence,symptom,17,17,2,0.816176,111
delayed bone age,delayed bone age,symptom,14,14,4,0.736264,67
pain behind the kneecap,pain behind the kneecap,symptom,9,9,0,0.5,18
significant pain,significant pain,symptom,26,26,0,0.233846,76
downhill movements,downhill movements,symptom,3,3,0,1,3
scalp hematoma,scalp hematoma,symptom,31,35,2,0.488172,227
traumatic hemorrhage,traumatic hemorrhage,symptom,5,5,0,1,10
fever of unknown origin,fever of unknown origin,symptom,40,52,7,0.688462,537
immunosuppression,immunosuppression,symptom,25,26,4,0.54,162
limb weakness or activity disorder,limb weakness or activity disorder,symptom,5,5,2,1,10
are of normal skin color,are of normal skin color,symptom,24,25,3,0.565217,156
intrauterine distress,intrauterine distress,symptom,6,6,2,1,15
coughing when swallowing,coughing when swallowing,symptom,11,11,8,1,55
vomiting blood foam,vomiting blood foam,symptom,11,11,8,1,55
gastrointestinal diverticula,gastrointestinal diverticula,symptom,11,11,8,1,55
gastrointestinal irritation,gastrointestinal irritation,symptom,11,11,8,1,55
pediatric peptic ulcer,pediatric peptic ulcer,symptom,26,28,7,0.710769,231
tumor cell infiltration,tumor cell infiltration,symptom,22,23,1,0.670996,155
primarily occurs on exposed areas such as the face,primarily occurs on exposed areas such as the face,symptom,20,20,3,0.763158,145
upper limbs. vanadium can reduce the cysteine content in the hair,upper limbs. vanadium can reduce the cysteine content in the hair,symptom,3,3,0,1,3
nails of exposed workers across all groups,nails of exposed workers across all groups,symptom,3,3,0,1,3
weakened (or absent) dorsalis pedis artery pulse,weakened (or absent) dorsalis pedis artery pulse,symptom,22,22,0,0.640693,148
nuchal rigidity,nuchal rigidity,symptom,23,25,2,0.683794,173
intracranial infections,intracranial infections,symptom,10,10,2,1,45
sensation of ‘missed’ heartbeats,sensation of ‘missed’ heartbeats,symptom,7,7,1,1,21
burning sensation in both eyes,burning sensation in both eyes,symptom,2,2,6,1,1
intermittent lumbar,intermittent lumbar,symptom,4,4,7,1,6
airway obstruction,airway obstruction,symptom,31,32,1,0.617204,287
massive bleeding,massive bleeding,symptom,3,3,8,1,3
precardial pressure,precardial pressure,symptom,4,4,1,1,6
inflammation of lymph nodes,inflammation of lymph nodes,symptom,14,14,2,1,91
lymphatic vessels,lymphatic vessels,symptom,14,14,2,1,91
symptoms of phlegm-heat syndrome include foul breath caused by heaty phlegm,symptoms of phlegm-heat syndrome include foul breath caused by heaty phlegm,symptom,13,13,9,0.666667,52
virtual fire,virtual fire,symptom,10,10,9,1,45
throat discomfort,throat discomfort,symptom,28,29,9,0.343915,130
stagnation of phlegm-fire,stagnation of phlegm-fire,symptom,10,10,9,1,45
congestion of phlegm-fire impairing the clarity of orifices,congestion of phlegm-fire impairing the clarity of orifices,symptom,10,10,9,1,45
accumulation of damp-phlegm,accumulation of damp-phlegm,symptom,10,10,9,1,45
parched tongue,parched tongue,symptom,19,20,9,0.549708,94
history of shoulder trauma,history of shoulder trauma,symptom,13,21,0,0.641026,50
local ecchymosis visible,local ecchymosis visible,symptom,12,13,0,0.621212,41
curd-like discharge,curd-like discharge,symptom,6,6,4,1,15
there are often no symptoms. as the condition progresses,there are often no symptoms. as the condition progresses,symptom,6,6,7,1,15
symptoms may include a mass in the upper abdomen,symptoms may include a mass in the upper abdomen,symptom,6,6,7,1,15
puerperal delusional states,puerperal delusional states,symptom,5,5,2,1,10
inability to move the eyes freely,inability to move the eyes freely,symptom,4,4,2,1,6
brainstem damage signs,brainstem damage signs,symptom,12,12,7,1,66
limitation in the separation,limitation in the separation,symptom,8,8,0,0.571429,16
merging movements of the fingers,merging movements of the fingers,symptom,2,2,0,1,1
loss of movement in the little finger,loss of movement in the little finger,symptom,2,2,0,1,1
difficulty in movement,difficulty in movement,symptom,29,29,0,0.465517,189
inflammatory damage,inflammatory damage,symptom,12,12,7,1,66
synovitis,synovitis,symptom,25,25,0,0.39,117
compensatory lumbar lordosis,compensatory lumbar lordosis,symptom,12,12,7,1,66
buttock soreness,buttock soreness,symptom,12,12,7,1,66
joint soreness,joint soreness,symptom,55,65,7,0.406061,603
joint enlargement,joint enlargement,symptom,22,23,0,0.536797,124
lactose intolerance,lactose intolerance,symptom,2,2,7,1,1
hereditary fructose intolerance,hereditary fructose intolerance,symptom,2,2,7,1,1
apraxia,apraxia,symptom,34,40,2,0.529412,297
pruritic skin,pruritic skin,symptom,6,6,7,1,15
skin laxity or wrinkles,skin laxity or wrinkles,symptom,3,3,4,0.333333,1
paravertebral muscle tension,paravertebral muscle tension,symptom,9,9,0,1,36
limited lumbar motion,limited lumbar motion,symptom,9,9,0,1,36
dry spots,dry spots,symptom,13,13,6,0.641026,50
palpable cord-like tendon,palpable cord-like tendon,symptom,2,2,0,1,1
polyhydramnios,polyhydramnios,symptom,28,28,2,0.603175,228
alveolitis,alveolitis,symptom,33,37,1,0.702652,371
lung fire,lung fire,symptom,14,14,1,1,91
peripheral segmental or lobular fuzzy shadows in the lower lobes of the lung,peripheral segmental or lobular fuzzy shadows in the lower lobes of the lung,symptom,31,33,1,0.787097,366
persistent cough,persistent cough,symptom,37,43,1,0.566066,377
short breaths,short breaths,symptom,14,14,1,1,91
pyramidal tract lesions,pyramidal tract lesions,symptom,32,35,2,0.673387,334
increased urinary porphyrins,increased urinary porphyrins,symptom,17,17,7,1,136
photosensitive dermatosis,photosensitive dermatosis,symptom,17,17,7,1,136
intradermal nevus,intradermal nevus,symptom,2,2,32,1,1
compound nevus,compound nevus,symptom,2,2,32,1,1
junctional nevus,junctional nevus,symptom,2,2,32,1,1
poor intellectual development,poor intellectual development,symptom,5,5,0,1,10
asymmetry of the trunk,asymmetry of the trunk,symptom,5,5,0,1,10
asymmetry of limbs,asymmetry of limbs,symptom,5,5,0,1,10
unequal leg length,unequal leg length,symptom,29,30,0,0.37931,154
copper to bright red spots,copper to bright red spots,symptom,0,0,33,0,0
ovoid or circular,ovoid or circular,symptom,6,6,3,1,15
a diameter of 5-6mm,a diameter of 5-6mm,symptom,6,6,3,1,15
presenting in a hemispherical shape,presenting in a hemispherical shape,symptom,6,6,3,1,15
mental languor,mental languor,symptom,8,8,1,1,28
genetic obesity,genetic obesity,symptom,0,0,34,0,0
common symptoms include floating dark shadows in the visual field,common symptoms include floating dark shadows in the visual field,symptom,3,3,6,1,3
cold paresis,cold paresis,symptom,2,2,0,1,1
intestinal gas,intestinal gas,symptom,34,44,7,0.664884,373
periodontal pain,periodontal pain,symptom,6,6,0,0.6,9
conjunctival translucency,conjunctival translucency,symptom,2,2,6,1,1
alar flaring,alar flaring,symptom,18,21,1,0.836601,128
dry tongue,dry tongue,symptom,9,9,7,1,36
loss of time,loss of time,symptom,10,10,2,1,45
spatial sensation,spatial sensation,symptom,10,10,2,1,45
preference for pressure during pain,preference for pressure during pain,symptom,7,7,7,1,21
loss of motor skills,loss of motor skills,symptom,7,7,0,1,21
which later enlarge or increase in number,which later enlarge or increase in number,symptom,3,3,6,1,3
a pale red or dark red color,a pale red or dark red color,symptom,3,3,6,1,3
blood blister,blood blister,symptom,9,9,3,1,36
slow breathing,slow breathing,symptom,20,21,2,0.605263,115
fatigue of mind,fatigue of mind,symptom,7,7,7,1,21
emotional abnormalities,emotional abnormalities,symptom,32,34,2,0.520161,258
loss of interest in life,loss of interest in life,symptom,9,9,2,1,36
more than 9 months after a fracture,more than 9 months after a fracture,symptom,3,3,0,1,3
wrist pain,wrist pain,symptom,30,37,0,0.436782,190
numbness below the plane,numbness below the plane,symptom,21,21,2,1,210
pale or light yellow color,pale or light yellow color,symptom,17,17,0,0.617647,84
the skin thickens,the skin thickens,symptom,9,9,0,1,36
hardens,hardens,symptom,9,9,0,1,36
yawning,yawning,symptom,7,7,2,0.666667,14
sutural diastasis,sutural diastasis,symptom,11,11,2,1,55
basilar skull deformities,basilar skull deformities,symptom,11,11,2,1,55
extensive cranial defects,extensive cranial defects,symptom,15,17,2,0.67619,71
cranial hyperostosis,cranial hyperostosis,symptom,21,25,2,0.495238,104
cranial suture diastasis,cranial suture diastasis,symptom,15,17,2,0.67619,71
physical examination reveals the absence of one kidney,physical examination reveals the absence of one kidney,symptom,1,1,0,0,0
xanthelasmas,xanthelasmas,symptom,3,3,2,1,3
tuberous xanthomas,tuberous xanthomas,symptom,3,3,2,1,3
tendon xanthomas,tendon xanthomas,symptom,3,3,2,1,3
a firm mass often palpable in the superomedial orbit,a firm mass often palpable in the superomedial orbit,symptom,8,8,6,1,28
brain herniation,brain herniation,symptom,18,19,2,0.810458,124
gum purulence,gum purulence,symptom,10,10,0,1,45
periorbital bruising,periorbital bruising,symptom,5,5,6,1,10
homonymous hemianopsia,homonymous hemianopsia,symptom,16,16,6,0.658333,79
deformities in the limbs,deformities in the limbs,symptom,10,10,0,0.422222,19
skeleton,skeleton,symptom,2,2,0,1,1
urethral adhesion,urethral adhesion,symptom,23,23,4,0.592885,150
penile pain,penile pain,symptom,26,29,4,0.443077,144
prostatic secretions containing many pus cells,prostatic secretions containing many pus cells,symptom,12,12,4,1,66
formation of a white membrane at the urethral opening,formation of a white membrane at the urethral opening,symptom,17,23,4,0.823529,112
psychiatric abnormalities,psychiatric abnormalities,symptom,24,25,2,0.460145,127
multiple moles on skin,multiple moles on skin,symptom,5,5,3,0.8,8
conjunctival pruritus,conjunctival pruritus,symptom,8,9,6,0.892857,25
pyramidal tract damage,pyramidal tract damage,symptom,21,21,2,1,210
poor growth,poor growth,symptom,7,8,4,0.809524,17
nail tip notches,nail tip notches,symptom,11,11,7,1,55
ocular spots,ocular spots,symptom,11,11,7,1,55
nails resembling mica,nails resembling mica,symptom,11,11,7,1,55
ascaris infection,ascaris infection,symptom,20,22,7,0.678947,129
impaired gallbladder contractile function,impaired gallbladder contractile function,symptom,27,29,7,0.683761,240
bladder spasms,bladder spasms,symptom,5,5,4,1,10
areflexic detrusor,areflexic detrusor,symptom,16,16,6,0.591667,71
drawn behavior,drawn behavior,symptom,10,10,3,1,45
compulsive thinking,compulsive thinking,symptom,10,10,3,1,45
symbolic thinking,symbolic thinking,symptom,10,10,3,1,45
feelings of being exposed,feelings of being exposed,symptom,10,10,3,1,45
feelings of being controlled,feelings of being controlled,symptom,10,10,3,1,45
passive experiences,passive experiences,symptom,10,10,3,1,45
mental deterioration,mental deterioration,symptom,10,10,3,1,45
dark lips,dark lips,symptom,13,13,7,1,78
vulvar atrophy,vulvar atrophy,symptom,55,55,3,0.608081,903
coughing fits,coughing fits,symptom,13,13,9,1,78
mental agitation,mental agitation,symptom,13,13,9,1,78
scanty urine,scanty urine,symptom,13,13,9,1,78
swelling of the injured area,swelling of the injured area,symptom,6,6,7,1,15
subcutaneous hemorrhage,subcutaneous hemorrhage,symptom,17,17,7,0.661765,90
bruising due to intradermal,bruising due to intradermal,symptom,6,6,7,1,15
uremia,uremia,symptom,36,37,7,0.615873,388
presence of a large amount of keratin plugs in hair follicles,presence of a large amount of keratin plugs in hair follicles,symptom,20,22,3,0.542105,103
thickening of the stratum corneum,thickening of the stratum corneum,symptom,32,33,3,0.375,186
pain in the feet after walking,pain in the feet after walking,symptom,14,14,0,1,91
varying in intensity,varying in intensity,symptom,6,6,0,1,15
generally not noticeable when walking on flat ground but worsening,generally not noticeable when walking on flat ground but worsening,symptom,6,6,0,1,15
climbing or descending stairs,climbing or descending stairs,symptom,6,6,0,1,15
walking downhill or after walking long distances,walking downhill or after walking long distances,symptom,6,6,0,1,15
swelling of the vulva,swelling of the vulva,symptom,18,20,4,0.640523,98
imbalance of yin,imbalance of yin,symptom,11,11,7,1,55
dysfunction of the viscera,dysfunction of the viscera,symptom,11,11,7,1,55
spontaneous sweating,spontaneous sweating,symptom,56,69,4,0.541558,834
flat thorax,flat thorax,symptom,9,10,0,0.666667,24
protruding scapulae,protruding scapulae,symptom,7,7,0,1,21
exposure of nasal septum or internal cartilage,exposure of nasal septum or internal cartilage,symptom,16,16,6,1,120
nasal hemorrhage,nasal hemorrhage,symptom,16,16,6,1,120
underdeveloped gonads,underdeveloped gonads,symptom,17,17,4,0.566176,77
immature external genitalia,immature external genitalia,symptom,5,5,4,1,10
changes in secondary sexual characteristics,changes in secondary sexual characteristics,symptom,23,23,7,0.399209,101
worsening at night when cold,worsening at night when cold,symptom,7,7,2,1,21
excessive sleepiness,excessive sleepiness,symptom,16,18,7,0.816667,98
heavy sweating,heavy sweating,symptom,14,14,7,1,91
dull appetite,dull appetite,symptom,32,33,7,0.52621,261
due to softness in the shin area,due to softness in the shin area,symptom,13,13,0,0.717949,56
extend at the knee,extend at the knee,symptom,10,10,0,1,45
ankle joints,ankle joints,symptom,18,18,0,0.529412,81
cutaneous foreign body protrusion,cutaneous foreign body protrusion,symptom,9,9,3,0.472222,17
cystic nodules on the scalp,cystic nodules on the scalp,symptom,3,3,3,1,3
loss of sensation in the affected areas,loss of sensation in the affected areas,symptom,16,16,3,1,120
waxy appearance,waxy appearance,symptom,16,16,3,1,120
superficial gangrene,superficial gangrene,symptom,16,16,3,1,120
periosteum,periosteum,symptom,16,16,3,1,120
loss of finger motion function,loss of finger motion function,symptom,2,2,0,1,1
inability to flex interphalangeal joints,inability to flex interphalangeal joints,symptom,12,12,0,0.712121,47
gastric incarceration,gastric incarceration,symptom,12,12,8,1,66
walking from a sitting position,walking from a sitting position,symptom,8,8,0,1,28
alleviated after activity,alleviated after activity,symptom,16,16,0,0.416667,50
heart beat skipping,heart beat skipping,symptom,9,9,1,1,36
rhonchus,rhonchus,symptom,7,7,1,1,21
supradiaphragmatic coarctation of the aorta,supradiaphragmatic coarctation of the aorta,symptom,32,32,0,0.600806,298
coarctation murmur,coarctation murmur,symptom,10,10,1,1,45
long-segment underdevelopment of the ascending aorta,long-segment underdevelopment of the ascending aorta,symptom,25,30,1,0.616667,185
lower limb blood pressure lower than normal,lower limb blood pressure lower than normal,symptom,10,10,1,1,45
discoid lesions,discoid lesions,symptom,6,6,3,1,15
vacuoles,vacuoles,symptom,4,4,6,1,6
granularity around the lens,granularity around the lens,symptom,4,4,6,1,6
irregular posterior capsule,irregular posterior capsule,symptom,4,4,6,1,6
mega bladder,mega bladder,symptom,3,3,4,1,3
whitening of the skin,whitening of the skin,symptom,26,26,3,0.470769,153
brittle hair,brittle hair,symptom,27,31,4,0.641026,225
shortening of the lower leg,shortening of the lower leg,symptom,20,21,0,0.494737,94
vocal cord paralysis,vocal cord paralysis,symptom,27,27,7,0.766382,269
exaggerated jerky movements,exaggerated jerky movements,symptom,11,11,2,1,55
shoulder joints,shoulder joints,symptom,10,10,0,0.688889,31
taking special interest in the underwear,taking special interest in the underwear,symptom,7,7,6,1,21
panties,panties,symptom,7,7,6,1,21
headscarves,headscarves,symptom,7,7,6,1,21
out sound or,out sound or,symptom,5,5,1,1,10
congenital stridor,congenital stridor,symptom,5,5,1,1,10
prone to breathing difficulties,prone to breathing difficulties,symptom,5,5,1,1,10
extensor spasm,extensor spasm,symptom,25,26,2,0.623333,187
head tilting back,head tilting back,symptom,28,29,2,0.547619,207
leg extension,leg extension,symptom,16,16,2,1,120
presenting in a jackknife position,presenting in a jackknife position,symptom,16,16,2,1,120
multifocal skin or mucosal telangiectasias in the face,multifocal skin or mucosal telangiectasias in the face,symptom,16,16,3,0.725,87
inability to lie flat,inability to lie flat,symptom,22,22,1,0.718615,166
morning adhesion of the upper,morning adhesion of the upper,symptom,3,3,4,1,3
lower eyelids,lower eyelids,symptom,17,17,3,0.419118,57
posterior corneal precipitates,posterior corneal precipitates,symptom,3,3,6,1,3
annular erythema potentially,annular erythema potentially,symptom,14,14,7,1,91
distal phalanges present as spheroid,distal phalanges present as spheroid,symptom,19,19,3,1,171
circumferential constriction b,circumferential constriction b,symptom,35,35,3,0.465546,277
s around fingers or toes,s around fingers or toes,symptom,19,19,3,1,171
the tumor is round or oval,the tumor is round or oval,symptom,7,7,0,0.52381,11
encapsulated,encapsulated,symptom,5,5,0,1,10
uneven texture,uneven texture,symptom,5,5,0,1,10
it grows slowly,it grows slowly,symptom,9,9,0,0.444444,16
thickening of the tendon sheath,thickening of the tendon sheath,symptom,21,23,0,0.533333,112
diastolic gallop,diastolic gallop,symptom,18,29,1,0.862745,132
symmetrical occurrence of lesions on the buccal mucosa,symmetrical occurrence of lesions on the buccal mucosa,symptom,24,24,3,1,276
often covered,often covered,symptom,24,24,3,1,276
occurring in the tissue beneath the skin or mucosal epithelium of the vulva,occurring in the tissue beneath the skin or mucosal epithelium of the vulva,symptom,2,2,4,1,1
urine turning black,urine turning black,symptom,13,13,7,1,78
epigastric mass,epigastric mass,symptom,17,27,7,0.860294,117
circulatory congestion,circulatory congestion,symptom,21,21,1,0.680952,143
increased skin turgor,increased skin turgor,symptom,10,10,0,1,45
sleep attacks,sleep attacks,symptom,2,2,2,1,1
cataplexy,cataplexy,symptom,10,11,2,0.822222,37
sleep paralysis,sleep paralysis,symptom,20,24,2,0.5,95
growth disorders,growth disorders,symptom,19,19,0,1,171
intelligence corresponding to age,intelligence corresponding to age,symptom,19,19,0,1,171
bone prominence or fullness,bone prominence or fullness,symptom,2,2,0,1,1
possible bursitis,possible bursitis,symptom,2,2,0,1,1
freckles,freckles,symptom,10,12,3,0.644444,29
localized skin itching,localized skin itching,symptom,23,23,3,0.766798,194
psoriasis-like lesions on the vulva,psoriasis-like lesions on the vulva,symptom,3,3,3,1,3
muscle fiber tremor,muscle fiber tremor,symptom,8,8,2,1,28
foot tremor,foot tremor,symptom,8,8,2,1,28
frown lines,frown lines,symptom,8,8,2,1,28
absence of anus,absence of anus,symptom,15,22,7,0.533333,56
sudden decrease in vision,sudden decrease in vision,symptom,14,14,6,0.626374,57
trismus,trismus,symptom,86,98,2,0.391792,1432
dental attrition,dental attrition,symptom,7,7,2,1,21
obsessive-compulsive personality,obsessive-compulsive personality,symptom,7,7,2,1,21
discoloration of nails,discoloration of nails,symptom,9,9,7,1,36
painless firm nodules,painless firm nodules,symptom,15,15,3,0.438095,46
mucosal atrophy,mucosal atrophy,symptom,27,27,7,0.467236,164
breath smelling putrid,breath smelling putrid,symptom,12,12,7,1,66
ozena,ozena,symptom,12,12,7,1,66
turbinate atrophy,turbinate atrophy,symptom,12,12,7,1,66
fibrous thickening of the pericardium,fibrous thickening of the pericardium,symptom,4,4,1,1,6
pericardial inflammation,pericardial inflammation,symptom,31,47,1,0.632258,294
hepatotoxicity,hepatotoxicity,symptom,12,12,7,1,66
pupillary abnormalities,pupillary abnormalities,symptom,34,35,3,0.684492,384
easy fainting,easy fainting,symptom,10,10,1,1,45
poor perfusion of peripheral tissues,poor perfusion of peripheral tissues,symptom,21,21,1,0.714286,150
insufficient or inability of eyelid elevation,insufficient or inability of eyelid elevation,symptom,4,4,2,1,6
premature sloughing of burn eschar,premature sloughing of burn eschar,symptom,30,31,3,0.682759,297
insect bite-like alterations,insect bite-like alterations,symptom,19,19,3,1,171
moist gangrene,moist gangrene,symptom,19,19,3,1,171
crater-like appearance of the ulcer,crater-like appearance of the ulcer,symptom,5,5,7,1,10
nipple-like proliferative changes,nipple-like proliferative changes,symptom,18,18,7,0.562092,86
skin nevus,skin nevus,symptom,3,4,3,0.666667,2
circular patch-like,circular patch-like,symptom,2,2,35,1,1
fibrotic thickening,fibrotic thickening,symptom,2,2,35,1,1
knuckle pads,knuckle pads,symptom,2,2,35,1,1
hypogonadism,hypogonadism,symptom,22,22,3,0.450216,104
somatic abnormalities,somatic abnormalities,symptom,2,2,3,1,1
crimson tongue,crimson tongue,symptom,18,18,7,0.620915,95
systemic inflammatory response,systemic inflammatory response,symptom,17,22,7,0.727941,99
dermatogenic contracture,dermatogenic contracture,symptom,2,2,0,1,1
exposure of normal skin,exposure of normal skin,symptom,1,1,3,0,0
abnormal nails,abnormal nails,symptom,25,25,7,0.48,144
especially after eating,especially after eating,symptom,12,12,7,1,66
intractable hiccup,intractable hiccup,symptom,7,7,7,1,21
repeated bleeding,repeated bleeding,symptom,11,11,7,1,55
congenital idiocy,congenital idiocy,symptom,2,2,2,1,1
congenital deaf-muteness,congenital deaf-muteness,symptom,5,5,2,0.4,4
asthenic syndrome (brain fatigue),asthenic syndrome (brain fatigue),symptom,17,21,2,0.911765,124
a moist scrotum,a moist scrotum,symptom,12,12,7,0.727273,48
an unusual odor,an unusual odor,symptom,16,16,1,0.741667,89
pain; aggravation from drinking alcohol or consuming seafood,pain; aggravation from drinking alcohol or consuming seafood,symptom,3,3,0,1,3
symptoms include itching,symptoms include itching,symptom,34,34,6,0.431373,242
accumulation of secretions,accumulation of secretions,symptom,9,9,3,1,36
the distal phalanges of the toes appearing spheroidal,the distal phalanges of the toes appearing spheroidal,symptom,4,4,3,1,6
possible nausea,possible nausea,symptom,50,57,7,0.721633,884
dark red mass prolapse near the anus,dark red mass prolapse near the anus,symptom,5,5,7,1,10
symptoms of rectal,symptoms of rectal,symptom,5,5,7,1,10
anal canal irritation,anal canal irritation,symptom,5,5,7,1,10
fussiness,fussiness,symptom,9,9,7,0.805556,29
abnormal smell or somatic sensation,abnormal smell or somatic sensation,symptom,25,26,6,0.793333,238
thymus atrophy,thymus atrophy,symptom,5,5,1,1,10
the anus is not located in the normal position,the anus is not located in the normal position,symptom,4,4,0,1,6
but near the sacral or scrotal area,but near the sacral or scrotal area,symptom,4,4,0,1,6
a small anus or lack of anal sphincter,a small anus or lack of anal sphincter,symptom,4,4,0,1,6
acute illness appearance,acute illness appearance,symptom,23,26,1,0.86166,218
mild dragging sensation in the groin,mild dragging sensation in the groin,symptom,22,22,7,1,231
round or pear-shaped mass,round or pear-shaped mass,symptom,22,22,7,1,231
skin slackness,skin slackness,symptom,8,8,3,1,28
pupillary fixation,pupillary fixation,symptom,9,9,2,1,36
initial movement of the joint is,initial movement of the joint is,symptom,7,7,0,1,21
which lessens,which lessens,symptom,7,7,0,1,21
slight movement but intensifies,slight movement but intensifies,symptom,12,12,0,0.515152,34
oily skin,oily skin,symptom,10,11,4,0.822222,37
umbilical hernia,umbilical hernia,symptom,36,38,4,0.511111,322
abnormal body proportions,abnormal body proportions,symptom,20,20,4,0.626316,119
megacalycosis,megacalycosis,symptom,10,10,4,1,45
retrobulbar neuritis,retrobulbar neuritis,symptom,21,24,6,0.447619,94
cervical dystonia,cervical dystonia,symptom,13,13,0,1,78
twisting to one side,twisting to one side,symptom,13,13,0,1,78
proliferation of histiocytes,proliferation of histiocytes,symptom,3,3,3,1,3
reverse flow of qi causing breathing difficulties,reverse flow of qi causing breathing difficulties,symptom,5,5,1,1,10
impairments in social interactions,impairments in social interactions,symptom,3,3,36,1,3
communication challenges,communication challenges,symptom,3,3,36,1,3
restricted interests,restricted interests,symptom,3,3,36,1,3
repetitive behaviors,repetitive behaviors,symptom,3,3,36,1,3
abnormal cellular enzyme activity,abnormal cellular enzyme activity,symptom,12,12,6,1,66
insufficient liver qi,insufficient liver qi,symptom,12,12,6,1,66
liver qi attacking spleen,liver qi attacking spleen,symptom,12,12,6,1,66
liver depression,liver depression,symptom,12,12,6,1,66
liver shrinkage,liver shrinkage,symptom,12,12,6,1,66
liver capsule hematoma rupture,liver capsule hematoma rupture,symptom,17,17,6,0.558824,76
liver calcification,liver calcification,symptom,12,12,6,1,66
oral infections,oral infections,symptom,7,7,7,1,21
uncontrolled bleeding,uncontrolled bleeding,symptom,11,11,7,0.672727,37
nuchal cord,nuchal cord,symptom,7,7,4,1,21
abnormal presentation,abnormal presentation,symptom,7,7,4,1,21
malposition,malposition,symptom,16,16,4,0.375,45
abnormal fetal heart rate,abnormal fetal heart rate,symptom,14,14,4,0.43956,40
cephalopelvic disproportion,cephalopelvic disproportion,symptom,7,7,4,1,21
lentigines,lentigines,symptom,13,13,3,0.782051,61
dark spots on skin,dark spots on skin,symptom,3,3,3,1,3
blind pouch vagina,blind pouch vagina,symptom,14,16,4,0.681319,62
congenital absence of the uterus,congenital absence of the uterus,symptom,7,7,3,1,21
lack of beard,lack of beard,symptom,21,22,4,0.633333,133
significantly increased serum testosterone concentrations,significantly increased serum testosterone concentrations,symptom,7,7,3,1,21
nervous vomiting,nervous vomiting,symptom,9,9,7,1,36
foul-smelling stools,foul-smelling stools,symptom,47,65,7,0.550416,595
green stool color,green stool color,symptom,20,21,7,0.784211,149
aerophagia,aerophagia,symptom,15,17,7,0.885714,93
commonly occurring in all teeth,commonly occurring in all teeth,symptom,4,4,0,1,6
lower anterior jaw regions being more severely affected,lower anterior jaw regions being more severely affected,symptom,4,4,0,1,6
foggy vision,foggy vision,symptom,21,24,6,0.638095,134
enlarged uterus,enlarged uterus,symptom,3,3,7,1,3
neutrophilia,neutrophilia,symptom,33,34,3,0.649621,343
pigment anomaly,pigment anomaly,symptom,28,28,3,0.719577,272
exfoliative dermatitis,exfoliative dermatitis,symptom,53,61,3,0.597242,823
loss of active joint movement,loss of active joint movement,symptom,4,4,0,1,6
uterine perforation,uterine perforation,symptom,7,7,4,1,21
rice-water stools,rice-water stools,symptom,10,10,7,1,45
changes in skin texture,changes in skin texture,symptom,2,2,2,1,1
irregular wounds,irregular wounds,symptom,2,2,2,1,1
suspiciousness,suspiciousness,symptom,16,16,2,0.691667,83
abnormal speech expression,abnormal speech expression,symptom,6,6,2,1,15
secondary obesity,secondary obesity,symptom,25,26,1,0.696667,209
delayed reaction,delayed reaction,symptom,24,24,2,0.692029,191
vitreous haze,vitreous haze,symptom,1,1,6,0,0
occurs in spring,occurs in spring,symptom,22,22,1,0.536797,124
mucoid milky discharge,mucoid milky discharge,symptom,9,9,6,1,36
pink papillae of varying sizes on the upper conjunctiva,pink papillae of varying sizes on the upper conjunctiva,symptom,9,9,6,1,36
respiratory obstruction,respiratory obstruction,symptom,60,69,1,0.666102,1179
proprioception,proprioception,symptom,2,2,2,1,1
hyperactive spleen function,hyperactive spleen function,symptom,5,5,7,1,10
reduced red blood cell lifespan,reduced red blood cell lifespan,symptom,5,5,7,1,10
erythema around fingernails,erythema around fingernails,symptom,15,15,3,1,105
pigmentation spots,pigmentation spots,symptom,51,51,7,0.48549,619
tremor-dominant rigidity,tremor-dominant rigidity,symptom,4,4,2,1,6
extrapulmonary tuberculosis,extrapulmonary tuberculosis,symptom,2,2,4,1,1
limbs not warm,limbs not warm,symptom,13,13,7,0.833333,65
a desire to lie down,a desire to lie down,symptom,11,11,7,1,55
unilateral muscle tone disorder,unilateral muscle tone disorder,symptom,24,25,2,0.710145,196
indistinct discernment,indistinct discernment,symptom,1,1,2,0,0
reverse pulsation,reverse pulsation,symptom,8,8,1,1,28
years of cohabitation,years of cohabitation,symptom,4,4,37,1,6
out conception,out conception,symptom,4,4,37,1,6
ovulation monitoring,ovulation monitoring,symptom,4,4,37,1,6
patent fallopian tubes,patent fallopian tubes,symptom,4,4,37,1,6
detected immune antibodies,detected immune antibodies,symptom,4,4,37,1,6
nodular bursa,nodular bursa,symptom,1,1,2,0,0
oculomotor nerve paralysis,oculomotor nerve paralysis,symptom,10,10,2,0.6,27
small intestine distension,small intestine distension,symptom,29,32,7,0.726601,295
the common symptoms include significant pain,the common symptoms include significant pain,symptom,5,5,6,0.7,7
motility deficiency,motility deficiency,symptom,4,4,6,1,6
numbness on the outer part of the thigh,numbness on the outer part of the thigh,symptom,29,31,0,0.692118,281
sensations of crawling on the skin,sensations of crawling on the skin,symptom,21,21,2,1,210
gastric discomfort,gastric discomfort,symptom,73,90,7,0.53653,1410
aseptic necrosis of the internal condyle of the tibia,aseptic necrosis of the internal condyle of the tibia,symptom,7,7,0,1,21
“duck” gait,“duck” gait,symptom,7,7,0,1,21
floccules,floccules,symptom,8,8,7,1,28
generalized pain,generalized pain,symptom,35,35,7,0.57479,342
swollen gl,swollen gl,symptom,3,3,8,1,3
subcutaneous ecchymosis,subcutaneous ecchymosis,symptom,39,47,0,0.453441,336
skin damage,skin damage,symptom,17,19,3,0.463235,63
hemodynamic disturbances,hemodynamic disturbances,symptom,16,19,1,0.775,93
lack of sexual desire,lack of sexual desire,symptom,7,7,4,0.428571,9
lack of genital response,lack of genital response,symptom,4,4,4,1,6
lack of pleasure,lack of pleasure,symptom,4,4,4,1,6
subarachnoid hemorrhage,subarachnoid hemorrhage,symptom,3,3,2,1,3
pineal region mass,pineal region mass,symptom,3,3,2,1,3
diamond-shaped or polygonal scales,diamond-shaped or polygonal scales,symptom,6,6,3,1,15
fish scale-like or snake skin-like appearance,fish scale-like or snake skin-like appearance,symptom,6,6,3,1,15
pseudo-athetosis,pseudo-athetosis,symptom,12,12,2,1,66
choreiform athetosis,choreiform athetosis,symptom,12,12,2,1,66
neonatal athetosis,neonatal athetosis,symptom,12,12,2,1,66
localized muscular hypertonia,localized muscular hypertonia,symptom,12,12,2,1,66
chylothorax,chylothorax,symptom,7,7,1,1,21
necrosis in the black eye,necrosis in the black eye,symptom,17,17,6,1,136
bursting of yellow cores from the ulcerated openings,bursting of yellow cores from the ulcerated openings,symptom,17,17,6,1,136
a black glossy appearance resembling a crab's eye,a black glossy appearance resembling a crab's eye,symptom,17,17,6,1,136
ants feeling in the shoulder,ants feeling in the shoulder,symptom,11,11,0,1,55
back area,back area,symptom,23,23,0,0.545455,138
painful flanks,painful flanks,symptom,24,24,2,1,276
damage to both the spleen,damage to both the spleen,symptom,8,8,7,1,28
undigested food particles,undigested food particles,symptom,18,19,7,0.75817,116
discomfort in the upper abdomen,discomfort in the upper abdomen,symptom,49,67,7,0.432823,509
moist palms,moist palms,symptom,11,11,3,1,55
endocrine disorders,endocrine disorders,symptom,9,9,2,0.611111,22
nevus flammeus,nevus flammeus,symptom,2,2,3,1,1
bluish discoloration of the extremities,bluish discoloration of the extremities,symptom,11,11,3,1,55
frostbitten,frostbitten,symptom,11,11,3,1,55
swollen fingers,swollen fingers,symptom,11,11,3,1,55
the mucosal lesion appears white,the mucosal lesion appears white,symptom,2,2,3,1,1
an irregular spongy or flaky texture,an irregular spongy or flaky texture,symptom,13,13,3,0.782051,61
eye hemorrhage,eye hemorrhage,symptom,2,2,6,1,1
central apnea,central apnea,symptom,11,11,2,1,55
fundus abnormalities,fundus abnormalities,symptom,15,15,2,0.685714,72
retrograde amnesia,retrograde amnesia,symptom,28,31,2,0.674603,255
itching on the abdomen in pregnant women,itching on the abdomen in pregnant women,symptom,19,21,3,0.690058,118
easy to break,easy to break,symptom,17,17,3,1,136
dry to form yellow crusts,dry to form yellow crusts,symptom,17,17,3,1,136
neck flushing,neck flushing,symptom,11,11,6,1,55
muscle underdevelopment,muscle underdevelopment,symptom,2,2,1,1,1
slowed tendon reflexes,slowed tendon reflexes,symptom,7,7,2,1,21
squamous epithelium,squamous epithelium,symptom,17,17,3,0.580882,79
cessation of passing gas,cessation of passing gas,symptom,31,44,7,0.574194,267
pigment spots,pigment spots,symptom,26,27,6,0.375385,122
difficulty in seeing close objects,difficulty in seeing close objects,symptom,8,8,6,1,28
presence of pus,presence of pus,symptom,2,2,4,1,1
tonsillar inflammation,tonsillar inflammation,symptom,15,18,7,0.838095,88
tonsils becoming smaller,tonsils becoming smaller,symptom,12,12,7,1,66
muscular defense of the abdomen,muscular defense of the abdomen,symptom,9,9,7,1,36
poor physical resistance,poor physical resistance,symptom,2,2,6,1,1
trapezius muscles,trapezius muscles,symptom,7,7,2,1,21
numbness between the toes,numbness between the toes,symptom,6,6,0,1,15
even brief fainting spells,even brief fainting spells,symptom,5,5,1,1,10
cryptococcus infection,cryptococcus infection,symptom,22,22,6,0.580087,134
extensive chest plaques,extensive chest plaques,symptom,11,11,1,1,55
angulation deformities,angulation deformities,symptom,5,5,0,1,10
valvular thickening,valvular thickening,symptom,13,13,1,1,78
valve disease,valve disease,symptom,13,13,1,1,78
senile tremor,senile tremor,symptom,13,13,1,1,78
purplish-black discoloration,purplish-black discoloration,symptom,6,6,0,1,15
abnormal liver,abnormal liver,symptom,6,6,0,1,15
body temperature above 39 degrees celsius,body temperature above 39 degrees celsius,symptom,40,44,7,0.707692,552
painless subcutaneous masses,painless subcutaneous masses,symptom,9,9,3,1,36
sizes ranging from 12 to 20 cm,sizes ranging from 12 to 20 cm,symptom,9,9,3,1,36
inability to control the release of solid stools,inability to control the release of solid stools,symptom,2,2,7,1,1
transient paralysis,transient paralysis,symptom,21,23,1,0.77619,163
slight purplish discoloration of the lips,slight purplish discoloration of the lips,symptom,9,9,3,0.555556,20
round mass above the adam's apple,round mass above the adam's apple,symptom,11,11,3,1,55
phlegm in the throat,phlegm in the throat,symptom,42,51,7,0.636469,548
kayser-fleischer ring (brown-green pigmentation of the corneal margin),kayser-fleischer ring (brown-green pigmentation of the corneal margin),symptom,30,30,7,0.542529,236
extrapyramidal system damage,extrapyramidal system damage,symptom,24,26,2,0.51087,141
renal tubular reabsorption disorder,renal tubular reabsorption disorder,symptom,11,11,2,1,55
pain around the hair follicle opening on the skin,pain around the hair follicle opening on the skin,symptom,6,6,3,0.733333,11
supravalvular aortic stenosis,supravalvular aortic stenosis,symptom,9,9,1,1,36
coronary steal phenomenon,coronary steal phenomenon,symptom,9,9,1,1,36
insufficient coronary supply,insufficient coronary supply,symptom,9,9,1,1,36
shorter duration of erection,shorter duration of erection,symptom,15,17,4,0.704762,74
temperature sensation,temperature sensation,symptom,32,33,2,0.479839,238
papillomatous neoplasms,papillomatous neoplasms,symptom,1,1,7,0,0
muscle reflexive spasm,muscle reflexive spasm,symptom,4,4,2,1,6
the skin shows sharply demarcated,the skin shows sharply demarcated,symptom,12,12,3,1,66
symptoms of fatigue are common. the erythema rapidly turns to dark red or purplish-black,symptoms of fatigue are common. the erythema rapidly turns to dark red or purplish-black,symptom,12,12,3,1,66
reaching into the subcutaneous tissue. scarring occurs during healing,reaching into the subcutaneous tissue. scarring occurs during healing,symptom,12,12,3,1,66
easily tired,easily tired,symptom,12,12,1,1,66
nail concavity,nail concavity,symptom,12,12,1,1,66
significant asthma attacks tendencies about 5 days before menstruation,significant asthma attacks tendencies about 5 days before menstruation,symptom,2,2,1,1,1
symptoms  lessen after menstruation commences,symptoms  lessen after menstruation commences,symptom,2,2,1,1,1
splenic atrophy,splenic atrophy,symptom,14,14,3,1,91
appendiceal fibrosis,appendiceal fibrosis,symptom,9,9,4,1,36
stomatitis,stomatitis,symptom,46,58,3,0.557488,577
perianal soft fibroma,perianal soft fibroma,symptom,16,16,7,0.666667,80
destructive behavior,destructive behavior,symptom,16,16,2,0.75,90
limb neurological compression presenting,limb neurological compression presenting,symptom,7,7,0,1,21
spinal pain,spinal pain,symptom,18,18,0,0.614379,94
acid swelling,acid swelling,symptom,7,7,0,1,21
nephritic syndrome facial swelling,nephritic syndrome facial swelling,symptom,7,7,4,1,21
strabismic amblyopia,strabismic amblyopia,symptom,8,8,6,0.464286,13
dry nasal passages,dry nasal passages,symptom,11,11,9,1,55
aberrant ichthyosis,aberrant ichthyosis,symptom,16,16,3,1,120
scaly plaques,scaly plaques,symptom,16,16,3,1,120
discomfort in the external auditory canal,discomfort in the external auditory canal,symptom,10,10,0,1,45
peripheral arthritis primarily in the lower limbs,peripheral arthritis primarily in the lower limbs,symptom,6,7,4,0.733333,11
enthesopathy,enthesopathy,symptom,2,2,4,1,1
interdigital skin maceration,interdigital skin maceration,symptom,8,8,3,1,28
color vision defects,color vision defects,symptom,10,10,6,1,45
nyctalopia,nyctalopia,symptom,16,18,6,0.55,66
narrowing of the palpebral fissure,narrowing of the palpebral fissure,symptom,2,2,9,1,1
presence of protein,presence of protein,symptom,9,9,4,1,36
casts in urine,casts in urine,symptom,18,19,7,0.803922,123
sluggish pupillary light reflex,sluggish pupillary light reflex,symptom,30,31,2,0.51954,226
which can be sporadic,which can be sporadic,symptom,6,6,4,1,15
persistent or intermittent,persistent or intermittent,symptom,17,18,4,0.522059,71
out accompanying lower abdominal pain,out accompanying lower abdominal pain,symptom,6,6,4,1,15
decreased memory,decreased memory,symptom,10,10,2,0.8,36
iridocyclitis,iridocyclitis,symptom,14,14,7,1,91
weakened breath sounds,weakened breath sounds,symptom,22,22,1,0.818182,189
postoperative abdominal distension,postoperative abdominal distension,symptom,11,11,7,1,55
intolerance to fatty diet,intolerance to fatty diet,symptom,11,11,7,1,55
hepatic insufficiency,hepatic insufficiency,symptom,19,19,7,1,171
mild hepatic steatosis,mild hepatic steatosis,symptom,43,50,7,0.535991,484
cholestasis,cholestasis,symptom,35,41,7,0.687395,409
schistosomal cirrhosis,schistosomal cirrhosis,symptom,19,19,7,1,171
chemical bronchitis,chemical bronchitis,symptom,21,22,1,0.704762,148
particularly notable stiff,particularly notable stiff,symptom,3,3,4,1,3
aching sensation in the lumbar region,aching sensation in the lumbar region,symptom,3,3,4,1,3
arachnodactyly,arachnodactyly,symptom,11,11,0,1,55
wrist sign,wrist sign,symptom,11,11,0,1,55
lack of facial hair,lack of facial hair,symptom,6,6,4,1,15
asymmetrical facial size,asymmetrical facial size,symptom,11,11,2,1,55
thrombus formation,thrombus formation,symptom,1,1,7,0,0
pulmonary atresia,pulmonary atresia,symptom,23,23,1,0.545455,138
gas exchange disorders,gas exchange disorders,symptom,11,11,1,1,55
ejection sounds audible in the pulmonary valve area,ejection sounds audible in the pulmonary valve area,symptom,28,33,1,0.690476,261
heavy head,heavy head,symptom,21,22,2,0.604762,127
spreads rapidly over the body,spreads rapidly over the body,symptom,8,8,3,1,28
in a day,in a day,symptom,9,9,3,0.777778,28
primarily affecting the trunk,primarily affecting the trunk,symptom,8,8,3,1,28
hip area,hip area,symptom,21,22,0,0.442857,93
perineal pain,perineal pain,symptom,21,22,4,0.528571,111
a discharge of whitish secretion,a discharge of whitish secretion,symptom,8,8,4,1,28
corneal dry spots,corneal dry spots,symptom,2,2,3,1,1
purplish tongue,purplish tongue,symptom,12,12,7,1,66
bluish-purple lips,bluish-purple lips,symptom,12,12,7,1,66
ketoacidosis,ketoacidosis,symptom,51,61,7,0.659608,841
coarse respiratory sounds,coarse respiratory sounds,symptom,11,13,1,0.763636,42
liver mass,liver mass,symptom,3,3,7,1,3
prolonged bleeding time,prolonged bleeding time,symptom,7,7,7,1,21
intraperitoneal bleeding,intraperitoneal bleeding,symptom,7,7,7,1,21
enlarged placenta,enlarged placenta,symptom,5,5,2,1,10
thrombotic vegetations,thrombotic vegetations,symptom,15,16,7,0.8,84
hyperpyrexia,hyperpyrexia,symptom,25,25,7,0.52,156
soreness in the lumbosacral area,soreness in the lumbosacral area,symptom,6,6,7,1,15
rapid deterioration of liver function,rapid deterioration of liver function,symptom,5,5,7,1,10
enlarging soft lump in the lumbar region,enlarging soft lump in the lumbar region,symptom,1,1,2,0,0
mental distraction,mental distraction,symptom,2,2,4,1,1
obligatory prone position,obligatory prone position,symptom,9,9,7,1,36
flat breasts,flat breasts,symptom,4,5,4,1,6
a type of red,a type of red,symptom,3,3,3,1,3
a tingling sensation,a tingling sensation,symptom,42,44,3,0.420441,362
the most common sites are fingers,the most common sites are fingers,symptom,3,3,3,1,3
axillary mass,axillary mass,symptom,3,3,0,1,3
no obvious nodules,no obvious nodules,symptom,3,3,0,1,3
discomfort on swallowing,discomfort on swallowing,symptom,2,2,8,1,1
a diameter greater than 5mm,a diameter greater than 5mm,symptom,6,6,2,1,15
axillary freckling,axillary freckling,symptom,10,11,2,0.8,36
purulent vaginal discharge,purulent vaginal discharge,symptom,29,37,4,0.608374,247
foul-smelling amniotic fluid,foul-smelling amniotic fluid,symptom,3,3,4,1,3
risus sardonicus,risus sardonicus,symptom,19,21,2,0.730994,125
postoperative tetanus,postoperative tetanus,symptom,11,11,2,1,55
otogenic tetanus,otogenic tetanus,symptom,11,11,2,1,55
spastic increase in muscle tone,spastic increase in muscle tone,symptom,22,22,2,0.597403,138
increased leucorrhea that is thick or purulent,increased leucorrhea that is thick or purulent,symptom,5,5,4,1,10
lower abdominal heaviness,lower abdominal heaviness,symptom,16,18,4,0.508333,61
purulent secretion after infection,purulent secretion after infection,symptom,4,4,4,1,6
non-itchy,non-itchy,symptom,7,7,3,1,21
a feeling of chest congestion,a feeling of chest congestion,symptom,16,16,1,0.791667,95
a white tongue coating,a white tongue coating,symptom,4,4,7,1,6
speech impairment,speech impairment,symptom,40,50,2,0.607692,474
limb spasticity,limb spasticity,symptom,19,19,2,1,171
pulmonary fibrosis lesions,pulmonary fibrosis lesions,symptom,5,5,6,1,10
thick gelatinous substances in urine,thick gelatinous substances in urine,symptom,7,7,4,1,21
congested erythema,congested erythema,symptom,1,1,7,0,0
appearance similar to herpes zoster,appearance similar to herpes zoster,symptom,12,12,3,1,66
paroxysmal silly laugh,paroxysmal silly laugh,symptom,11,11,2,1,55
refractory hypertension,refractory hypertension,symptom,8,8,1,1,28
concomitant hypertension,concomitant hypertension,symptom,8,8,1,1,28
cervical hypertension,cervical hypertension,symptom,8,8,1,1,28
secondary hypertension,secondary hypertension,symptom,8,8,1,1,28
post-headless hypertension,post-headless hypertension,symptom,8,8,1,1,28
clinic-based hypertension,clinic-based hypertension,symptom,8,8,1,1,28
weakness in the shoulder girdle muscles,weakness in the shoulder girdle muscles,symptom,2,2,0,1,1
auditory fatigue,auditory fatigue,symptom,3,3,2,0.666667,2
elevated hearing threshold,elevated hearing threshold,symptom,2,2,2,1,1
muscle bleeding,muscle bleeding,symptom,9,9,7,0.722222,26
intoxication symptoms,intoxication symptoms,symptom,5,5,7,1,10
high arched palate,high arched palate,symptom,36,40,0,0.307937,194
orbital mass,orbital mass,symptom,5,5,6,1,10
reduced or absent sweating in the lower body,reduced or absent sweating in the lower body,symptom,5,5,1,1,10
tubular-shaped nails,tubular-shaped nails,symptom,5,5,1,1,10
perception of foul sweat odor,perception of foul sweat odor,symptom,8,8,1,0.5,14
less amount of blood,less amount of blood,symptom,4,4,4,1,6
reticular erythema,reticular erythema,symptom,11,11,7,1,55
systemic vascular damage,systemic vascular damage,symptom,19,19,3,0.520468,89
varicella-like rash,varicella-like rash,symptom,3,3,7,1,3
darkening of vision,darkening of vision,symptom,2,2,6,1,1
café au lait spots,café au lait spots,symptom,7,7,0,1,21
excessive facial hair,excessive facial hair,symptom,13,14,0,0.589744,46
inward turn of the feet,inward turn of the feet,symptom,7,7,0,1,21
leukocoria,leukocoria,symptom,3,3,2,1,3
closed-loop intestinal obstruction,closed-loop intestinal obstruction,symptom,28,42,7,0.716931,271
weakness of lumbar,weakness of lumbar,symptom,17,17,7,0.764706,104
rhinophyma,rhinophyma,symptom,24,26,3,0.764493,211
pigmented dermatosis,pigmented dermatosis,symptom,35,36,3,0.571429,340
elevated urine amylase,elevated urine amylase,symptom,11,11,2,1,55
reduced cardiac output,reduced cardiac output,symptom,27,29,1,0.834758,293
poor memory,poor memory,symptom,6,6,0,0.533333,8
insufficient pulse oxygenation,insufficient pulse oxygenation,symptom,6,6,7,1,15
cystic changes,cystic changes,symptom,8,8,7,0.714286,20
post-violence abdominal pain,post-violence abdominal pain,symptom,6,6,7,1,15
orthopneic breathing,orthopneic breathing,symptom,16,16,1,1,120
excessive urination,excessive urination,symptom,7,7,7,1,21
mental stress,mental stress,symptom,14,14,9,0.56044,51
limb overgrowth,limb overgrowth,symptom,28,28,4,0.669312,253
intestinal roundworm infection,intestinal roundworm infection,symptom,16,19,7,0.833333,100
barotrauma,barotrauma,symptom,15,18,2,0.87619,92
appearing bright or pale red,appearing bright or pale red,symptom,2,2,3,1,1
iritis,iritis,symptom,2,2,6,1,1
pale conjunctiva,pale conjunctiva,symptom,2,2,7,1,1
initial pain inside the nasal cavity,initial pain inside the nasal cavity,symptom,11,12,7,0.709091,39
later the folliculitis infiltrates deeper,later the folliculitis infiltrates deeper,symptom,3,3,3,1,3
lacrimation,lacrimation,symptom,57,71,6,0.575188,918
exanthema,exanthema,symptom,28,31,6,0.73545,278
downward displacement of the tricuspid valve,downward displacement of the tricuspid valve,symptom,14,14,1,1,91
significant reduction in horizontal,significant reduction in horizontal,symptom,7,7,6,1,21
vertical palpebral fissures,vertical palpebral fissures,symptom,7,7,6,1,21
reverse epicanthus,reverse epicanthus,symptom,7,7,6,1,21
lower eyelid entropion,lower eyelid entropion,symptom,10,10,6,0.6,27
underdeveloped superior orbital rim,underdeveloped superior orbital rim,symptom,7,7,6,1,21
no obvious precordial pulsation,no obvious precordial pulsation,symptom,24,25,1,0.76087,210
menopausal symptoms,menopausal symptoms,symptom,5,5,0,1,10
fluctuation in visual acuity,fluctuation in visual acuity,symptom,7,7,6,1,21
missed heartbeats,missed heartbeats,symptom,8,8,1,1,28
anterior protrusion of the bone below the eye socket,anterior protrusion of the bone below the eye socket,symptom,12,12,0,1,66
cheek area,cheek area,symptom,24,24,0,0.5,138
nasal overgrowth,nasal overgrowth,symptom,12,12,0,1,66
humpback nose,humpback nose,symptom,12,12,0,1,66
lip separation,lip separation,symptom,12,12,0,1,66
teeth exposure,teeth exposure,symptom,12,12,0,1,66
dental crowding,dental crowding,symptom,12,12,0,1,66
anterior tilting,anterior tilting,symptom,12,12,0,1,66
protrusion of the upper front teeth,protrusion of the upper front teeth,symptom,18,18,0,0.529412,81
elongated upper dental arch,elongated upper dental arch,symptom,12,12,0,1,66
gingival pain,gingival pain,symptom,12,14,0,0.757576,50
perianal erythema,perianal erythema,symptom,10,11,7,0.777778,35
generally painless or,generally painless or,symptom,3,3,0,1,3
blood-stained sputum resembling mashed peach,blood-stained sputum resembling mashed peach,symptom,8,8,7,1,28
pain at the radial styloid,pain at the radial styloid,symptom,19,22,0,0.549708,94
tightness of breath,tightness of breath,symptom,2,2,3,1,1
unstable body temperature,unstable body temperature,symptom,5,5,1,1,10
poor response,poor response,symptom,5,5,1,1,10
progressively developing rales,progressively developing rales,symptom,5,5,1,1,10
pain; fever,pain; fever,symptom,25,26,7,0.653333,196
ranging in size from that of a pinhead to a green bean,ranging in size from that of a pinhead to a green bean,symptom,3,3,3,1,3
topped,topped,symptom,9,9,3,0.583333,21
black crusts,black crusts,symptom,3,3,3,1,3
mucocutaneous lesions,mucocutaneous lesions,symptom,4,4,4,1,6
articular damage,articular damage,symptom,4,4,4,1,6
short attention span,short attention span,symptom,13,13,9,1,78
overactivity,overactivity,symptom,13,13,9,1,78
or impulsiveness,or impulsiveness,symptom,13,13,9,1,78
round or oval in shape,round or oval in shape,symptom,7,7,3,0.857143,18
rapid respiration,rapid respiration,symptom,18,18,8,1,153
cortical thinning,cortical thinning,symptom,6,6,0,1,15
localized hidden pain,localized hidden pain,symptom,6,6,0,1,15
mild pressure pain,mild pressure pain,symptom,6,6,0,1,15
skin involvement,skin involvement,symptom,27,27,3,0.424501,149
warty proliferations,warty proliferations,symptom,4,4,3,1,6
the alveolar ridges are separated by mucosa on both sides,the alveolar ridges are separated by mucosa on both sides,symptom,0,0,38,0,0
nipple enlargement,nipple enlargement,symptom,2,2,4,1,1
urinary irritation,urinary irritation,symptom,13,13,4,0.846154,66
cerebral hemorrhage,cerebral hemorrhage,symptom,23,27,2,0.545455,138
lightness in the feet,lightness in the feet,symptom,12,12,2,1,66
pain or peculiar sensations,pain or peculiar sensations,symptom,19,21,2,0.730994,125
poor flexion,poor flexion,symptom,2,2,4,1,1
weak uterine contractions after the onset of labor,weak uterine contractions after the onset of labor,symptom,10,10,4,0.644444,29
inability to palpate the fetal head at the cervical os,inability to palpate the fetal head at the cervical os,symptom,1,1,39,0,0
significant hemorrhage,significant hemorrhage,symptom,1,1,39,0,0
intermittent elevation of intraocular pressure,intermittent elevation of intraocular pressure,symptom,2,2,7,1,1
vomiting during onset,vomiting during onset,symptom,2,2,7,1,1
movements become slow,movements become slow,symptom,2,2,7,1,1
diffuse pigmentation on exposed parts of the body such as the face,diffuse pigmentation on exposed parts of the body such as the face,symptom,16,16,3,1,120
leukemic cell infiltration,leukemic cell infiltration,symptom,18,19,7,0.888889,136
pain in the sacrococcygeal region,pain in the sacrococcygeal region,symptom,14,14,4,0.67033,61
out scales,out scales,symptom,7,7,3,1,21
tightness in both legs,tightness in both legs,symptom,3,3,2,1,3
feeling of heaviness when lifting feet,feeling of heaviness when lifting feet,symptom,3,3,2,1,3
behavioral changes,behavioral changes,symptom,24,25,2,0.710145,196
xanthomatization,xanthomatization,symptom,9,9,3,1,36
pain upon torsion or rupture,pain upon torsion or rupture,symptom,2,2,4,1,1
genitals,genitals,symptom,22,23,4,0.614719,142
fetishism,fetishism,symptom,11,14,9,0.872727,48
frotteurism,frotteurism,symptom,11,14,9,0.872727,48
masochism,masochism,symptom,11,14,9,0.872727,48
impaired ciliary clearance function,impaired ciliary clearance function,symptom,11,11,1,1,55
ciliary structural defects,ciliary structural defects,symptom,11,11,1,1,55
partial patients do not affect normal functions,partial patients do not affect normal functions,symptom,10,10,7,0.8,36
have no symptoms,have no symptoms,symptom,3,3,1,1,3
acute limb adduction,acute limb adduction,symptom,4,4,0,1,6
blackheads,blackheads,symptom,28,35,3,0.42328,160
whitening of the pupil,whitening of the pupil,symptom,5,5,6,1,10
decreased or absent ocular accommodation,decreased or absent ocular accommodation,symptom,5,5,6,1,10
three-concave sign lung physical signs,three-concave sign lung physical signs,symptom,12,13,1,0.833333,55
coagulopathy,coagulopathy,symptom,11,11,1,1,55
organ failure,organ failure,symptom,11,11,1,1,55
chalky white to brown discoloration of the enamel,chalky white to brown discoloration of the enamel,symptom,3,3,0,1,3
epileptic episodes,epileptic episodes,symptom,9,9,2,1,36
gradual deterioration of vision,gradual deterioration of vision,symptom,2,2,3,1,1
glare,glare,symptom,2,2,3,1,1
breast distension pain,breast distension pain,symptom,2,2,0,1,1
abdominal lump,abdominal lump,symptom,12,14,4,0.651515,43
pain or dragging sensation in the hernia area,pain or dragging sensation in the hernia area,symptom,21,22,7,0.490476,103
septic thrombophlebitis,septic thrombophlebitis,symptom,10,10,7,0.733333,33
adrenal insufficiency,adrenal insufficiency,symptom,7,7,7,1,21
excessive destruction of red blood cells,excessive destruction of red blood cells,symptom,1,1,7,0,0
arterial bleeding,arterial bleeding,symptom,15,16,6,0.628571,66
anal pruritus,anal pruritus,symptom,21,24,7,0.652381,137
superior orbital fissure syndrome,superior orbital fissure syndrome,symptom,15,15,1,0.561905,59
temporal bone protuberance,temporal bone protuberance,symptom,7,7,2,1,21
triad syndrome,triad syndrome,symptom,7,7,2,1,21
neurotic personality,neurotic personality,symptom,18,18,1,0.823529,126
newborn anal atresia,newborn anal atresia,symptom,3,3,4,1,3
periodontitis,periodontitis,symptom,5,6,0,0.6,6
collapse of the zygomatic arch,collapse of the zygomatic arch,symptom,8,8,0,1,28
lack of emotional response,lack of emotional response,symptom,5,5,2,1,10
loss of cognitive,loss of cognitive,symptom,5,5,2,1,10
wound bleeding,wound bleeding,symptom,10,10,4,1,45
nasal leakage of fluid,nasal leakage of fluid,symptom,0,0,40,0,0
yellow keratinized lesions on palms,yellow keratinized lesions on palms,symptom,11,11,3,0.581818,32
pathological jealousy,pathological jealousy,symptom,11,11,2,1,55
right upper abdominal distension,right upper abdominal distension,symptom,7,7,7,1,21
elevation of the shoulder,elevation of the shoulder,symptom,14,14,0,0.593407,54
head nodding sign,head nodding sign,symptom,18,18,1,1,153
mucosal detachment,mucosal detachment,symptom,13,13,7,1,78
rectal stenosis,rectal stenosis,symptom,13,13,7,1,78
localized pain in the radial head,localized pain in the radial head,symptom,2,2,0,1,1
unresponsiveness,unresponsiveness,symptom,6,6,1,0.866667,13
trichiasis,trichiasis,symptom,41,45,6,0.426829,350
potential poisoning,potential poisoning,symptom,12,12,7,1,66
episodic weakness,episodic weakness,symptom,8,8,2,1,28
vomiting of blood or coffee-ground-like material,vomiting of blood or coffee-ground-like material,symptom,2,2,7,1,1
pain in large joints,pain in large joints,symptom,5,5,7,1,10
reduced food intake,reduced food intake,symptom,38,40,4,0.719772,506
the characteristic signs of gastric retropulsion,the characteristic signs of gastric retropulsion,symptom,5,5,7,1,10
splash sound in the upper abdomen are indicative of pyloric obstruction,splash sound in the upper abdomen are indicative of pyloric obstruction,symptom,5,5,7,1,10
bloody stool of unknown origin,bloody stool of unknown origin,symptom,1,1,7,0,0
sensation of ants crawling,sensation of ants crawling,symptom,26,27,3,0.550769,179
the tumor is mainly located under the skin,the tumor is mainly located under the skin,symptom,1,1,3,0,0
intermittent spasms,intermittent spasms,symptom,16,16,2,1,120
scalp laceration,scalp laceration,symptom,8,9,2,0.75,21
conjunctival inflammation,conjunctival inflammation,symptom,15,15,7,1,105
no pain on compression,no pain on compression,symptom,5,5,7,1,10
a lump the size of a broad bean can be felt,a lump the size of a broad bean can be felt,symptom,8,8,0,1,28
which is relatively hard,which is relatively hard,symptom,22,22,0,0.415584,96
lip swelling,lip swelling,symptom,6,6,3,1,15
lip cracking,lip cracking,symptom,6,6,3,1,15
lip suppuration,lip suppuration,symptom,6,6,3,1,15
pain in the lacrimal sac area. in cases,pain in the lacrimal sac area. in cases,symptom,8,8,7,1,28
it may affect the upper,it may affect the upper,symptom,8,8,7,1,28
localized progressive swelling,localized progressive swelling,symptom,2,2,0,1,1
sweating of the palms,sweating of the palms,symptom,11,11,3,1,55
heat-induced sweating of the upper body,heat-induced sweating of the upper body,symptom,11,11,3,1,55
lymphadenalgia,lymphadenalgia,symptom,12,12,7,1,66
lymphangial rupture,lymphangial rupture,symptom,12,12,7,1,66
if the mass becomes infected,if the mass becomes infected,symptom,6,6,0,1,15
it can result in redness,it can result in redness,symptom,6,6,0,1,15
even rupture,even rupture,symptom,12,12,0,0.545455,36
inward foot,inward foot,symptom,8,8,0,1,28
equinus,equinus,symptom,8,8,0,1,28
adduction of the forefoot,adduction of the forefoot,symptom,8,8,0,1,28
inability to dorsiflex in passive correction,inability to dorsiflex in passive correction,symptom,8,8,0,1,28
some patients may be asymptomatic,some patients may be asymptomatic,symptom,33,33,3,0.556818,294
eye infection,eye infection,symptom,27,27,6,0.495726,174
muscular hypotonia,muscular hypotonia,symptom,16,16,2,0.641667,77
erythematous skin coloration,erythematous skin coloration,symptom,11,11,2,1,55
bent waist,bent waist,symptom,7,7,0,1,21
urinary difficulty,urinary difficulty,symptom,5,5,4,1,10
voiding dysfunction,voiding dysfunction,symptom,5,5,4,1,10
retinal roth spots,retinal roth spots,symptom,5,5,6,1,10
hazy vision,hazy vision,symptom,5,5,6,1,10
a few being softer or cystic,a few being softer or cystic,symptom,6,6,8,1,15
alternating weakness,alternating weakness,symptom,15,15,7,1,105
flat face,flat face,symptom,9,9,0,1,36
palatal abnormalities,palatal abnormalities,symptom,9,9,0,1,36
spinal dysraphism,spinal dysraphism,symptom,9,9,0,1,36
cervical vertebrae segmentation abnormalities,cervical vertebrae segmentation abnormalities,symptom,9,9,0,1,36
elbow dislocation,elbow dislocation,symptom,21,21,0,0.504762,106
foot abnormalities,foot abnormalities,symptom,22,22,0,0.454545,105
absence of pus or blood,absence of pus or blood,symptom,7,7,7,1,21
electrolyte imbalance due to vomiting,electrolyte imbalance due to vomiting,symptom,18,19,7,0.797386,122
skin calcification,skin calcification,symptom,8,9,3,0.714286,20
head congestion,head congestion,symptom,12,12,2,1,66
complete flaccid paralysis,complete flaccid paralysis,symptom,14,14,7,1,91
redness of the skin on the back of the h,redness of the skin on the back of the h,symptom,10,10,0,1,45
excessive scalp flakes,excessive scalp flakes,symptom,2,2,3,1,1
itchy scalp,itchy scalp,symptom,4,4,3,0.5,3
poor finger development,poor finger development,symptom,2,2,2,1,1
adjacent fingers fused together or partially fused,adjacent fingers fused together or partially fused,symptom,2,2,2,1,1
skin appears milky white or pinkish,skin appears milky white or pinkish,symptom,7,7,6,1,21
dry; hair turns pale white or light yellow; irises are pink or light blue,dry; hair turns pale white or light yellow; irises are pink or light blue,symptom,7,7,6,1,21
itchy nose,itchy nose,symptom,9,9,1,1,36
it often starts as pale brown color,it often starts as pale brown color,symptom,2,2,2,1,1
exp,exp,symptom,17,18,2,0.455882,62
s around turning darker,s around turning darker,symptom,2,2,2,1,1
weak cough,weak cough,symptom,15,15,1,0.857143,90
watery blood stools,watery blood stools,symptom,11,11,2,1,55
nail shedding,nail shedding,symptom,3,3,3,1,3
generalized pustulosis,generalized pustulosis,symptom,3,3,3,1,3
commonly found on the skin of the face,commonly found on the skin of the face,symptom,9,9,3,1,36
particularly the dorsum of the h,particularly the dorsum of the h,symptom,9,9,3,1,36
as well as the waist,as well as the waist,symptom,9,9,3,1,36
slate blue,slate blue,symptom,9,9,3,1,36
diameters ranging from a few millimeters to several centimeters,diameters ranging from a few millimeters to several centimeters,symptom,21,22,3,0.414286,87
burning pain in the flanks,burning pain in the flanks,symptom,11,11,7,1,55
aversion to smell,aversion to smell,symptom,11,11,7,1,55
auditory dysfunction,auditory dysfunction,symptom,1,1,2,0,0
hemarthrosis of the knee joint,hemarthrosis of the knee joint,symptom,21,22,0,0.566667,119
abrasions of the skin,abrasions of the skin,symptom,7,7,0,1,21
diminished parathyroid function,diminished parathyroid function,symptom,11,11,2,1,55
neck sprain,neck sprain,symptom,5,5,7,1,10
knee valgus,knee valgus,symptom,10,10,0,1,45
squatting episodes,squatting episodes,symptom,12,12,1,1,66
right aortic arch,right aortic arch,symptom,12,12,1,1,66
alternating sensations of cold,alternating sensations of cold,symptom,9,9,7,1,36
recur intermittently,recur intermittently,symptom,6,6,2,1,15
excessive extension or flexion of the h,excessive extension or flexion of the h,symptom,6,6,2,1,15
diminutive foramen of the diaphragm,diminutive foramen of the diaphragm,symptom,12,12,1,1,66
restricted movement in joints,restricted movement in joints,symptom,8,8,0,1,28
abnormal psychomotor development in children,abnormal psychomotor development in children,symptom,45,48,2,0.460606,456
initially presents as grain-sized,initially presents as grain-sized,symptom,24,24,3,1,276
a white pustule on top. despite its small size,a white pustule on top. despite its small size,symptom,24,24,3,1,276
it has roots,it has roots,symptom,24,24,3,1,276
feels hard,feels hard,symptom,38,38,3,0.476529,335
anchored to the bone,anchored to the bone,symptom,24,24,3,1,276
causes pain. it is highly aggressive,causes pain. it is highly aggressive,symptom,24,24,3,1,276
easily spreads,easily spreads,symptom,24,24,3,1,276
associated arthritis,associated arthritis,symptom,1,1,7,0,0
decreased respiration,decreased respiration,symptom,7,7,2,1,21
small fistula opening on the facial skin,small fistula opening on the facial skin,symptom,1,1,8,0,0
enlarged skull,enlarged skull,symptom,4,4,2,1,6
delayed closure of fontanelles,delayed closure of fontanelles,symptom,17,17,2,0.654412,89
sensory dysfunction,sensory dysfunction,symptom,4,4,2,1,6
ambiguous genitalia,ambiguous genitalia,symptom,22,28,4,0.666667,154
scrotal sagging,scrotal sagging,symptom,2,2,7,1,1
swelling discomfort,swelling discomfort,symptom,2,2,7,1,1
pelviectasis,pelviectasis,symptom,9,9,4,1,36
irritating cough,irritating cough,symptom,9,9,1,0.694444,25
the abdominal wall is as thin as paper,the abdominal wall is as thin as paper,symptom,2,2,7,1,1
the internal organs are vaguely visible,the internal organs are vaguely visible,symptom,2,2,7,1,1
the skin under the ribs is reddened,the skin under the ribs is reddened,symptom,9,9,7,0.611111,22
lumbosacral skin protrusion or depression,lumbosacral skin protrusion or depression,symptom,15,15,4,0.752381,79
eye defects,eye defects,symptom,5,5,6,0.9,9
gray-yellow surface. some have keratinized spiky protrusions,gray-yellow surface. some have keratinized spiky protrusions,symptom,7,7,3,1,21
hence also known as verruca,hence also known as verruca,symptom,7,7,3,1,21
discomfort in both legs,discomfort in both legs,symptom,11,11,0,0.636364,35
flexing the knee,flexing the knee,symptom,7,7,0,1,21
pain or numbness at the site of the bite,pain or numbness at the site of the bite,symptom,30,30,0,0.487356,212
lymphangitis,lymphangitis,symptom,22,23,0,0.705628,163
enlarged lymph nodes around the wound or affected limb,enlarged lymph nodes around the wound or affected limb,symptom,11,11,0,1,55
painful to touch,painful to touch,symptom,11,11,0,1,55
a higher proportion of complete spinal cord injuries,a higher proportion of complete spinal cord injuries,symptom,6,6,0,1,15
periumbilical episodic colic,periumbilical episodic colic,symptom,18,18,7,1,153
the initial symptom is reddening of the skin on the flexor side of the digits,the initial symptom is reddening of the skin on the flexor side of the digits,symptom,37,38,3,0.442943,295
resembling multiple corns,resembling multiple corns,symptom,19,19,3,1,171
generally occurs symmetrically on both sides,generally occurs symmetrically on both sides,symptom,19,19,3,1,171
shins,shins,symptom,31,31,3,0.556989,259
but the arches of the feet are not affected. thickening of the nail plate is dull,but the arches of the feet are not affected. thickening of the nail plate is dull,symptom,19,19,3,1,171
may also be,may also be,symptom,24,24,3,0.692029,191
often co-occurring,often co-occurring,symptom,19,19,3,1,171
dermatomal contracture,dermatomal contracture,symptom,10,10,2,1,45
cough due to aspiration,cough due to aspiration,symptom,4,4,2,1,6
episcleritis,episcleritis,symptom,42,50,6,0.490128,422
triad sign,triad sign,symptom,12,12,7,1,66
sensation of dragging or heaviness,sensation of dragging or heaviness,symptom,22,26,7,1,231
heavy menstruation,heavy menstruation,symptom,50,60,4,0.565714,693
dark menstruation,dark menstruation,symptom,6,6,4,1,15
gritty eyes,gritty eyes,symptom,10,10,9,1,45
sclerae reddening,sclerae reddening,symptom,10,10,9,1,45
urine leakage,urine leakage,symptom,20,24,4,0.663158,126
enlarged mass,enlarged mass,symptom,4,4,0,1,6
congested surface of the mass,congested surface of the mass,symptom,4,4,0,1,6
angiogenesis,angiogenesis,symptom,8,8,3,1,28
meningismus,meningismus,symptom,45,51,7,0.765657,758
or numbness in the bottom of the foot,or numbness in the bottom of the foot,symptom,14,14,0,1,91
heel; pain may radiate to the calf,heel; pain may radiate to the calf,symptom,19,19,0,0.695906,119
spasms; symptoms worsen after prolonged st,spasms; symptoms worsen after prolonged st,symptom,14,14,0,1,91
a weak,a weak,symptom,11,11,1,1,55
liver area discomfort,liver area discomfort,symptom,7,7,7,1,21
spontaneous fractures,spontaneous fractures,symptom,33,35,0,0.456439,241
joint hypermobility,joint hypermobility,symptom,7,7,0,1,21
wheal-like rash,wheal-like rash,symptom,11,11,3,1,55
hard thyroid mass,hard thyroid mass,symptom,2,2,1,1,1
newborn stridor,newborn stridor,symptom,13,13,8,0.679487,53
nails losing luster,nails losing luster,symptom,15,15,4,1,105
becoming thin,becoming thin,symptom,20,20,4,0.684211,130
white transverse lines,white transverse lines,symptom,15,15,4,1,105
may radiate to the same side of lower abdomen,may radiate to the same side of lower abdomen,symptom,10,10,4,0.533333,24
oculomotor disturbances,oculomotor disturbances,symptom,23,28,2,0.636364,161
truncal,truncal,symptom,16,16,4,1,120
episodic limbs rigidity,episodic limbs rigidity,symptom,26,28,4,0.793846,258
emotional agitation,emotional agitation,symptom,16,16,4,1,120
creeping sensation,creeping sensation,symptom,5,5,7,1,10
impaired lung diffusing function,impaired lung diffusing function,symptom,10,10,1,1,45
postnatal depression,postnatal depression,symptom,7,7,2,1,21
despondency,despondency,symptom,12,13,2,0.590909,39
unilateral facial enlargement,unilateral facial enlargement,symptom,15,15,3,0.409524,43
tongue enlargement,tongue enlargement,symptom,2,2,3,1,1
impaired ocular movement,impaired ocular movement,symptom,8,8,6,1,28
vestibular damage,vestibular damage,symptom,14,15,2,0.758242,69
generalized muscle weakness,generalized muscle weakness,symptom,9,9,6,0.916667,33
deviated eyeball,deviated eyeball,symptom,4,4,6,1,6
mucoid sputum or blood,mucoid sputum or blood,symptom,12,12,7,1,66
local rash,local rash,symptom,5,5,4,1,10
crossing legs,crossing legs,symptom,3,3,4,1,3
gingival hypertrophy,gingival hypertrophy,symptom,12,12,0,1,66
'gargoyle' facies,'gargoyle' facies,symptom,12,12,0,1,66
chronic inflammation resulting in vulvar pruritus,chronic inflammation resulting in vulvar pruritus,symptom,6,6,3,1,15
subjective sensation of fullness,subjective sensation of fullness,symptom,3,3,7,1,3
recovery shortly after cessation of eating,recovery shortly after cessation of eating,symptom,3,3,7,1,3
pulmonary artery noise,pulmonary artery noise,symptom,32,34,1,0.512097,254
burns to the pharyngeal,burns to the pharyngeal,symptom,21,24,8,0.795238,167
superficial burns,superficial burns,symptom,12,12,8,1,66
strangulating pain,strangulating pain,symptom,3,3,9,1,3
petechiae more common in lower limbs,petechiae more common in lower limbs,symptom,25,25,7,1,300
even distribution,even distribution,symptom,25,25,7,1,300
skin bruising,skin bruising,symptom,36,42,7,0.647619,408
abnormal blood picture,abnormal blood picture,symptom,34,35,7,0.762923,428
brown stools,brown stools,symptom,33,35,7,0.681818,360
irregularly shaped white plaques,irregularly shaped white plaques,symptom,41,41,3,0.904878,742
shine. these plaques can enlarge,shine. these plaques can enlarge,symptom,39,39,3,1,741
merge together,merge together,symptom,39,39,3,1,741
feeding refusal,feeding refusal,symptom,14,15,1,0.692308,63
cyanotic lips,cyanotic lips,symptom,22,22,1,0.528139,122
venous congestion,venous congestion,symptom,6,6,3,1,15
ulcer formation,ulcer formation,symptom,6,6,3,1,15
localized sweating,localized sweating,symptom,10,10,0,1,45
the sweating area often,the sweating area often,symptom,10,10,0,1,45
vasodilation,vasodilation,symptom,10,10,0,1,45
auriculotemporal syndrome,auriculotemporal syndrome,symptom,10,10,0,1,45
tympanic chord syndrome,tympanic chord syndrome,symptom,10,10,0,1,45
crocodile tears syndrome,crocodile tears syndrome,symptom,10,10,0,1,45
gustatory sweating,gustatory sweating,symptom,13,14,0,0.653846,51
sweating reactions on the face,sweating reactions on the face,symptom,10,10,0,1,45
upper limbs after eating or swallowing,upper limbs after eating or swallowing,symptom,10,10,0,1,45
muscular nodules,muscular nodules,symptom,27,27,2,0.843305,296
mucoid stools,mucoid stools,symptom,19,23,7,0.906433,155
typhoid fever,typhoid fever,symptom,15,15,7,1,105
loosening,loosening,symptom,32,36,0,0.481855,239
loss of teeth,loss of teeth,symptom,22,24,0,0.735931,170
lymph fluid leakage,lymph fluid leakage,symptom,11,11,4,1,55
tar-like stools,tar-like stools,symptom,7,7,7,1,21
decreased attention,decreased attention,symptom,10,10,2,0.533333,24
decreased energy,decreased energy,symptom,7,7,2,1,21
or presence of palpable masses,or presence of palpable masses,symptom,6,6,1,1,15
orthodeoxia,orthodeoxia,symptom,3,3,1,1,3
obscure pain,obscure pain,symptom,16,16,7,0.708333,85
mucosal swelling,mucosal swelling,symptom,9,9,3,1,36
dry fissures,dry fissures,symptom,9,9,3,1,36
superior vena cava syndrome (svcs),superior vena cava syndrome (svcs),symptom,24,32,1,0.873188,241
unease when separated from loved ones,unease when separated from loved ones,symptom,7,7,7,1,21
childhood phobias,childhood phobias,symptom,7,7,7,1,21
mental depression,mental depression,symptom,32,34,7,0.566532,281
bone deformities,bone deformities,symptom,8,8,0,1,28
late closure of fontanels,late closure of fontanels,symptom,8,8,0,1,28
inward turning of the hips,inward turning of the hips,symptom,16,17,0,0.55,66
bulging navel,bulging navel,symptom,2,2,2,1,1
engorgement,engorgement,symptom,28,30,4,0.547619,207
spontaneous milk flow,spontaneous milk flow,symptom,16,16,4,1,120
gonadal dysfunction,gonadal dysfunction,symptom,3,3,2,1,3
congenital anomalies of the eyes,congenital anomalies of the eyes,symptom,3,3,2,1,3
tension in the abdominal muscles,tension in the abdominal muscles,symptom,6,6,7,1,15
pain in the distal femur,pain in the distal femur,symptom,5,5,7,1,10
proximal tibia,proximal tibia,symptom,5,5,7,1,10
walking impairment,walking impairment,symptom,5,5,7,1,10
cherry red coloration of the lips,cherry red coloration of the lips,symptom,21,24,2,1,210
conscious heartbeats,conscious heartbeats,symptom,18,18,2,1,153
compartment syndrome of the lower leg or forearm,compartment syndrome of the lower leg or forearm,symptom,21,23,7,0.67619,142
progressive necrotic infection of the subcutaneous fascia,progressive necrotic infection of the subcutaneous fascia,symptom,21,23,7,0.67619,142
superficial stripes on the chest,superficial stripes on the chest,symptom,19,19,7,0.561404,96
abdominal walls,abdominal walls,symptom,11,11,7,1,55
radicular pain,radicular pain,symptom,82,94,2,0.293887,976
body becomes stiff or limp,body becomes stiff or limp,symptom,12,12,1,0.939394,62
bladder diverticula,bladder diverticula,symptom,5,5,7,1,10
speaking in monosyllables or disconnected phrases,speaking in monosyllables or disconnected phrases,symptom,13,13,2,1,78
tense expression,tense expression,symptom,13,13,2,1,78
disorganized movements,disorganized movements,symptom,13,13,2,1,78
sitting or lying down immobile,sitting or lying down immobile,symptom,13,13,2,1,78
uneven muscle fibers,uneven muscle fibers,symptom,16,16,0,1,120
bile retention,bile retention,symptom,4,4,7,1,6
pain in the vulva,pain in the vulva,symptom,45,48,3,0.789899,782
ulceration of the vulva,ulceration of the vulva,symptom,4,4,3,1,6
meningeal irritation symptoms,meningeal irritation symptoms,symptom,7,7,7,1,21
abnormal meconium discharge,abnormal meconium discharge,symptom,4,4,7,1,6
pain in the bladder area before,pain in the bladder area before,symptom,23,30,4,0.70751,179
after urination,after urination,symptom,15,19,4,0.914286,96
purulent urine,purulent urine,symptom,48,62,4,0.50266,567
narrow bifrontal diameter,narrow bifrontal diameter,symptom,8,8,3,1,28
almond-shaped palpebral fissures,almond-shaped palpebral fissures,symptom,8,8,3,1,28
thin upper lip,thin upper lip,symptom,14,14,3,0.505495,46
small h,small h,symptom,10,10,3,0.688889,31
delay in puberty,delay in puberty,symptom,8,8,3,1,28
irregular shape,irregular shape,symptom,22,22,0,0.329004,76
appearing white or gray,appearing white or gray,symptom,27,27,3,1,351
susceptibility to colds,susceptibility to colds,symptom,26,27,1,0.636923,207
nipple fissure,nipple fissure,symptom,22,22,0,0.848485,196
scleral injection,scleral injection,symptom,8,8,6,1,28
herpes zoster-like appearance,herpes zoster-like appearance,symptom,8,8,6,1,28
recurrent herpes zoster,recurrent herpes zoster,symptom,8,8,6,1,28
sweating in the groin,sweating in the groin,symptom,12,12,0,1,66
shiny like crystal,shiny like crystal,symptom,12,12,0,1,66
possible itching,possible itching,symptom,12,12,0,1,66
yellow fluid discharge after rupture,yellow fluid discharge after rupture,symptom,12,12,0,1,66
splashing sound in the abdomen when hungry,splashing sound in the abdomen when hungry,symptom,26,30,0,0.606154,197
infective vegetations,infective vegetations,symptom,21,23,7,0.747619,157
endocardial fibroelastosis,endocardial fibroelastosis,symptom,11,11,7,1,55
cardiogenic murmurs,cardiogenic murmurs,symptom,11,11,7,1,55
refractory cardiac dysfunction,refractory cardiac dysfunction,symptom,11,11,7,1,55
substernal pain,substernal pain,symptom,14,14,7,0.714286,65
lymph node tuberculosis,lymph node tuberculosis,symptom,12,12,6,1,66
nasal mucosa ulcer,nasal mucosa ulcer,symptom,12,12,6,1,66
episcleral phlyctenule,episcleral phlyctenule,symptom,11,11,6,1,55
superciliary arch depression,superciliary arch depression,symptom,14,17,6,0.78022,71
loss of eyelashes,loss of eyelashes,symptom,11,11,6,1,55
toes to dorsiflex,toes to dorsiflex,symptom,11,11,6,1,55
formation of diphtheritic pseudomembrane,formation of diphtheritic pseudomembrane,symptom,15,15,1,0.704762,74
dished sign,dished sign,symptom,12,12,1,1,66
carbuncle,carbuncle,symptom,23,23,1,1,253
absence of armpit hair,absence of armpit hair,symptom,3,4,3,0.666667,2
presence of chalky white spots,presence of chalky white spots,symptom,15,15,0,1,105
serous or bloody discharge,serous or bloody discharge,symptom,8,8,3,0.535714,15
abnormal blood counts,abnormal blood counts,symptom,8,8,7,1,28
refractive astigmatism,refractive astigmatism,symptom,6,6,6,1,15
high metabolic syndrome,high metabolic syndrome,symptom,22,24,1,0.683983,158
bowel incontinence,bowel incontinence,symptom,3,3,9,1,3
vitreous opacification,vitreous opacification,symptom,2,2,6,1,1
pus overflow,pus overflow,symptom,13,13,4,0.525641,41
abnormally tall stature,abnormally tall stature,symptom,7,7,2,1,21
often thick mucus or purulent mucus,often thick mucus or purulent mucus,symptom,8,8,4,1,28
which worsens during menstruation,which worsens during menstruation,symptom,8,8,4,1,28
a sense of heaviness inside the rectum,a sense of heaviness inside the rectum,symptom,2,2,4,1,1
skin color changes to blue-purple,skin color changes to blue-purple,symptom,12,12,7,1,66
shortened platelet lifespan,shortened platelet lifespan,symptom,18,21,7,0.836601,128
obsessive thoughts,obsessive thoughts,symptom,9,9,3,0.527778,19
compulsions,compulsions,symptom,13,13,3,0.461538,36
obsessive behaviors,obsessive behaviors,symptom,6,6,3,1,15
obsessive ideas,obsessive ideas,symptom,6,6,3,1,15
increased white blood cell count,increased white blood cell count,symptom,7,7,7,1,21
notable scales,notable scales,symptom,2,2,3,1,1
vomiting due to lower jiao excess heat,vomiting due to lower jiao excess heat,symptom,1,1,7,0,0
inability to sustain near vision,inability to sustain near vision,symptom,8,8,6,1,28
thick secretions,thick secretions,symptom,3,3,6,1,3
small palpebral fissure,small palpebral fissure,symptom,15,16,6,0.571429,60
double eyelids,double eyelids,symptom,4,4,6,1,6
abnormal physical development,abnormal physical development,symptom,6,6,0,1,15
heterogeneous sizes of the mass,heterogeneous sizes of the mass,symptom,6,6,3,1,15
worsening after activity,worsening after activity,symptom,5,5,1,1,10
swelling of superficial lymph nodes especially in the neck,swelling of superficial lymph nodes especially in the neck,symptom,35,37,1,0.712605,424
generalized skin flushing,generalized skin flushing,symptom,4,4,2,1,6
elevated neutrophil count,elevated neutrophil count,symptom,2,2,7,1,1
acrokeratosis,acrokeratosis,symptom,1,1,3,0,0
a central black horn,a central black horn,symptom,7,7,3,1,21
a scaly,a scaly,symptom,7,7,3,1,21
agraphia,agraphia,symptom,5,5,2,1,10
acalculia,acalculia,symptom,5,5,2,1,10
facial agnosia,facial agnosia,symptom,5,5,2,1,10
reflex vomiting,reflex vomiting,symptom,24,30,7,0.721014,199
board-like abdomen,board-like abdomen,symptom,22,23,7,0.731602,169
kehr's sign,kehr's sign,symptom,12,12,7,1,66
compression of adjacent organs,compression of adjacent organs,symptom,2,2,0,1,1
coughing up a small amount of viscous sputum,coughing up a small amount of viscous sputum,symptom,10,10,1,1,45
coughing up dark red fresh blood sputum,coughing up dark red fresh blood sputum,symptom,11,11,1,1,55
reproductive organ malformations,reproductive organ malformations,symptom,1,1,4,0,0
thermoregulatory disorder,thermoregulatory disorder,symptom,11,11,2,1,55
agranulocytosis,agranulocytosis,symptom,11,11,2,1,55
granulocytopenia,granulocytopenia,symptom,24,24,7,0.75,207
or only present,or only present,symptom,7,7,7,1,21
fever. in the acute phase,fever. in the acute phase,symptom,7,7,7,1,21
right-positioned aortic arch,right-positioned aortic arch,symptom,7,8,7,0.666667,14
organic amblyopia,organic amblyopia,symptom,10,10,6,0.6,27
color vision loss,color vision loss,symptom,7,7,6,1,21
macular sparing,macular sparing,symptom,7,7,6,1,21
damage to the occipital lobe,damage to the occipital lobe,symptom,7,7,6,1,21
embolism in various organs,embolism in various organs,symptom,8,8,1,1,28
increased blood flow resistance,increased blood flow resistance,symptom,11,11,2,1,55
rotatory vertigo,rotatory vertigo,symptom,11,11,2,1,55
progressively increasing fatigue,progressively increasing fatigue,symptom,27,27,4,1,351
positive anti-gbm antibodies,positive anti-gbm antibodies,symptom,11,11,1,1,55
axillary region,axillary region,symptom,3,3,0,1,3
colic pain,colic pain,symptom,26,29,7,0.532308,173
paroxysmal intestinal colic,paroxysmal intestinal colic,symptom,4,4,7,1,6
persistent intestinal colic,persistent intestinal colic,symptom,4,4,7,1,6
engorged retinal veins,engorged retinal veins,symptom,7,7,6,1,21
posterior thighs,posterior thighs,symptom,4,4,3,1,6
watery or mucoid in character,watery or mucoid in character,symptom,16,16,7,0.85,102
skin allergy,skin allergy,symptom,27,27,7,0.689459,242
extremely reduced clarity of consciousness,extremely reduced clarity of consciousness,symptom,3,3,3,1,3
no response to external stimuli,no response to external stimuli,symptom,9,9,3,0.5,18
weakness in upper limbs,weakness in upper limbs,symptom,6,6,2,0.6,9
lumbar trauma,lumbar trauma,symptom,7,7,0,1,21
history of chronic strain,history of chronic strain,symptom,7,7,0,1,21
unusually early development of adam's apple,unusually early development of adam's apple,symptom,2,2,3,1,1
irregular pulse,irregular pulse,symptom,14,14,1,0.516484,47
pronounced pulsation,pronounced pulsation,symptom,3,3,1,1,3
sacrococcygeal or lower limb pain,sacrococcygeal or lower limb pain,symptom,4,4,7,1,6
generalized red maculopapular rashes,generalized red maculopapular rashes,symptom,2,2,3,1,1
plaquelike or nodular formations,plaquelike or nodular formations,symptom,2,2,0,1,1
testicular swelling,testicular swelling,symptom,9,10,0,0.666667,24
lower abdominal pain in males,lower abdominal pain in males,symptom,3,3,0,1,3
cockscomb-like oral rash,cockscomb-like oral rash,symptom,2,2,4,1,1
painful mass,painful mass,symptom,5,5,3,1,10
adherence to surrounding tissues,adherence to surrounding tissues,symptom,5,5,3,1,10
fixed mass,fixed mass,symptom,9,9,3,0.472222,17
potential ulceration,potential ulceration,symptom,5,5,3,1,10
general muscle,general muscle,symptom,27,28,2,0.589744,207
fatigue intolerance,fatigue intolerance,symptom,4,4,0,1,6
urethral valve,urethral valve,symptom,7,7,4,0.47619,10
sacral dysplasia,sacral dysplasia,symptom,23,23,0,0.711462,180
worsens during flexion,worsens during flexion,symptom,6,6,0,1,15
swelling nuclear mass,swelling nuclear mass,symptom,4,4,3,1,6
which upon pressure recesses,which upon pressure recesses,symptom,4,4,3,1,6
upon release protrudes,upon release protrudes,symptom,4,4,3,1,6
resembling the presence of air,resembling the presence of air,symptom,4,4,3,1,6
lack of interest in studying,lack of interest in studying,symptom,4,4,3,1,6
poor attention,poor attention,symptom,4,4,3,1,6
rectal temperature ≤35°c,rectal temperature ≤35°c,symptom,3,3,2,1,3
cold skin surface,cold skin surface,symptom,3,3,2,1,3
scrotal cancer presents as a painless scrotal mass,scrotal cancer presents as a painless scrotal mass,symptom,10,10,0,0.488889,22
warty or papular appearance,warty or papular appearance,symptom,6,6,0,1,15
which may further evolve into a cauliflower-like appearance,which may further evolve into a cauliflower-like appearance,symptom,6,6,0,1,15
foul-smelling purulent,foul-smelling purulent,symptom,6,6,0,1,15
bloody discharge during infection,bloody discharge during infection,symptom,6,6,0,1,15
pearl-like,pearl-like,symptom,2,2,3,1,1
chapped lips,chapped lips,symptom,30,34,3,0.572414,249
groin pain,groin pain,symptom,42,43,7,0.500581,431
lumbar radiation to the arms,lumbar radiation to the arms,symptom,10,10,0,1,45
thin nail plates,thin nail plates,symptom,2,2,7,1,1
longitudinal splitting of the nail plates,longitudinal splitting of the nail plates,symptom,2,2,7,1,1
separation of the nail plates,separation of the nail plates,symptom,6,6,7,0.466667,7
commonly swollen,commonly swollen,symptom,7,7,7,1,21
narrow glottis,narrow glottis,symptom,3,3,1,1,3
lower abdominal bulge,lower abdominal bulge,symptom,22,22,7,1,231
a notable increase in vaginal discharge,a notable increase in vaginal discharge,symptom,3,3,4,1,3
bald patches,bald patches,symptom,6,6,3,0.466667,7
sudden fall,sudden fall,symptom,22,22,2,1,231
children's cough,children's cough,symptom,19,19,1,1,171
moderate pain,moderate pain,symptom,22,23,2,0.645022,149
uneven keratinized surface,uneven keratinized surface,symptom,6,6,3,1,15
subungual thickening,subungual thickening,symptom,6,6,3,1,15
knee bent,knee bent,symptom,9,9,0,1,36
idiopathic,idiopathic,symptom,12,12,3,1,66
dyspareunia,dyspareunia,symptom,34,39,4,0.461676,259
out scars,out scars,symptom,5,5,3,1,10
kernicterus,kernicterus,symptom,42,42,2,0.927991,799
disappearance of the normal contour of the medial epicondyle,disappearance of the normal contour of the medial epicondyle,symptom,11,11,0,1,55
weakness in pronation of the forearm,weakness in pronation of the forearm,symptom,11,11,0,1,55
flexion of the fingers,flexion of the fingers,symptom,11,11,0,1,55
kidney dysfunction,kidney dysfunction,symptom,5,5,7,1,10
disappearance or slight protrusion of the palm concavity,disappearance or slight protrusion of the palm concavity,symptom,17,17,0,0.588235,80
carpus,carpus,symptom,10,10,0,1,45
vesiculopapular eruptions,vesiculopapular eruptions,symptom,2,2,3,1,1
ial diffuse abdominal colic,ial diffuse abdominal colic,symptom,18,18,7,0.751634,115
numbness of lips,numbness of lips,symptom,10,10,7,1,45
taste of bromine,taste of bromine,symptom,11,12,7,0.854545,47
increased blood viscosity,increased blood viscosity,symptom,41,47,7,0.47439,389
irritation of the vulva,irritation of the vulva,symptom,7,7,4,1,21
initial 'crawling' sensations followed by a decrease or loss of sensation,initial 'crawling' sensations followed by a decrease or loss of sensation,symptom,39,40,2,0.678812,503
typically presenting,typically presenting,symptom,24,24,2,1,276
-stocking sensory disturbances,-stocking sensory disturbances,symptom,24,24,2,1,276
exhibits excessive shyness,exhibits excessive shyness,symptom,5,5,2,1,10
awkwardness in unfamiliar environments,awkwardness in unfamiliar environments,symptom,5,5,2,1,10
overly self-conscious about one's actions,overly self-conscious about one's actions,symptom,5,5,2,1,10
drawal when entering new environments,drawal when entering new environments,symptom,5,5,2,1,10
often starting,often starting,symptom,11,11,7,1,55
light to moderate fever,light to moderate fever,symptom,11,11,7,1,55
or presents as yellow-green loose stool,or presents as yellow-green loose stool,symptom,11,11,7,1,55
metabolic intoxication,metabolic intoxication,symptom,11,11,7,1,55
fantasies,fantasies,symptom,2,2,2,0,0
basal ganglia hemorrhage,basal ganglia hemorrhage,symptom,17,22,2,0.860294,117
brain dysfunction,brain dysfunction,symptom,20,23,2,0.747368,142
central fever,central fever,symptom,23,28,2,0.616601,156
peritoneal irritation signs,peritoneal irritation signs,symptom,29,35,7,0.564039,229
twisted pronunciation,twisted pronunciation,symptom,7,7,1,1,21
knuckle thickening,knuckle thickening,symptom,1,1,3,0,0
scapular referral pain,scapular referral pain,symptom,13,13,1,1,78
dissection hematoma,dissection hematoma,symptom,24,24,1,0.655797,181
vaginal expulsion of tissue fragments,vaginal expulsion of tissue fragments,symptom,4,4,4,1,6
yellow keratotic material on the palmar,yellow keratotic material on the palmar,symptom,7,7,3,1,21
plantar skin,plantar skin,symptom,7,7,3,1,21
middle-aged individuals,middle-aged individuals,symptom,4,4,7,1,6
ibular joint,ibular joint,symptom,15,18,0,0.714286,75
clicking,clicking,symptom,13,16,0,0.884615,69
grinding sounds,grinding sounds,symptom,4,4,0,1,6
fetal hypoxia,fetal hypoxia,symptom,2,2,41,1,1
increased amniotic fluid,increased amniotic fluid,symptom,2,2,41,1,1
reduced amniotic fluid,reduced amniotic fluid,symptom,2,2,41,1,1
reddening of the skin around the nipple,reddening of the skin around the nipple,symptom,6,6,3,1,15
difficulty turning over,difficulty turning over,symptom,26,28,0,0.566154,184
feeling of panic,feeling of panic,symptom,16,18,1,0.75,90
irritable or repressed mood,irritable or repressed mood,symptom,13,13,2,0.705128,55
fixed gaze,fixed gaze,symptom,9,9,2,0.638889,23
history of rubella in pregnant women,history of rubella in pregnant women,symptom,16,16,7,1,120
purplish red spots,purplish red spots,symptom,16,16,7,1,120
cardiovascular defects,cardiovascular defects,symptom,16,16,7,1,120
increased pain after running,increased pain after running,symptom,4,4,0,1,6
jumping,jumping,symptom,4,4,0,1,6
or fatigue on the posterior side of the heel at the achilles tendon area,or fatigue on the posterior side of the heel at the achilles tendon area,symptom,4,4,0,1,6
engorged jugular veins,engorged jugular veins,symptom,9,9,1,1,36
occasional mucousy stools,occasional mucousy stools,symptom,14,14,7,1,91
sticky stool,sticky stool,symptom,33,42,7,0.727273,384
pain in the lower limbs after excessive drinking,pain in the lower limbs after excessive drinking,symptom,31,33,2,0.582796,271
forehead pain,forehead pain,symptom,18,18,2,0.529412,81
external nasal swelling,external nasal swelling,symptom,6,6,0,1,15
feet),feet),symptom,13,13,7,1,78
burning pain radiating to the proximal limbs,burning pain radiating to the proximal limbs,symptom,13,13,7,1,78
episodic abdominal pain,episodic abdominal pain,symptom,18,20,7,0.732026,112
alternating bingeing,alternating bingeing,symptom,10,11,7,0.755556,34
gradual infiltration toward deeper layers,gradual infiltration toward deeper layers,symptom,5,5,3,1,10
infiltration along fascia,infiltration along fascia,symptom,5,5,3,1,10
bloody vomit,bloody vomit,symptom,11,11,7,1,55
loss of motor function,loss of motor function,symptom,3,3,2,1,3
touch sensation,touch sensation,symptom,3,3,2,1,3
contralateral loss of pain,contralateral loss of pain,symptom,3,3,2,1,3
petechial hemorrhages,petechial hemorrhages,symptom,7,7,1,1,21
radiation from the back,radiation from the back,symptom,6,6,2,1,15
aggravated by exertion,aggravated by exertion,symptom,33,33,2,0.541667,286
significant at night,significant at night,symptom,6,6,2,1,15
spastic paraplegic gait,spastic paraplegic gait,symptom,62,68,2,0.592808,1121
diminished or absent abdominal reflexes,diminished or absent abdominal reflexes,symptom,31,32,2,0.64086,298
paroxysmal spasticity,paroxysmal spasticity,symptom,11,11,2,1,55
vertebrobasilar dolichoectasia,vertebrobasilar dolichoectasia,symptom,11,11,2,1,55
clicking jaw sounds,clicking jaw sounds,symptom,36,37,9,0.598413,377
urine has a unique mouse-like odor,urine has a unique mouse-like odor,symptom,2,2,3,1,1
softening of the uterus,softening of the uterus,symptom,16,17,4,0.658333,79
absence of fetal tissue palpation,absence of fetal tissue palpation,symptom,11,11,4,1,55
vaginal discharge of vesicular tissue,vaginal discharge of vesicular tissue,symptom,11,11,4,1,55
snowstorm appearance on ultrasound,snowstorm appearance on ultrasound,symptom,11,11,4,1,55
discomfort radiating to the back,discomfort radiating to the back,symptom,1,1,7,0,0
vulvar erythema,vulvar erythema,symptom,2,2,0,1,1
ring-shaped distribution,ring-shaped distribution,symptom,2,2,0,1,1
neatly demarcated pale red,neatly demarcated pale red,symptom,5,5,3,1,10
or brownish yellow borders,or brownish yellow borders,symptom,5,5,3,1,10
itchy cough,itchy cough,symptom,17,17,7,1,136
'four concave signs' after birth,'four concave signs' after birth,symptom,17,17,7,1,136
mucus in the throat,mucus in the throat,symptom,17,17,7,1,136
intestinal cramps,intestinal cramps,symptom,3,3,7,1,3
rotten-smelling belch,rotten-smelling belch,symptom,8,8,7,1,28
cutting or burning sensation,cutting or burning sensation,symptom,9,9,7,1,36
intermittent exacerbation,intermittent exacerbation,symptom,9,9,7,1,36
lymph nodes showing painless,lymph nodes showing painless,symptom,3,3,7,1,3
progressive enlargement,progressive enlargement,symptom,22,23,7,0.61039,141
cardiac puncture pain,cardiac puncture pain,symptom,6,6,0,1,15
prostration,prostration,symptom,25,27,7,0.773333,232
behavioral disturbances,behavioral disturbances,symptom,6,6,2,1,15
peculiarities,peculiarities,symptom,6,6,2,1,15
chronic long-term onset,chronic long-term onset,symptom,6,6,0,1,15
aggravated by fatigue,aggravated by fatigue,symptom,27,27,0,0.472934,166
humidity,humidity,symptom,6,6,0,1,15
depression on the side of the cleft near the base of the nose,depression on the side of the cleft near the base of the nose,symptom,17,17,0,0.654412,89
collapsed nostrils,collapsed nostrils,symptom,13,13,0,1,78
wide nostrils,wide nostrils,symptom,13,13,0,1,78
deviation of the columella on the side of the unilateral cleft,deviation of the columella on the side of the unilateral cleft,symptom,13,13,0,1,78
curvature of the nasal midline towards the cleft,curvature of the nasal midline towards the cleft,symptom,13,13,0,1,78
conjunctival swelling,conjunctival swelling,symptom,3,3,6,1,3
which in a few days ascends to the trunk,which in a few days ascends to the trunk,symptom,5,5,2,1,10
presenting as flaccid paralysis,presenting as flaccid paralysis,symptom,5,5,2,1,10
pit-like depression at the optic disc,pit-like depression at the optic disc,symptom,2,2,42,1,1
posterior hemorrhage,posterior hemorrhage,symptom,2,2,42,1,1
contusion-like necrosis,contusion-like necrosis,symptom,2,2,42,1,1
acute cervicitis,acute cervicitis,symptom,11,12,4,1,55
sensory disturbances affecting one side of the body,sensory disturbances affecting one side of the body,symptom,7,7,2,1,21
incomplete intestinal obstruction,incomplete intestinal obstruction,symptom,18,18,7,0.823529,126
gradual enlargement of the vulvar mass,gradual enlargement of the vulvar mass,symptom,12,13,0,0.454545,30
missed beats,missed beats,symptom,2,2,0,1,1
photosensitivity dermatitis induced by sunlight exposure,photosensitivity dermatitis induced by sunlight exposure,symptom,8,8,3,1,28
'orange peel' skin,'orange peel' skin,symptom,5,5,7,1,10
patients present,patients present,symptom,19,20,0,0.450292,77
body temperature reaching 40°c or above,body temperature reaching 40°c or above,symptom,4,4,7,1,6
fever similar to malaria,fever similar to malaria,symptom,7,7,2,1,21
hypochondriac fullness,hypochondriac fullness,symptom,7,7,2,1,21
or abnormal menstrual flow,or abnormal menstrual flow,symptom,7,7,2,1,21
extranodal masses,extranodal masses,symptom,6,6,7,1,15
involvement of organs including gastrointestinal tract,involvement of organs including gastrointestinal tract,symptom,6,6,7,1,15
cns,cns,symptom,6,6,7,1,15
the transplant itself,the transplant itself,symptom,6,6,7,1,15
atopic dermatitis,atopic dermatitis,symptom,2,2,3,1,1
often asymptomatic,often asymptomatic,symptom,50,50,3,0.663673,813
pain at the wound site,pain at the wound site,symptom,8,9,0,1,28
skin rupture,skin rupture,symptom,21,21,3,0.638095,134
eyeball rupture,eyeball rupture,symptom,2,2,4,1,1
nonfunctional kidney,nonfunctional kidney,symptom,5,5,4,1,10
pyelocaliectasis,pyelocaliectasis,symptom,5,5,4,1,10
uneven small red spots on the surface of the skin,uneven small red spots on the surface of the skin,symptom,2,2,0,1,1
slight swelling,slight swelling,symptom,20,20,0,0.494737,94
redness of the skin around the mastoid,redness of the skin around the mastoid,symptom,13,13,0,0.666667,52
specific pressure pain on the lateral wall of tympanum,specific pressure pain on the lateral wall of tympanum,symptom,10,10,0,1,45
the tip of the mastoid process,the tip of the mastoid process,symptom,10,10,0,1,45
mastoiditis,mastoiditis,symptom,26,28,0,0.513846,167
paroxysmal vertigo,paroxysmal vertigo,symptom,13,16,2,0.833333,65
back rigidity,back rigidity,symptom,8,8,2,1,28
clenched teeth,clenched teeth,symptom,8,8,2,1,28
tremor paralysis,tremor paralysis,symptom,3,3,2,1,3
restriction of ocular movement,restriction of ocular movement,symptom,7,7,6,1,21
prodromal symptoms,prodromal symptoms,symptom,6,6,7,1,15
including malaise,including malaise,symptom,6,6,7,1,15
hepatocellular necrosis,hepatocellular necrosis,symptom,21,22,7,0.661905,139
hypoparathyroidism,hypoparathyroidism,symptom,4,4,4,1,6
short philtrum,short philtrum,symptom,4,4,4,1,6
ischemic contraction of the forearm,ischemic contraction of the forearm,symptom,3,3,0,1,3
fibrosis of intestinal wall,fibrosis of intestinal wall,symptom,10,10,7,1,45
anxious adjustment disorder,anxious adjustment disorder,symptom,6,6,2,1,15
lower limb weakness,lower limb weakness,symptom,22,24,2,0.532468,123
positive pathological signs,positive pathological signs,symptom,11,12,2,0.563636,31
scissor gait,scissor gait,symptom,10,10,2,0.466667,21
congestive swelling of the pharyngeal wall,congestive swelling of the pharyngeal wall,symptom,12,12,7,1,66
funnel-shaped change in the urethral meatus,funnel-shaped change in the urethral meatus,symptom,11,11,4,1,55
rupture of the urogenital tract,rupture of the urogenital tract,symptom,11,11,4,1,55
urethral calculi,urethral calculi,symptom,20,20,4,0.647368,123
bladder distension,bladder distension,symptom,24,25,4,0.456522,126
alternating pulse,alternating pulse,symptom,11,11,1,1,55
perineal bleeding,perineal bleeding,symptom,11,11,2,0.818182,45
vaginal laceration,vaginal laceration,symptom,1,1,2,0,0
periosteal new bone formation,periosteal new bone formation,symptom,6,6,3,1,15
medullary cavity enlargement,medullary cavity enlargement,symptom,6,6,3,1,15
diaphysis spindle-shaped swelling,diaphysis spindle-shaped swelling,symptom,6,6,3,1,15
osteophyma,osteophyma,symptom,6,6,3,1,15
spinal claudication,spinal claudication,symptom,12,12,2,1,66
-like sensation,-like sensation,symptom,63,73,2,0.465438,909
cavitation,cavitation,symptom,18,22,2,0.797386,122
weakness in the lumbar-sacral area,weakness in the lumbar-sacral area,symptom,6,6,0,1,15
plantar nodules,plantar nodules,symptom,6,6,3,1,15
systemic rose-colored maculopapular rash,systemic rose-colored maculopapular rash,symptom,11,11,7,1,55
herpetic lesions,herpetic lesions,symptom,22,23,3,0.779221,180
comedones,comedones,symptom,20,25,3,0.6,114
continuous fever,continuous fever,symptom,17,19,7,0.860294,117
elevated blood glucose levels,elevated blood glucose levels,symptom,34,43,7,0.588235,330
urinary glucose,urinary glucose,symptom,13,13,7,1,78
rapid increase in intraocular pressure,rapid increase in intraocular pressure,symptom,37,44,6,0.506006,337
sunset syndrome,sunset syndrome,symptom,12,12,6,1,66
increased ocular pressure,increased ocular pressure,symptom,12,12,6,1,66
blue field entoptic phenomenon,blue field entoptic phenomenon,symptom,16,17,6,0.758333,91
pain presenting as stabbing,pain presenting as stabbing,symptom,17,17,4,1,136
or drilling pains,or drilling pains,symptom,17,17,4,1,136
or characterized by being lighter during the day,or characterized by being lighter during the day,symptom,17,17,4,1,136
more at night,more at night,symptom,17,17,4,1,136
palpable as one or multiple slightly soft masses,palpable as one or multiple slightly soft masses,symptom,4,4,0,1,6
weakened or disappeared pulsation of the ulnar or radial artery,weakened or disappeared pulsation of the ulnar or radial artery,symptom,4,4,0,1,6
cold sensation in the fingers,cold sensation in the fingers,symptom,4,4,0,1,6
hives,hives,symptom,32,32,7,0.756048,375
normal near vision,normal near vision,symptom,2,2,6,1,1
irregular abdominal pain duration,irregular abdominal pain duration,symptom,1,1,4,0,0
laxity of sinews,laxity of sinews,symptom,10,10,0,1,45
channels,channels,symptom,10,10,0,1,45
a mass in the lower left abdomen,a mass in the lower left abdomen,symptom,12,15,7,0.787879,52
waddling gait,waddling gait,symptom,20,20,0,0.410526,78
one or more skin-colored nodules,one or more skin-colored nodules,symptom,0,0,43,0,0
blood in urine,blood in urine,symptom,29,34,4,0.679803,276
pseudocyesis,pseudocyesis,symptom,4,4,7,1,6
genital erythema,genital erythema,symptom,4,4,7,1,6
acute kidney failure,acute kidney failure,symptom,65,77,4,0.384135,799
gastrointestinal well-being,gastrointestinal well-being,symptom,14,14,7,1,91
lesions commonly found on the labia majora,lesions commonly found on the labia majora,symptom,6,6,3,1,15
aversion to heat,aversion to heat,symptom,23,23,0,0.84585,214
subcutaneous tissue scleroma,subcutaneous tissue scleroma,symptom,3,3,3,1,3
marasmus,marasmus,symptom,12,12,7,1,66
skeletal appearance,skeletal appearance,symptom,12,12,7,1,66
linear fracture,linear fracture,symptom,8,8,1,1,28
greenstick fracture,greenstick fracture,symptom,8,8,1,1,28
cranial discontinuity,cranial discontinuity,symptom,8,8,1,1,28
loss of sucking reflex,loss of sucking reflex,symptom,53,58,2,0.736575,1015
hip soreness,hip soreness,symptom,3,3,0,1,3
map-like bone defects,map-like bone defects,symptom,6,6,3,1,15
koilonychia,koilonychia,symptom,30,30,4,0.471264,205
fragile x syndrome,fragile x syndrome,symptom,25,25,2,0.69,207
electrolyte imbalances,electrolyte imbalances,symptom,9,9,1,1,36
depressed scars,depressed scars,symptom,17,18,3,0.625,85
scar formation,scar formation,symptom,28,28,3,0.365079,138
wound scarring,wound scarring,symptom,12,12,3,1,66
webbed scars,webbed scars,symptom,12,12,3,1,66
scar-prone skin,scar-prone skin,symptom,12,12,3,1,66
giant scars,giant scars,symptom,12,12,3,1,66
scar shriveling,scar shriveling,symptom,12,12,3,1,66
contracture scars,contracture scars,symptom,43,45,3,0.364341,329
concave scars,concave scars,symptom,12,12,3,1,66
scar hyperplasia,scar hyperplasia,symptom,12,12,3,1,66
oral lesions,oral lesions,symptom,10,10,3,1,45
irregular shapes,irregular shapes,symptom,13,14,3,0.692308,54
indistinct borders,indistinct borders,symptom,31,31,3,0.483871,225
localized infection,localized infection,symptom,6,6,7,1,15
symmetrical paralysis,symmetrical paralysis,symptom,17,17,7,0.669118,91
diminished or lost pain,diminished or lost pain,symptom,19,21,2,0.567251,97
sensory perception,sensory perception,symptom,5,5,2,1,10
decreasing range of flexion,decreasing range of flexion,symptom,4,4,0,1,6
extension activities,extension activities,symptom,4,4,0,1,6
increasingly apparent pain,increasingly apparent pain,symptom,4,4,0,1,6
asthma attack after intense exercise,asthma attack after intense exercise,symptom,4,4,1,1,6
forced posture,forced posture,symptom,11,12,0,0.781818,43
swollen temporal arteries,swollen temporal arteries,symptom,11,11,2,1,55
crepitation,crepitation,symptom,24,27,1,0.913043,252
sudden onset of colic,sudden onset of colic,symptom,19,20,4,0.71345,122
right flank,right flank,symptom,8,8,7,1,28
liver palpation,liver palpation,symptom,3,3,7,1,3
acral enlargement,acral enlargement,symptom,25,25,3,0.58,174
in 3-10 years after infection,in 3-10 years after infection,symptom,7,7,0,1,21
complex symptoms in skin,complex symptoms in skin,symptom,7,7,0,1,21
various internal organs,various internal organs,symptom,7,7,0,1,21
easy fright,easy fright,symptom,10,10,2,1,45
once the eardrum perforates,once the eardrum perforates,symptom,9,9,0,1,36
pus can be seen flowing from the ear,pus can be seen flowing from the ear,symptom,9,9,0,1,36
at which point the swelling symptoms tend to diminish,at which point the swelling symptoms tend to diminish,symptom,9,9,0,1,36
cessation of breath,cessation of breath,symptom,2,2,0,1,1
a series of diseases caused by insufficient iodine intake,a series of diseases caused by insufficient iodine intake,symptom,6,6,4,1,15
endemic cretinism,endemic cretinism,symptom,6,6,4,1,15
mild distention pain,mild distention pain,symptom,5,5,6,1,10
cubital tunnel syndrome,cubital tunnel syndrome,symptom,2,2,0,1,1
breath may have a ketotic odor similar to that of rotten apples,breath may have a ketotic odor similar to that of rotten apples,symptom,11,11,2,1,55
normal pregnant women can undergo perinatal care from the beginning of pregnancy until before delivery,normal pregnant women can undergo perinatal care from the beginning of pregnancy until before delivery,symptom,0,0,44,0,0
staring blankly,staring blankly,symptom,2,2,2,1,1
short yellowish or reddish urine,short yellowish or reddish urine,symptom,19,21,7,0.783626,134
or nausea,or nausea,symptom,24,30,2,0.67029,185
quadrantanopia,quadrantanopia,symptom,10,10,2,1,45
gonadal failure,gonadal failure,symptom,3,3,2,1,3
loss of skin plumpness,loss of skin plumpness,symptom,19,19,7,0.795322,136
plaques of pregnancy (puppp),plaques of pregnancy (puppp),symptom,3,3,3,1,3
boils,boils,symptom,4,4,3,1,6
follicular squamous keratinization,follicular squamous keratinization,symptom,4,4,3,1,6
follicular keratosis,follicular keratosis,symptom,4,4,3,1,6
congested throat,congested throat,symptom,19,20,4,0.74269,127
abnormal pupil dilation,abnormal pupil dilation,symptom,40,41,6,0.598718,467
tiny granules on the fingernails,tiny granules on the fingernails,symptom,11,11,4,1,55
abnormal sexual life,abnormal sexual life,symptom,7,7,4,0.571429,12
prolonged erection in males,prolonged erection in males,symptom,4,4,4,1,6
frequent sexual activity,frequent sexual activity,symptom,4,4,4,1,6
excess endocrine hormones,excess endocrine hormones,symptom,2,2,3,1,1
adhesive feeling,adhesive feeling,symptom,2,2,0,1,1
extended periods of internet use,extended periods of internet use,symptom,9,9,2,1,36
reduced stress function,reduced stress function,symptom,2,2,2,1,1
a feeling of heaviness in the scrotum,a feeling of heaviness in the scrotum,symptom,13,13,4,0.333333,26
enlargement of a testicle,enlargement of a testicle,symptom,3,3,0,1,3
a sudden increase in fluid in the scrotum,a sudden increase in fluid in the scrotum,symptom,3,3,0,1,3
prolonged negative emotions,prolonged negative emotions,symptom,2,2,2,1,1
scanning speech,scanning speech,symptom,11,11,6,1,55
distended neck veins,distended neck veins,symptom,34,40,1,0.729055,409
cold h,cold h,symptom,73,97,7,0.479833,1261
weak spleen,weak spleen,symptom,7,7,7,1,21
visual fatigue,visual fatigue,symptom,7,7,6,0.619048,13
infantile beriberi,infantile beriberi,symptom,16,17,7,0.791667,95
the intensity of itch varies,the intensity of itch varies,symptom,20,20,3,1,190
often episodically worsening,often episodically worsening,symptom,20,20,3,1,190
related to factors such as emotions,related to factors such as emotions,symptom,20,20,3,1,190
climate,climate,symptom,20,20,3,1,190
formation of ulcerative lesions,formation of ulcerative lesions,symptom,13,13,3,1,78
herpetic whitlow on the lips,herpetic whitlow on the lips,symptom,13,13,3,1,78
reduced concentration,reduced concentration,symptom,20,20,2,1,190
long-term bowing,long-term bowing,symptom,7,7,0,1,21
history of poor cervical posture,history of poor cervical posture,symptom,7,7,0,1,21
crackling sound during movement,crackling sound during movement,symptom,7,7,0,1,21
cold or fatigue,cold or fatigue,symptom,7,7,0,1,21
cyclical fever accompanying menstruation,cyclical fever accompanying menstruation,symptom,0,0,45,0,0
pupil asymmetry,pupil asymmetry,symptom,7,7,6,1,21
one-sided facial sweating,one-sided facial sweating,symptom,7,7,6,1,21
low sperm motility,low sperm motility,symptom,13,13,7,1,78
poor gonadal development,poor gonadal development,symptom,9,9,4,1,36
capillary hemangiomas,capillary hemangiomas,symptom,3,3,7,1,3
cavernous hemangiomas,cavernous hemangiomas,symptom,3,3,7,1,3
pessimistic,pessimistic,symptom,3,3,7,1,3
disillusioned about the future,disillusioned about the future,symptom,3,3,7,1,3
poor social skills,poor social skills,symptom,8,8,7,0.571429,16
nostrils flared or tilted forward,nostrils flared or tilted forward,symptom,20,20,1,1,190
no passage of stools,no passage of stools,symptom,7,7,4,1,21
mucus in the stools,mucus in the stools,symptom,7,7,4,1,21
air leakage during cheek puffing,air leakage during cheek puffing,symptom,12,12,9,1,66
hyperacusis,hyperacusis,symptom,19,19,2,0.567251,97
postauricular pain,postauricular pain,symptom,12,12,9,1,66
intra-abdominal infection,intra-abdominal infection,symptom,16,16,7,1,120
septic fever,septic fever,symptom,43,48,7,0.660022,596
inability to move the eye upward,inability to move the eye upward,symptom,3,3,6,1,3
pain in one side of the cheek,pain in one side of the cheek,symptom,9,9,0,0.583333,21
infraorbital area,infraorbital area,symptom,38,38,7,0.758179,533
limb ischemia,limb ischemia,symptom,10,10,2,1,45
colorless surface,colorless surface,symptom,3,3,3,1,3
presenting as small verrucous,presenting as small verrucous,symptom,3,3,3,1,3
transparent vesicular wall,transparent vesicular wall,symptom,3,3,3,1,3
lupoid appearance,lupoid appearance,symptom,9,9,6,1,36
respiratory depression,respiratory depression,symptom,32,49,2,0.731855,363
pale or purplish red toes,pale or purplish red toes,symptom,15,15,7,1,105
a preference for drinking,a preference for drinking,symptom,35,40,7,0.611765,364
fistulas,fistulas,symptom,4,4,0,1,6
/or lower limbs,/or lower limbs,symptom,4,4,4,1,6
enlarged cardiac silhouette,enlarged cardiac silhouette,symptom,4,4,4,1,6
eye discharge,eye discharge,symptom,4,6,6,1,6
conjunctival redness,conjunctival redness,symptom,10,20,6,0.644444,29
scarlet fever-like rash,scarlet fever-like rash,symptom,11,11,3,1,55
injured tooth becomes loose,injured tooth becomes loose,symptom,5,5,0,1,10
wound redness,wound redness,symptom,3,3,0,1,3
there is a notable soreness,there is a notable soreness,symptom,4,4,0,1,6
swaying gait,swaying gait,symptom,11,11,2,1,55
impairment of vibration,impairment of vibration,symptom,11,11,2,1,55
position sense in the lower limbs,position sense in the lower limbs,symptom,11,11,2,1,55
gonadal dysgenesis,gonadal dysgenesis,symptom,6,6,0,1,15
slow enlargement in the scapular,slow enlargement in the scapular,symptom,4,4,0,1,6
or thigh areas,or thigh areas,symptom,4,4,0,1,6
bilateral pulmonary vesicular sounds,bilateral pulmonary vesicular sounds,symptom,11,11,1,1,55
bladder tuberculosis,bladder tuberculosis,symptom,4,4,4,1,6
circular or irregular shape,circular or irregular shape,symptom,9,9,3,0.5,18
scales of red,scales of red,symptom,6,6,3,1,15
dark red patches,dark red patches,symptom,26,26,2,0.430769,140
hymenal rupture,hymenal rupture,symptom,1,1,46,0,0
damage to the hymen,damage to the hymen,symptom,1,1,46,0,0
poor gastric intake,poor gastric intake,symptom,13,13,7,0.871795,68
aggressiveness,aggressiveness,symptom,2,2,2,1,1
selective mutism,selective mutism,symptom,6,6,2,1,15
pause in breathing,pause in breathing,symptom,2,2,1,1,1
partial blindness,partial blindness,symptom,13,13,2,1,78
skin presenting,skin presenting,symptom,21,21,7,0.728571,153
dense petechiae,dense petechiae,symptom,17,17,7,1,136
reduced nasal secretion,reduced nasal secretion,symptom,2,2,3,1,1
atypical ichthyosis,atypical ichthyosis,symptom,17,17,3,1,136
fluid retention,fluid retention,symptom,7,7,1,1,21
encephalitis-like changes,encephalitis-like changes,symptom,9,9,7,1,36
visual deficits,visual deficits,symptom,9,9,2,1,36
bitemporal hemianopsia,bitemporal hemianopsia,symptom,9,9,2,1,36
the tumor is prone to occur in the scapular region,the tumor is prone to occur in the scapular region,symptom,6,6,3,1,15
enlarging slowly,enlarging slowly,symptom,11,11,3,0.6,33
the pain is not obvious; it becomes lighter,the pain is not obvious; it becomes lighter,symptom,9,9,0,1,36
exertion. when it progresses to full joint tuberculosis,exertion. when it progresses to full joint tuberculosis,symptom,9,9,0,1,36
the pain is intense. in the late stage,the pain is intense. in the late stage,symptom,9,9,0,1,36
the pain may decrease or disappear,the pain may decrease or disappear,symptom,9,9,0,1,36
neurotrophic disturbances,neurotrophic disturbances,symptom,14,14,2,1,91
upper limb numbness,upper limb numbness,symptom,6,6,0,1,15
wide-spaced eyes,wide-spaced eyes,symptom,9,9,2,1,36
psychomotor retardation,psychomotor retardation,symptom,15,15,2,0.542857,57
cerebral malformation,cerebral malformation,symptom,9,9,2,1,36
reduced neonatal response,reduced neonatal response,symptom,9,9,1,1,36
phosphaturia,phosphaturia,symptom,20,22,7,0.757895,144
renal calcification,renal calcification,symptom,19,19,2,0.578947,99
separation of bone seams,separation of bone seams,symptom,5,5,0,1,10
left shift of bone marrow,left shift of bone marrow,symptom,11,11,4,1,55
tubular urine,tubular urine,symptom,11,11,4,1,55
erythema around the fingertips,erythema around the fingertips,symptom,6,6,3,1,15
a purple hue,a purple hue,symptom,6,6,3,1,15
positional exophthalmos,positional exophthalmos,symptom,2,2,6,1,1
decline in visual acuity,decline in visual acuity,symptom,3,3,6,0.333333,1
intercostal pain,intercostal pain,symptom,11,11,7,1,55
bizarre walking patterns,bizarre walking patterns,symptom,11,11,2,1,55
talar necrosis,talar necrosis,symptom,6,6,0,1,15
lower abdominal dropping pain,lower abdominal dropping pain,symptom,21,21,4,0.552381,116
lower abdominal sagging,lower abdominal sagging,symptom,6,6,4,1,15
scapular winging,scapular winging,symptom,4,4,2,1,6
facial weakness in blowing,facial weakness in blowing,symptom,4,4,2,1,6
dark shadows before one eye,dark shadows before one eye,symptom,7,7,6,1,21
weariness,weariness,symptom,6,6,2,1,15
preference for cold drinks,preference for cold drinks,symptom,10,10,7,1,45
bullous or large blister lesions,bullous or large blister lesions,symptom,5,5,3,1,10
sensation of pharyngeal obstruction,sensation of pharyngeal obstruction,symptom,5,5,3,1,10
tonsillitis,tonsillitis,symptom,25,27,7,0.63,189
unilateral pharyngeal pain,unilateral pharyngeal pain,symptom,9,10,2,0.611111,22
increased breathing rate,increased breathing rate,symptom,19,19,1,1,171
motor disorder,motor disorder,symptom,23,23,2,0.687747,174
semicircular elevation of the hard palate,semicircular elevation of the hard palate,symptom,28,28,3,0.661376,250
dorsum of the tongue,dorsum of the tongue,symptom,20,20,3,1,190
fatal umbilical bleeding,fatal umbilical bleeding,symptom,12,12,7,0.848485,56
decreased breath sounds,decreased breath sounds,symptom,7,7,1,1,21
foot odor,foot odor,symptom,5,5,3,1,10
mixed bacterial infection,mixed bacterial infection,symptom,5,5,3,1,10
numbness of fingertips,numbness of fingertips,symptom,2,2,2,1,1
localized ulcer burning pain,localized ulcer burning pain,symptom,12,12,3,0.606061,40
free gas in the lower abdomen,free gas in the lower abdomen,symptom,2,2,4,1,1
smiling expressions,smiling expressions,symptom,3,3,2,1,3
speech impairments,speech impairments,symptom,3,3,2,1,3
hemolytic phenomena,hemolytic phenomena,symptom,17,17,1,1,136
an inability to recall the seizure episode,an inability to recall the seizure episode,symptom,16,16,2,1,120
decrease in cognitive abilities,decrease in cognitive abilities,symptom,11,11,2,1,55
both canthi are red,both canthi are red,symptom,9,9,6,1,36
rogenemia,rogenemia,symptom,9,9,4,1,36
ovarian hirsutism,ovarian hirsutism,symptom,9,9,4,1,36
rogens,rogens,symptom,41,48,4,0.382927,314
carpal tunnel syndrome,carpal tunnel syndrome,symptom,39,42,3,0.477733,354
copious purulent nasal discharge,copious purulent nasal discharge,symptom,27,28,6,0.532764,187
skin keratinization,skin keratinization,symptom,2,2,3,1,1
persistent red skin scars,persistent red skin scars,symptom,2,2,3,1,1
wart-like proliferation,wart-like proliferation,symptom,6,6,3,0.466667,7
migratory necrolytic erythema,migratory necrolytic erythema,symptom,6,6,7,1,15
partial or total penile loss due to animal bites,partial or total penile loss due to animal bites,symptom,4,4,0,1,6
or trauma such as gunshot wounds,or trauma such as gunshot wounds,symptom,4,4,0,1,6
lacerations,lacerations,symptom,8,8,0,0.428571,12
blast injuries,blast injuries,symptom,4,4,0,1,6
avulsions,avulsions,symptom,4,4,0,1,6
history of flame burn or scalding by hot liquids,history of flame burn or scalding by hot liquids,symptom,3,3,6,1,3
papillary hypertrophy,papillary hypertrophy,symptom,3,3,6,1,3
scalp necrosis,scalp necrosis,symptom,3,3,4,1,3
trigonocephaly,trigonocephaly,symptom,11,11,2,0.581818,32
darker coloration,darker coloration,symptom,2,2,0,1,1
expansive liver pulsation,expansive liver pulsation,symptom,8,8,1,1,28
scrotal contents into the lower abdomen in men,scrotal contents into the lower abdomen in men,symptom,5,5,1,1,10
vaginal retraction in women,vaginal retraction in women,symptom,5,5,1,1,10
scanty menstrual flow,scanty menstrual flow,symptom,4,4,4,1,6
papulovesicular rash,papulovesicular rash,symptom,10,10,7,0.688889,31
typical beaten-silver appearance in the posterior central cornea,typical beaten-silver appearance in the posterior central cornea,symptom,3,3,2,1,3
corneal guttata,corneal guttata,symptom,3,3,2,1,3
bones are lax,bones are lax,symptom,3,3,2,1,3
unable to support the body,unable to support the body,symptom,3,3,2,1,3
visible nodules,visible nodules,symptom,2,2,7,1,1
abdominal pain initially presents as dull pain,abdominal pain initially presents as dull pain,symptom,9,9,7,1,36
abdominal muscular rigidity,abdominal muscular rigidity,symptom,6,6,7,1,15
histiocytosis,histiocytosis,symptom,9,9,1,1,36
the skin appears normal or slightly reddened,the skin appears normal or slightly reddened,symptom,3,3,3,1,3
dilated capillaries,dilated capillaries,symptom,8,8,3,0.357143,10
may ulcerate into a cauliflower-like formation,may ulcerate into a cauliflower-like formation,symptom,3,3,3,1,3
chin augmentation refers to the placement of an implant that resembles the chin between the bone,chin augmentation refers to the placement of an implant that resembles the chin between the bone,symptom,3,3,47,1,3
soft tissue of the chin area. the elasticity of the soft tissue in this area allows for the expansion of an originally flat,soft tissue of the chin area. the elasticity of the soft tissue in this area allows for the expansion of an originally flat,symptom,3,3,47,1,3
chin-less shape,chin-less shape,symptom,3,3,47,1,3
achieving a completely artificial chin that looks natural,achieving a completely artificial chin that looks natural,symptom,3,3,47,1,3
partial loss of speech function,partial loss of speech function,symptom,43,45,2,0.475083,429
synovial inflammation,synovial inflammation,symptom,11,11,0,1,55
abnormal vocalization,abnormal vocalization,symptom,3,3,8,1,3
retroperitoneal fibrosis,retroperitoneal fibrosis,symptom,17,23,7,0.713235,97
occipital region,occipital region,symptom,32,33,0,0.610887,303
nasal pruritus,nasal pruritus,symptom,25,25,1,0.73,219
sunlight-induced skin allergies,sunlight-induced skin allergies,symptom,11,11,3,1,55
special constitution,special constitution,symptom,11,11,3,1,55
itchy scratch marks,itchy scratch marks,symptom,11,11,3,1,55
vision reduction to mere light perception or complete loss,vision reduction to mere light perception or complete loss,symptom,3,3,6,1,3
slow suckling,slow suckling,symptom,8,8,2,1,28
ibular retrusion,ibular retrusion,symptom,6,6,3,0.466667,7
swelling behind the ear,swelling behind the ear,symptom,1,1,2,0,0
muscular asthenia,muscular asthenia,symptom,14,14,2,0.648352,59
adrenal crisis,adrenal crisis,symptom,12,12,7,1,66
or dark red gingivae,or dark red gingivae,symptom,5,5,9,1,10
chronic ulceration,chronic ulceration,symptom,8,8,3,1,28
discomfort while sitting or st,discomfort while sitting or st,symptom,15,15,3,0.666667,70
anal papilla hypertrophy,anal papilla hypertrophy,symptom,7,7,7,1,21
bright red blood per rectum,bright red blood per rectum,symptom,7,7,7,1,21
erythema on the glans penis,erythema on the glans penis,symptom,20,20,3,1,190
megacystis,megacystis,symptom,3,3,7,1,3
dilatation of the small intestine,dilatation of the small intestine,symptom,3,3,7,1,3
decreased peristalsis,decreased peristalsis,symptom,3,3,7,1,3
prolapsed hemorrhoidal nodules,prolapsed hemorrhoidal nodules,symptom,13,16,3,0.75641,59
hemorrhoidal nucleus,hemorrhoidal nucleus,symptom,10,10,7,1,45
hemorrhoidal bleeding,hemorrhoidal bleeding,symptom,23,23,7,0.632411,160
osteomalacia,osteomalacia,symptom,32,34,0,0.604839,300
swelling or effusion,swelling or effusion,symptom,5,5,3,1,10
symmetrical arthritis,symmetrical arthritis,symptom,12,13,0,0.712121,47
vitamin deficiency,vitamin deficiency,symptom,72,80,6,0.3259,833
neck mass protruding the skin,neck mass protruding the skin,symptom,12,12,3,1,66
painless on touch,painless on touch,symptom,12,12,3,1,66
edges often indistinct,edges often indistinct,symptom,12,12,3,1,66
thermal pain,thermal pain,symptom,7,7,7,1,21
presence of milky white,presence of milky white,symptom,6,6,2,1,15
slightly raised patches on the oral mucosa,slightly raised patches on the oral mucosa,symptom,6,6,2,1,15
thickening of the ligamentum flavum,thickening of the ligamentum flavum,symptom,3,3,2,1,3
premature closure of epiphyses,premature closure of epiphyses,symptom,3,3,2,1,3
involuntary forward tilting of the head,involuntary forward tilting of the head,symptom,6,6,0,1,15
grayish-white spots on the cornea,grayish-white spots on the cornea,symptom,4,4,6,1,6
nutritional metabolic deficiency,nutritional metabolic deficiency,symptom,11,11,7,1,55
clumsiness,clumsiness,symptom,9,9,2,1,36
slowed or halted breathing,slowed or halted breathing,symptom,9,9,2,1,36
slowed heart rate,slowed heart rate,symptom,40,42,1,0.570513,445
increased aldosterone secretion,increased aldosterone secretion,symptom,12,12,7,1,66
hyperpnea,hyperpnea,symptom,12,12,1,1,66
nasal chondritis; migratory,nasal chondritis; migratory,symptom,17,17,0,1,136
non-deforming arthritis,non-deforming arthritis,symptom,17,17,0,1,136
pregnant women commonly feel a round,pregnant women commonly feel a round,symptom,7,7,4,1,21
it often leads to weak uterine contractions,it often leads to weak uterine contractions,symptom,7,7,4,1,21
prolonging the labor process,prolonging the labor process,symptom,7,7,4,1,21
stalled labor progress,stalled labor progress,symptom,7,7,4,1,21
umbilical cord prolapse,umbilical cord prolapse,symptom,7,7,4,1,21
endocrine insufficiency,endocrine insufficiency,symptom,10,10,7,1,45
delayed excretion of bromsulphthalein,delayed excretion of bromsulphthalein,symptom,10,10,7,1,45
roundworm intestinal obstruction,roundworm intestinal obstruction,symptom,15,15,7,1,105
dyschezia,dyschezia,symptom,15,15,7,1,105
cessation of flatus,cessation of flatus,symptom,32,51,7,0.540323,268
stricture of rectum,stricture of rectum,symptom,15,15,7,1,105
atrioventricular dissociation,atrioventricular dissociation,symptom,21,24,1,0.82381,173
loss of atrial kick,loss of atrial kick,symptom,10,10,1,1,45
decreased cardiac output,decreased cardiac output,symptom,20,22,1,0.768421,146
unwillingness to leave parents,unwillingness to leave parents,symptom,20,20,0,0.594737,113
declining grades,declining grades,symptom,10,10,1,1,45
fever due to infection,fever due to infection,symptom,4,4,7,1,6
slow heartbeat,slow heartbeat,symptom,12,13,2,0.681818,45
loss of reflexes,loss of reflexes,symptom,19,21,2,0.461988,79
common symptoms of hypochondriasis include obsessive-compulsive symptoms or hypochondriacal ideas,common symptoms of hypochondriasis include obsessive-compulsive symptoms or hypochondriacal ideas,symptom,3,3,2,1,3
body dysmorphic disorder,body dysmorphic disorder,symptom,3,3,2,1,3
intra-articular hematoma,intra-articular hematoma,symptom,3,3,0,1,3
involuntary forceful,involuntary forceful,symptom,3,3,2,1,3
semicircular fingernails,semicircular fingernails,symptom,12,12,4,1,66
renal artery thinning or blockage,renal artery thinning or blockage,symptom,12,12,4,1,66
affected children often present,affected children often present,symptom,13,13,2,1,78
yellowish hair,yellowish hair,symptom,13,13,2,1,78
spleen),spleen),symptom,13,13,2,1,78
delayed intellectual,delayed intellectual,symptom,13,13,2,1,78
esophageal burning sensation,esophageal burning sensation,symptom,14,14,7,1,91
pulmonary masses,pulmonary masses,symptom,7,7,7,1,21
ibulolingual groove region on one or both sides,ibulolingual groove region on one or both sides,symptom,5,5,0,1,10
myopathic gait,myopathic gait,symptom,1,1,1,0,0
perinatal cardiomyopathy,perinatal cardiomyopathy,symptom,12,12,1,0.833333,55
easy startling,easy startling,symptom,14,14,1,1,91
delayed eruption of milk teeth,delayed eruption of milk teeth,symptom,14,14,1,1,91
characteristic deformities such as square skulls,characteristic deformities such as square skulls,symptom,14,14,1,1,91
multiple firm dermal,multiple firm dermal,symptom,8,8,3,1,28
appearing at birth or shortly thereafter,appearing at birth or shortly thereafter,symptom,8,8,3,1,28
out taste,out taste,symptom,9,9,7,1,36
feeling of heaviness in the head as if wrapped,feeling of heaviness in the head as if wrapped,symptom,9,9,7,1,36
limbs feeling heavy,limbs feeling heavy,symptom,13,13,7,0.679487,53
spasmodic attacks,spasmodic attacks,symptom,24,24,2,1,276
or walk,or walk,symptom,30,31,2,0.744828,324
protrusion behind the knee,protrusion behind the knee,symptom,4,4,0,1,6
feeling of tightness,feeling of tightness,symptom,9,9,0,0.611111,22
difficulty ejaculating,difficulty ejaculating,symptom,5,5,4,1,10
pain in the seminal tract,pain in the seminal tract,symptom,5,5,4,1,10
enlarged ovaries up to 5cm in diameter,enlarged ovaries up to 5cm in diameter,symptom,8,8,7,1,28
pale sticky skin,pale sticky skin,symptom,7,7,3,1,21
dull skin,dull skin,symptom,7,7,3,1,21
purulent fluid on aspiration,purulent fluid on aspiration,symptom,5,5,0,1,10
change in stool characteristics,change in stool characteristics,symptom,24,24,7,1,276
sunken eye sockets,sunken eye sockets,symptom,26,27,7,0.910769,296
soreness in the lumbar,soreness in the lumbar,symptom,10,11,0,0.688889,31
leg regions,leg regions,symptom,3,3,0,1,3
asymmetrical limb swelling,asymmetrical limb swelling,symptom,1,1,2,0,0
babinski's sign positive,babinski's sign positive,symptom,5,5,2,1,10
numerous tender points,numerous tender points,symptom,8,8,0,1,28
periarticular swelling,periarticular swelling,symptom,8,8,0,1,28
swelling near the anus,swelling near the anus,symptom,11,11,0,0.636364,35
significant redness,significant redness,symptom,7,7,0,1,21
decreased esophageal motility,decreased esophageal motility,symptom,18,18,8,1,153
esophageal wall fibrosis,esophageal wall fibrosis,symptom,18,18,8,1,153
inefficient uterine contractions,inefficient uterine contractions,symptom,8,8,4,1,28
abnormality in the bony birth canal,abnormality in the bony birth canal,symptom,8,8,4,1,28
obstruction in fetal expulsion,obstruction in fetal expulsion,symptom,8,8,4,1,28
pigmentary retinitis,pigmentary retinitis,symptom,12,12,0,0.606061,40
each side has both testes,each side has both testes,symptom,3,3,4,1,3
both left,both left,symptom,3,3,4,1,3
right sides having both testes,right sides having both testes,symptom,3,3,4,1,3
phlegm-damp constitution,phlegm-damp constitution,symptom,11,11,9,1,55
a desire to drink cold liquids,a desire to drink cold liquids,symptom,11,11,9,1,55
internal accumulation of damp-heat,internal accumulation of damp-heat,symptom,11,11,9,1,55
perforation of the palate,perforation of the palate,symptom,11,11,6,1,55
feeling of unblown nasal discharge,feeling of unblown nasal discharge,symptom,11,11,6,1,55
narrowing of the nasopharyngeal cavity,narrowing of the nasopharyngeal cavity,symptom,11,11,6,1,55
dry heat,dry heat,symptom,7,7,0,1,21
closed sweat phenomenon,closed sweat phenomenon,symptom,7,7,0,1,21
lens swelling,lens swelling,symptom,3,3,7,1,3
pinhead-sized red petechiae,pinhead-sized red petechiae,symptom,6,6,3,1,15
variable number of rashes,variable number of rashes,symptom,6,6,3,1,15
verrucous cutaneous tuberculosis,verrucous cutaneous tuberculosis,symptom,2,2,4,1,1
reddish-brown papular nodules,reddish-brown papular nodules,symptom,2,2,4,1,1
rages,rages,symptom,6,6,7,1,15
erythema behind the ear,erythema behind the ear,symptom,10,10,3,1,45
skin fissures,skin fissures,symptom,10,10,3,1,45
segmental atrophy of the iris,segmental atrophy of the iris,symptom,9,9,6,1,36
liquefied wound surfaces,liquefied wound surfaces,symptom,8,8,7,1,28
deficits in judgment,deficits in judgment,symptom,5,5,2,1,10
calculation,calculation,symptom,37,37,2,0.463964,309
as well as emotional,as well as emotional,symptom,5,5,2,1,10
perceptual,perceptual,symptom,5,5,2,1,10
personality disorders,personality disorders,symptom,5,5,2,1,10
neonatal abdominal distension,neonatal abdominal distension,symptom,13,13,7,1,78
iris anomalies,iris anomalies,symptom,3,3,6,1,3
optic nerve abnormalities,optic nerve abnormalities,symptom,3,3,6,1,3
lens defects,lens defects,symptom,3,3,6,1,3
presence of cherry-red polypoid mass in the navel cavity,presence of cherry-red polypoid mass in the navel cavity,symptom,3,3,3,1,3
which may communicate,which may communicate,symptom,3,3,3,1,3
an underlying sinus tract or cyst,an underlying sinus tract or cyst,symptom,3,3,3,1,3
hiccupping,hiccupping,symptom,10,10,7,0.777778,35
seborrheic dermatitis,seborrheic dermatitis,symptom,5,5,6,1,10
phlegm or blood,phlegm or blood,symptom,9,9,7,1,36
the lips may become thickened,the lips may become thickened,symptom,11,11,3,1,55
infiltrated,infiltrated,symptom,21,21,3,0.47619,100
or fissured,or fissured,symptom,11,11,3,1,55
impaired urination,impaired urination,symptom,7,7,4,1,21
urolithiasis,urolithiasis,symptom,21,21,4,0.471429,99
numbness in the distribution areas of the first,numbness in the distribution areas of the first,symptom,11,11,2,1,55
second branches of the trigeminal nerve,second branches of the trigeminal nerve,symptom,11,11,2,1,55
numbness in the trigeminal nerve distribution area,numbness in the trigeminal nerve distribution area,symptom,11,11,2,1,55
absence of heart sounds,absence of heart sounds,symptom,3,3,1,1,3
scanty urination,scanty urination,symptom,7,7,4,1,21
ichthyosis lamellaris,ichthyosis lamellaris,symptom,8,8,3,1,28
semiflexion of the upper limbs,semiflexion of the upper limbs,symptom,8,8,3,1,28
changes in fetal heart rate,changes in fetal heart rate,symptom,12,12,2,1,66
changes in fetal movement,changes in fetal movement,symptom,12,12,2,1,66
meconium in amniotic fluid,meconium in amniotic fluid,symptom,12,12,2,1,66
excessive fetal movements,excessive fetal movements,symptom,12,12,2,1,66
meconium contamination,meconium contamination,symptom,12,12,2,1,66
placental implantation,placental implantation,symptom,12,12,2,1,66
placental aging,placental aging,symptom,12,12,2,1,66
hyperactive bowel sounds,hyperactive bowel sounds,symptom,26,29,7,0.830769,270
which may become eroded,which may become eroded,symptom,10,10,3,1,45
reproductive tract damage,reproductive tract damage,symptom,2,2,4,1,1
reproductive tract inflammation,reproductive tract inflammation,symptom,2,2,4,1,1
genital itching,genital itching,symptom,6,6,7,1,15
upper chest congestion,upper chest congestion,symptom,9,9,1,1,36
a pale green tinge,a pale green tinge,symptom,9,9,1,1,36
port-wine stain capillary malformations,port-wine stain capillary malformations,symptom,3,3,7,1,3
overgrowth of soft,overgrowth of soft,symptom,3,3,7,1,3
bony tissues,bony tissues,symptom,3,3,7,1,3
lip eversion,lip eversion,symptom,5,5,3,0.7,7
increased bronchial secretions,increased bronchial secretions,symptom,9,9,1,1,36
crepitant rales,crepitant rales,symptom,9,9,1,1,36
all populations,all populations,symptom,3,3,6,1,3
potential for hematoma,potential for hematoma,symptom,2,2,7,1,1
joint bleeding,joint bleeding,symptom,6,6,7,0.6,9
'rotten peach' blood sputum,'rotten peach' blood sputum,symptom,30,30,7,1,435
an absence of ejaculation or significant delay in ejaculation in males,an absence of ejaculation or significant delay in ejaculation in males,symptom,3,3,4,1,3
generalized joint,generalized joint,symptom,8,8,7,1,28
throat swelling,throat swelling,symptom,18,19,1,0.738562,113
pain. cough,pain. cough,symptom,8,8,7,1,28
muscle spasm of the knee. patients dare not move their knee,muscle spasm of the knee. patients dare not move their knee,symptom,7,7,0,1,21
slight skin redness,slight skin redness,symptom,11,11,3,0.545455,30
exercising,exercising,symptom,14,14,7,1,91
intermittent or continuous,intermittent or continuous,symptom,6,6,4,1,15
palpable small round masses near the nipple,palpable small round masses near the nipple,symptom,6,6,4,1,15
extensor side of the forearm,extensor side of the forearm,symptom,9,9,3,1,36
earache,earache,symptom,11,17,2,0.636364,35
elevated alkaline phosphatase,elevated alkaline phosphatase,symptom,11,11,2,0.690909,38
inspiratory difficulty,inspiratory difficulty,symptom,15,16,1,0.666667,70
decline in hearing ability,decline in hearing ability,symptom,7,7,2,1,21
head relatively larger,head relatively larger,symptom,19,19,0,1,171
facial appearance resembles an 'old man',facial appearance resembles an 'old man',symptom,19,19,0,1,171
alert reactions,alert reactions,symptom,19,19,0,1,171
subcutaneous fat deficiency in limbs,subcutaneous fat deficiency in limbs,symptom,19,19,0,1,171
delayed menarche,delayed menarche,symptom,3,3,4,1,3
hyperphagia,hyperphagia,symptom,21,24,2,0.561905,118
excessive food intake,excessive food intake,symptom,5,5,2,1,10
sensation of obstruction when consuming hard food,sensation of obstruction when consuming hard food,symptom,1,1,8,0,0
sluggishness,sluggishness,symptom,7,7,2,1,21
gaze palsies,gaze palsies,symptom,7,7,2,1,21
some experience itching,some experience itching,symptom,10,10,0,1,45
especially at night,especially at night,symptom,10,10,0,1,45
herpetic-like crusted nodules,herpetic-like crusted nodules,symptom,3,3,48,1,3
local mucosal thickening,local mucosal thickening,symptom,3,3,48,1,3
volcanic ulcerations,volcanic ulcerations,symptom,3,3,48,1,3
cauliflower-like masses,cauliflower-like masses,symptom,3,3,48,1,3
clearly demarcated,clearly demarcated,symptom,2,2,3,1,1
copious amounts of bran-like scales,copious amounts of bran-like scales,symptom,6,6,3,0.466667,7
darkening of the lips,darkening of the lips,symptom,16,17,7,0.666667,80
slippery stools,slippery stools,symptom,9,9,7,1,36
prematurity,prematurity,symptom,10,10,7,1,45
chorioretinitis,chorioretinitis,symptom,10,10,7,1,45
brain calcifications,brain calcifications,symptom,10,10,7,1,45
feeling of light-headedness,feeling of light-headedness,symptom,3,3,6,1,3
air embolism,air embolism,symptom,11,11,1,1,55
sudden rise in body temperature,sudden rise in body temperature,symptom,4,4,2,1,6
blue rubbery blebs,blue rubbery blebs,symptom,3,3,7,1,3
hyperprolactinemia,hyperprolactinemia,symptom,18,18,4,1,153
oligomenorrhea,oligomenorrhea,symptom,18,18,4,1,153
estrogen deficiency,estrogen deficiency,symptom,28,29,4,0.584656,221
neurological involvement,neurological involvement,symptom,2,2,0,1,1
vascular involvement,vascular involvement,symptom,2,2,0,1,1
excessive worry about one's own,excessive worry about one's own,symptom,5,5,2,1,10
the baby's health,the baby's health,symptom,5,5,2,1,10
pigeon breast,pigeon breast,symptom,7,8,2,0.666667,14
after 42 weeks,after 42 weeks,symptom,16,16,3,0.508333,61
abnormal elevation of transaminases,abnormal elevation of transaminases,symptom,10,10,4,1,45
positive hepatitis b e antibody (anti-hbe),positive hepatitis b e antibody (anti-hbe),symptom,30,32,7,0.498851,217
hbsag-positive,hbsag-positive,symptom,10,10,4,1,45
whiteheads,whiteheads,symptom,7,7,3,1,21
tight iliotibial b,tight iliotibial b,symptom,6,6,0,1,15
displacement of the patella to the lateral side of the knee joint,displacement of the patella to the lateral side of the knee joint,symptom,11,11,0,0.509091,28
tibial plateau located anterior to the femur,tibial plateau located anterior to the femur,symptom,6,6,0,1,15
skin defect,skin defect,symptom,9,9,0,0.638889,23
petechial rash,petechial rash,symptom,12,12,7,0.863636,57
circumcorneal congestion,circumcorneal congestion,symptom,11,11,6,0.709091,39
corneal-limbal ring,corneal-limbal ring,symptom,3,3,6,1,3
delayed sensation,delayed sensation,symptom,15,15,2,0.866667,91
labial fusion,labial fusion,symptom,18,18,4,0.601307,92
short vagina,short vagina,symptom,6,6,4,1,15
out internal female genitalia,out internal female genitalia,symptom,6,6,4,1,15
absence of müllerian ducts,absence of müllerian ducts,symptom,6,6,4,1,15
red nose tip,red nose tip,symptom,13,13,7,1,78
enlargement of the affected fallopian tube,enlargement of the affected fallopian tube,symptom,8,8,4,1,28
spherical distal phalanges,spherical distal phalanges,symptom,5,5,3,1,10
discoid lupus,discoid lupus,symptom,7,7,7,1,21
which can radiate to the thigh,which can radiate to the thigh,symptom,4,4,0,1,6
a bony prominence is easily palpable locally,a bony prominence is easily palpable locally,symptom,8,8,0,0.464286,13
abnormal breast secretion,abnormal breast secretion,symptom,9,9,4,1,36
delayed development of the endometrium,delayed development of the endometrium,symptom,9,9,4,1,36
unilateral sweating of the face,unilateral sweating of the face,symptom,4,4,2,1,6
the other side remaining dry,the other side remaining dry,symptom,4,4,2,1,6
cervical spine fracture,cervical spine fracture,symptom,4,4,0,1,6
pruritus in the nose,pruritus in the nose,symptom,11,11,7,1,55
enlarged pulse pressure difference,enlarged pulse pressure difference,symptom,12,13,2,0.727273,48
prone to cardiovascular,prone to cardiovascular,symptom,5,5,2,1,10
cerebrovascular diseases,cerebrovascular diseases,symptom,14,14,2,0.637363,58
liver congestion,liver congestion,symptom,18,21,7,0.869281,133
increased bilirubin,increased bilirubin,symptom,12,12,7,1,66
transaminase levels in liver function tests,transaminase levels in liver function tests,symptom,12,12,7,1,66
palmar striate xanthomas,palmar striate xanthomas,symptom,3,3,1,1,3
nodular xanthomas,nodular xanthomas,symptom,6,6,1,0.4,6
triglyceride levels,triglyceride levels,symptom,3,3,1,1,3
'pseudo paralysis' of the shoulder girdle,'pseudo paralysis' of the shoulder girdle,symptom,17,17,2,1,136
blood-stained diapers or vaginal discharge,blood-stained diapers or vaginal discharge,symptom,18,18,0,0.640523,98
symptoms of acute pancreatitis improve,symptoms of acute pancreatitis improve,symptom,11,11,7,1,55
elevated serum amylase,elevated serum amylase,symptom,11,11,7,1,55
which can last for more than a week,which can last for more than a week,symptom,11,11,7,1,55
persistent wound leakage after umbilical cord separation,persistent wound leakage after umbilical cord separation,symptom,11,11,0,1,55
purulent accumulation in the umbilical pit,purulent accumulation in the umbilical pit,symptom,11,11,0,1,55
moist umbilical pit,moist umbilical pit,symptom,11,11,0,1,55
generalized migratory polycyclic,generalized migratory polycyclic,symptom,2,2,3,1,1
ring-shaped erythema,ring-shaped erythema,symptom,13,14,3,0.858974,67
proliferation of hepatic stellate cells,proliferation of hepatic stellate cells,symptom,24,24,7,0.65942,182
diffuse liver lesions,diffuse liver lesions,symptom,12,12,7,1,66
inflexible movements,inflexible movements,symptom,15,15,2,1,105
generalized skin dyschromia,generalized skin dyschromia,symptom,4,4,3,1,6
swollen tongue,swollen tongue,symptom,24,24,3,1,276
ketotic acidosis,ketotic acidosis,symptom,7,7,2,1,21
symmetric muscle weakness,symmetric muscle weakness,symptom,14,14,2,0.549451,50
located in the upper outer quadrant,located in the upper outer quadrant,symptom,3,3,0,1,3
including contraction of the tibialis anterior muscle of the lower leg,including contraction of the tibialis anterior muscle of the lower leg,symptom,5,5,9,1,10
rhythmic extension of the big toe,rhythmic extension of the big toe,symptom,5,5,9,1,10
history of chest trauma,history of chest trauma,symptom,9,10,1,0.583333,21
limited abduction of the thumb,limited abduction of the thumb,symptom,2,2,0,1,1
blue eardrum sign,blue eardrum sign,symptom,1,1,3,0,0
alexia,alexia,symptom,22,24,2,0.748918,173
increased nocturnal urination,increased nocturnal urination,symptom,31,31,4,0.522581,243
staggering gait,staggering gait,symptom,4,4,2,1,6
progressing in a 'z' shape deviation,progressing in a 'z' shape deviation,symptom,4,4,2,1,6
hyperacidity,hyperacidity,symptom,18,19,7,0.751634,115
gastric symptoms during medication,gastric symptoms during medication,symptom,12,12,7,1,66
plantar flexion,plantar flexion,symptom,8,8,0,1,28
difficulty in eversion,difficulty in eversion,symptom,8,8,0,1,28
sensory disturbances on the posterior side of the calf,sensory disturbances on the posterior side of the calf,symptom,8,8,0,1,28
osteolytic lesions,osteolytic lesions,symptom,11,11,3,0.636364,35
scalp injuries,scalp injuries,symptom,14,14,2,1,91
abnormal light reflex,abnormal light reflex,symptom,22,24,2,0.705628,163
abnormal motor,abnormal motor,symptom,14,14,2,1,91
legs straight or st,legs straight or st,symptom,2,2,0,1,1
brittleness,brittleness,symptom,38,38,3,0.59744,420
nail stratification,nail stratification,symptom,27,27,3,1,351
nail plate lifting,nail plate lifting,symptom,27,27,3,1,351
nail plate atrophy,nail plate atrophy,symptom,27,27,3,1,351
nail plate detachment,nail plate detachment,symptom,27,27,3,1,351
hook nail,hook nail,symptom,27,27,3,1,351
paronychia,paronychia,symptom,27,27,3,1,351
tightly closed jaws,tightly closed jaws,symptom,11,11,2,1,55
corneal perforation,corneal perforation,symptom,4,4,6,0.5,3
deepening,deepening,symptom,12,12,0,0.469697,31
skeletal muscle weakness,skeletal muscle weakness,symptom,1,1,49,0,0
abnormal fatigue,abnormal fatigue,symptom,1,1,49,0,0
light red-to-purple nodules,light red-to-purple nodules,symptom,4,4,3,1,6
a diameter of 2 to 3 cm,a diameter of 2 to 3 cm,symptom,4,4,3,1,6
fresh blood in stool,fresh blood in stool,symptom,14,16,7,0.912088,83
left ventricular outflow tract anomalies,left ventricular outflow tract anomalies,symptom,23,23,1,0.541502,137
carelessness,carelessness,symptom,6,6,2,1,15
bronchial hemorrhage,bronchial hemorrhage,symptom,30,30,7,1,435
unilateral weakness,unilateral weakness,symptom,13,13,2,1,78
inferior vena cava thrombosis,inferior vena cava thrombosis,symptom,19,20,1,0.754386,129
cyanotic skin discoloration,cyanotic skin discoloration,symptom,16,16,1,1,120
facial venous varicosity,facial venous varicosity,symptom,16,16,1,1,120
premature slothing or detachment of burn eschar,premature slothing or detachment of burn eschar,symptom,16,16,1,1,120
or insect bite-like changes,or insect bite-like changes,symptom,16,16,1,1,120
superficial streaky b,superficial streaky b,symptom,16,16,1,1,120
pain or drawing pain,pain or drawing pain,symptom,16,16,1,1,120
red streaks,red streaks,symptom,22,26,1,0.645022,149
ering superficial veins,ering superficial veins,symptom,16,16,1,1,120
radiating towards the temple area,radiating towards the temple area,symptom,5,5,0,1,10
poor muscle development,poor muscle development,symptom,13,13,3,0.589744,46
unexplained fatigue,unexplained fatigue,symptom,5,5,1,1,10
systemic allergies,systemic allergies,symptom,13,13,7,1,78
pain when encountering spicy,pain when encountering spicy,symptom,20,20,3,1,190
or salty stimuli,or salty stimuli,symptom,20,20,3,1,190
cardiac symptoms,cardiac symptoms,symptom,4,4,7,1,6
embolic,embolic,symptom,4,4,7,1,6
vascular symptoms,vascular symptoms,symptom,4,4,7,1,6
proliferation of the endocardial elastic fibers,proliferation of the endocardial elastic fibers,symptom,4,4,7,1,6
absence of meconium discharge,absence of meconium discharge,symptom,4,4,7,1,6
abnormal lochia,abnormal lochia,symptom,17,17,4,1,136
decreased taste sensitivity,decreased taste sensitivity,symptom,8,8,8,0.785714,22
pharyngeal muscle motor impairment,pharyngeal muscle motor impairment,symptom,6,6,8,1,15
taste disturbance,taste disturbance,symptom,6,6,8,1,15
ligament laxity,ligament laxity,symptom,6,6,0,1,15
axial percussion pain,axial percussion pain,symptom,12,12,0,1,66
ocular anomalies,ocular anomalies,symptom,5,5,2,1,10
increased lip creases deformities,increased lip creases deformities,symptom,7,7,2,1,21
narrowing of rectum,narrowing of rectum,symptom,3,3,7,1,3
after consuming milk,after consuming milk,symptom,3,3,50,1,3
the urine turns black; urine darkens upon st,the urine turns black; urine darkens upon st,symptom,3,3,50,1,3
ing; sweat turns black; black-blue pigmentation on the sclera,ing; sweat turns black; black-blue pigmentation on the sclera,symptom,3,3,50,1,3
auricular cartilage; auricles become harder,auricular cartilage; auricles become harder,symptom,3,3,50,1,3
scant lanugo,scant lanugo,symptom,10,10,3,1,45
abundant vernix caseosa,abundant vernix caseosa,symptom,10,10,3,1,45
soft fingernails,soft fingernails,symptom,10,10,3,1,45
presence of foot creases,presence of foot creases,symptom,10,10,3,1,45
paralysis of limbs below the level of lesion,paralysis of limbs below the level of lesion,symptom,3,3,0,1,3
dysfunction of bladder,dysfunction of bladder,symptom,20,22,0,0.910526,173
bowel control,bowel control,symptom,20,22,0,0.910526,173
weakness while walking,weakness while walking,symptom,1,1,2,0,0
vesicle or bulla lesions,vesicle or bulla lesions,symptom,5,5,3,1,10
out tissue-like material,out tissue-like material,symptom,4,4,4,1,6
hepatic mass,hepatic mass,symptom,2,2,7,1,1
noisy behavior,noisy behavior,symptom,4,4,2,1,6
exaggerated expression of own condition,exaggerated expression of own condition,symptom,4,4,2,1,6
poor flow of urine,poor flow of urine,symptom,8,8,4,1,28
prostatic calculi,prostatic calculi,symptom,13,13,4,0.538462,42
formation of white membranes at the urinary meatus,formation of white membranes at the urinary meatus,symptom,8,8,4,1,28
normal daytime blood pressure measurements outside of the clinic setting,normal daytime blood pressure measurements outside of the clinic setting,symptom,2,2,2,1,1
alongside normal ambulatory blood pressure monitoring results,alongside normal ambulatory blood pressure monitoring results,symptom,2,2,2,1,1
enlarged neck,enlarged neck,symptom,28,31,1,0.574074,217
sensation of friction,sensation of friction,symptom,7,8,0,0.904762,19
watery eyes,watery eyes,symptom,31,31,2,1,465
hasty,hasty,symptom,31,31,2,1,465
irritable temperament,irritable temperament,symptom,31,31,2,1,465
discomfort in bright light,discomfort in bright light,symptom,31,31,2,1,465
hard mass in the abdomen of pregnant women,hard mass in the abdomen of pregnant women,symptom,11,11,4,1,55
the urethral opening is not located at the tip of the glans,the urethral opening is not located at the tip of the glans,symptom,6,6,0,1,15
penile trauma,penile trauma,symptom,4,4,1,1,6
falling attacks,falling attacks,symptom,5,5,2,1,10
short-term paroxysmal dull pain in the anus,short-term paroxysmal dull pain in the anus,symptom,11,11,3,1,55
paroxysmal foolish laughter,paroxysmal foolish laughter,symptom,9,9,7,1,36
visible cystic lesions on the face or the size of rice grains or soybeans,visible cystic lesions on the face or the size of rice grains or soybeans,symptom,3,3,3,1,3
non-painful upon palpation,non-painful upon palpation,symptom,3,3,3,1,3
the rash is characterized by irregular erythema,the rash is characterized by irregular erythema,symptom,6,6,3,1,15
absence of thyroid pain,absence of thyroid pain,symptom,9,9,1,1,36
discomfort in the scrotal area,discomfort in the scrotal area,symptom,13,13,4,0.782051,61
palpable round mass in the testicle or epididymis,palpable round mass in the testicle or epididymis,symptom,2,2,4,1,1
extension impairment,extension impairment,symptom,5,5,0,1,10
minimal vertical deviation,minimal vertical deviation,symptom,6,6,6,1,15
abnormal binocular coordination,abnormal binocular coordination,symptom,6,6,6,1,15
hypertropia,hypertropia,symptom,6,6,6,1,15
vaginal adhesion,vaginal adhesion,symptom,8,8,4,1,28
inability to lift head by three months,inability to lift head by three months,symptom,17,17,0,1,136
inability to sit by eight months,inability to sit by eight months,symptom,17,17,0,1,136
uncoordinated movements,uncoordinated movements,symptom,21,21,0,0.709524,149
a preference for one side during movement,a preference for one side during movement,symptom,17,17,0,1,136
inability to separate legs while urinating,inability to separate legs while urinating,symptom,17,17,0,1,136
pain is commonly located anterior-medially,pain is commonly located anterior-medially,symptom,2,2,51,1,1
anterior-laterally,anterior-laterally,symptom,2,2,51,1,1
posteriorly around the patella,posteriorly around the patella,symptom,2,2,51,1,1
then may involve the upper eyelids.,then may involve the upper eyelids.,symptom,6,6,3,1,15
it can extend to the eyebrows,it can extend to the eyebrows,symptom,6,6,3,1,15
history of unprotected sexual intercourse,history of unprotected sexual intercourse,symptom,8,8,4,1,28
symptoms of urinary,symptoms of urinary,symptom,11,11,4,0.618182,34
genital tract infection,genital tract infection,symptom,8,8,4,1,28
eyelid fluttering,eyelid fluttering,symptom,7,7,2,1,21
ocular flutter,ocular flutter,symptom,7,7,2,1,21
involuntary eye movement inhibition,involuntary eye movement inhibition,symptom,7,7,2,1,21
postauricular fistula,postauricular fistula,symptom,4,4,2,1,6
prolonged q-t interval,prolonged q-t interval,symptom,26,32,1,0.590769,192
the tumor is located in muscles or fascia,the tumor is located in muscles or fascia,symptom,4,4,0,1,6
fever (temperature often above 38°c),fever (temperature often above 38°c),symptom,7,7,7,1,21
decreased milk intake,decreased milk intake,symptom,7,7,7,1,21
inability to eat or drink,inability to eat or drink,symptom,9,9,7,1,36
melancholy,melancholy,symptom,9,9,7,1,36
upper arms,upper arms,symptom,16,17,3,0.533333,64
especially on the face,especially on the face,symptom,8,8,3,1,28
is characteristic in children,is characteristic in children,symptom,8,8,3,1,28
reduced gastric motility,reduced gastric motility,symptom,3,3,7,1,3
laryngeal blockage,laryngeal blockage,symptom,7,7,1,1,21
airway narrowing,airway narrowing,symptom,24,26,1,0.807971,223
blood hypoxia,blood hypoxia,symptom,7,7,1,1,21
apathetic demeanor,apathetic demeanor,symptom,22,24,7,0.792208,183
anxious expression,anxious expression,symptom,8,9,1,0.821429,23
muscle fibrillation,muscle fibrillation,symptom,27,28,2,0.754986,265
scaly keratosis of the hair follicle,scaly keratosis of the hair follicle,symptom,10,10,3,1,45
cosmetic hair damage,cosmetic hair damage,symptom,10,10,3,1,45
corticosteroid dependence,corticosteroid dependence,symptom,10,10,3,1,45
venous bleeding,venous bleeding,symptom,13,14,6,0.794872,62
cough followed by fainting,cough followed by fainting,symptom,12,12,1,0.727273,48
some patients experience lower abdominal pain,some patients experience lower abdominal pain,symptom,7,7,0,1,21
distinct cheek concavity,distinct cheek concavity,symptom,11,11,0,1,55
presenting as a localized keratin plate,presenting as a localized keratin plate,symptom,12,12,3,1,66
wax-yellow in color,wax-yellow in color,symptom,12,12,3,1,66
relatively hard to the touch,relatively hard to the touch,symptom,12,12,3,1,66
clear surface skin lines,clear surface skin lines,symptom,12,12,3,1,66
decreased local sweat secretion,decreased local sweat secretion,symptom,34,34,7,0.572193,321
slow onset,slow onset,symptom,12,12,3,1,66
slight enlargement,slight enlargement,symptom,6,6,4,1,15
in months after the expulsion of the mole,in months after the expulsion of the mole,symptom,6,6,4,1,15
the initial skin lesion is a bright red,the initial skin lesion is a bright red,symptom,10,10,3,1,45
elevated hair follicle papule that  enlarges to form a nodule. the surface is tense,elevated hair follicle papule that  enlarges to form a nodule. the surface is tense,symptom,10,10,3,1,45
a central pus plug. once the pus plug is expelled,a central pus plug. once the pus plug is expelled,symptom,10,10,3,1,45
blood are discharged,blood are discharged,symptom,10,10,3,1,45
leaving persistent scars,leaving persistent scars,symptom,10,10,3,1,45
respiratory arrest,respiratory arrest,symptom,5,10,1,0.7,7
abnormally wide,abnormally wide,symptom,13,13,1,1,78
distorted qrs waves,distorted qrs waves,symptom,13,13,1,1,78
olfactory distortion,olfactory distortion,symptom,2,2,2,1,1
memory impairments,memory impairments,symptom,8,8,2,1,28
asymmetric enlargement,asymmetric enlargement,symptom,11,11,3,1,55
localized protuberance,localized protuberance,symptom,11,11,3,1,55
recurrent episodes of nasal itching,recurrent episodes of nasal itching,symptom,7,7,7,1,21
acute hemolytic uremic syndrome,acute hemolytic uremic syndrome,symptom,19,23,7,0.818713,140
fecal impaction,fecal impaction,symptom,11,17,7,1,55
unclear consciousness,unclear consciousness,symptom,18,18,2,0.666667,102
scrotum is located above the penis,scrotum is located above the penis,symptom,0,0,52,0,0
incomplete intraventricular block,incomplete intraventricular block,symptom,3,3,1,1,3
the skin develops patchy white scales,the skin develops patchy white scales,symptom,2,2,3,1,1
slight scraping of the scales reveals a shiny thin film,slight scraping of the scales reveals a shiny thin film,symptom,2,2,3,1,1
pinpoint bleeding,pinpoint bleeding,symptom,18,18,3,0.79085,121
blackening of teeth,blackening of teeth,symptom,3,3,0,1,3
destruction of enamel,destruction of enamel,symptom,3,3,0,1,3
inner thigh,inner thigh,symptom,22,22,4,0.454545,105
external genital area,external genital area,symptom,9,9,4,1,36
constricted visual field,constricted visual field,symptom,14,14,6,0.747253,68
accelerated atrial ectopic rhythm,accelerated atrial ectopic rhythm,symptom,12,17,1,0.954545,63
diffuse renal lesions,diffuse renal lesions,symptom,22,22,7,1,231
cardiac dilation,cardiac dilation,symptom,22,22,7,1,231
speech difficulty,speech difficulty,symptom,22,22,7,1,231
blood-stained amniotic fluid,blood-stained amniotic fluid,symptom,10,10,4,1,45
uterus hard as a board,uterus hard as a board,symptom,10,10,4,1,45
placenta previa,placenta previa,symptom,10,10,4,1,45
fetal death,fetal death,symptom,7,7,3,1,21
cyanotic complexion,cyanotic complexion,symptom,7,7,3,1,21
prominent lateral malleolus,prominent lateral malleolus,symptom,2,2,0,1,1
clubbed fingers (toes),clubbed fingers (toes),symptom,2,2,0,1,1
attention deficits,attention deficits,symptom,9,9,2,1,36
pain when getting up,pain when getting up,symptom,3,3,4,1,3
pain relief after activity,pain relief after activity,symptom,3,3,4,1,3
limb atrophy,limb atrophy,symptom,12,12,3,1,66
cerebral atrophy,cerebral atrophy,symptom,12,12,3,1,66
insufficient semen,insufficient semen,symptom,13,13,4,1,78
macrocephaly sperm abnormality,macrocephaly sperm abnormality,symptom,13,13,4,1,78
excessive dead spermatozoa,excessive dead spermatozoa,symptom,13,13,4,1,78
sperm abnormalities,sperm abnormalities,symptom,13,13,4,1,78
deuteranopia (green blindness),deuteranopia (green blindness),symptom,2,2,53,1,1
deuteranomaly (green weakness),deuteranomaly (green weakness),symptom,2,2,53,1,1
anterior chamber swelling,anterior chamber swelling,symptom,2,2,53,1,1
spasmodic intense pain,spasmodic intense pain,symptom,6,6,1,1,15
paralysis when spinal nerves are involved,paralysis when spinal nerves are involved,symptom,6,6,1,1,15
anisocoria,anisocoria,symptom,12,12,2,1,66
hepatic enlargement,hepatic enlargement,symptom,11,11,1,1,55
red blood level in the lower anterior chamber,red blood level in the lower anterior chamber,symptom,4,4,6,1,6
out the ability to urinate,out the ability to urinate,symptom,7,7,4,1,21
incomplete voiding,incomplete voiding,symptom,24,28,4,0.608696,168
possible overflow incontinence),possible overflow incontinence),symptom,7,7,4,1,21
pinpoint pupils,pinpoint pupils,symptom,11,11,2,1,55
swelling of the scalp,swelling of the scalp,symptom,6,6,7,1,15
peripheral neuritis,peripheral neuritis,symptom,11,11,0,1,55
disappearance of dorsalis pedis artery pulse,disappearance of dorsalis pedis artery pulse,symptom,11,11,0,1,55
right heart enlargement,right heart enlargement,symptom,6,6,1,1,15
a small face,a small face,symptom,4,4,0,1,6
narrow chest,narrow chest,symptom,4,4,0,1,6
partial or complete absence of the clavicle,partial or complete absence of the clavicle,symptom,4,4,0,1,6
episodic sleep,episodic sleep,symptom,9,9,2,1,36
cataplectic attacks,cataplectic attacks,symptom,9,9,2,1,36
increased valgus angle of the elbow joint,increased valgus angle of the elbow joint,symptom,9,9,2,0.638889,23
ulnar nerve damage,ulnar nerve damage,symptom,4,4,2,1,6
apathetic personality,apathetic personality,symptom,5,5,2,1,10
cancer-related ureteral stricture,cancer-related ureteral stricture,symptom,4,4,4,1,6
megaloureter,megaloureter,symptom,9,10,4,0.666667,24
long pulse,long pulse,symptom,4,4,4,1,6
amaurosis fugax,amaurosis fugax,symptom,19,19,2,0.748538,128
unable to lie flat,unable to lie flat,symptom,2,2,1,1,1
speaking in a halting manner,speaking in a halting manner,symptom,2,2,4,1,1
low self-esteem,low self-esteem,symptom,2,2,4,1,1
labia majora skin turning milky white or pink,labia majora skin turning milky white or pink,symptom,39,39,3,1,741
while the labia minora,while the labia minora,symptom,39,39,3,1,741
initially scant dark red bleeding,initially scant dark red bleeding,symptom,11,11,4,1,55
shifting dullness,shifting dullness,symptom,20,24,7,0.657895,125
intra-abdominal bleeding,intra-abdominal bleeding,symptom,5,5,7,1,10
wet beriberi,wet beriberi,symptom,11,11,6,1,55
dry beriberi,dry beriberi,symptom,11,11,6,1,55
sensation of oppression that may radiate to the shoulder,sensation of oppression that may radiate to the shoulder,symptom,5,5,1,1,10
left ring finger or little finger,left ring finger or little finger,symptom,5,5,1,1,10
mild erythema,mild erythema,symptom,2,2,6,1,1
slightly elevated or,slightly elevated or,symptom,2,2,6,1,1
menstruation or immediately after menstruation ends,menstruation or immediately after menstruation ends,symptom,3,3,4,1,3
abnormal sensation in the perineum,abnormal sensation in the perineum,symptom,9,9,2,1,36
around the anus,around the anus,symptom,9,9,2,1,36
unstable blood pressure,unstable blood pressure,symptom,10,10,2,1,45
bilateral foot redness,bilateral foot redness,symptom,21,21,0,1,210
preference for cool environments,preference for cool environments,symptom,21,21,0,1,210
thickening of the nails,thickening of the nails,symptom,21,21,0,1,210
enlarged parotid gl,enlarged parotid gl,symptom,15,15,6,1,105
a minority of patients exhibit teal green purulent sputum,a minority of patients exhibit teal green purulent sputum,symptom,18,18,1,1,153
functional disorders,functional disorders,symptom,21,21,2,1,210
alveolar swelling,alveolar swelling,symptom,47,47,3,1,1081
plaque-type sarcoids,plaque-type sarcoids,symptom,5,5,3,1,10
dull expression,dull expression,symptom,3,3,6,1,3
episodic skin flushing,episodic skin flushing,symptom,10,10,0,1,45
limited activity,limited activity,symptom,5,7,1,0.9,9
abdominal wall erythema,abdominal wall erythema,symptom,2,2,3,1,1
congenital deficiency of the abdominal wall,congenital deficiency of the abdominal wall,symptom,4,4,3,0.333333,2
palate cheesy patch curd-like white pseudomembrane,palate cheesy patch curd-like white pseudomembrane,symptom,47,47,3,1,1081
at their junction,at their junction,symptom,47,47,3,1,1081
skin fold c,skin fold c,symptom,47,47,3,1,1081
tumoral nodular,tumoral nodular,symptom,47,47,3,1,1081
most patients have an insidious onset,most patients have an insidious onset,symptom,7,7,4,1,21
brittle bones,brittle bones,symptom,2,2,0,1,1
posterior to the molars,posterior to the molars,symptom,6,6,9,1,15
poor general health,poor general health,symptom,6,6,9,1,15
developmental delay in intelligence,developmental delay in intelligence,symptom,5,5,0,1,10
recurrent renal colic,recurrent renal colic,symptom,5,5,0,1,10
missed heart sounds,missed heart sounds,symptom,7,7,1,1,21
pain sensation is obvious upon waking up,pain sensation is obvious upon waking up,symptom,6,6,0,1,15
the pain sensation intensifies,the pain sensation intensifies,symptom,6,6,0,1,15
thickening of perianal skin,thickening of perianal skin,symptom,3,3,4,1,3
deepened anal folds,deepened anal folds,symptom,3,3,4,1,3
local scratch marks,local scratch marks,symptom,3,3,4,1,3
pain in the rectum,pain in the rectum,symptom,7,7,4,1,21
vesicovaginal fistula,vesicovaginal fistula,symptom,13,15,4,0.769231,60
knife-like upper abdominal pain spreading to the whole abdomen,knife-like upper abdominal pain spreading to the whole abdomen,symptom,5,5,7,1,10
radiation to the elbow,radiation to the elbow,symptom,12,12,0,1,66
neurogenic pain in the lower limbs,neurogenic pain in the lower limbs,symptom,10,10,3,1,45
pathological q wave,pathological q wave,symptom,24,24,1,0.76087,210
glossy skin,glossy skin,symptom,25,25,3,1,300
regenerating,regenerating,symptom,25,25,3,1,300
pathological nerve damage,pathological nerve damage,symptom,5,5,2,1,10
cardiac structural abnormalities,cardiac structural abnormalities,symptom,11,11,1,1,55
anterior chest discomfort,anterior chest discomfort,symptom,11,11,1,1,55
pulsatile sensation,pulsatile sensation,symptom,6,6,7,1,15
diminished neonatal response,diminished neonatal response,symptom,5,5,4,1,10
zygomatic regions,zygomatic regions,symptom,4,4,9,1,6
tender joints,tender joints,symptom,7,7,0,1,21
spastic anal pain,spastic anal pain,symptom,11,11,7,0.8,44
leprosy phobia,leprosy phobia,symptom,2,2,54,1,1
syphilis phobia,syphilis phobia,symptom,2,2,54,1,1
scabies phobia,scabies phobia,symptom,2,2,54,1,1
persistent sorrow,persistent sorrow,symptom,11,11,2,1,55
mood emptiness,mood emptiness,symptom,11,11,2,1,55
shortened deformities,shortened deformities,symptom,2,2,0,1,1
urinary protein,urinary protein,symptom,10,10,4,1,45
asthma following intense exercise,asthma following intense exercise,symptom,3,3,1,1,3
may only reveal irregular or lobulated sensations,may only reveal irregular or lobulated sensations,symptom,6,6,3,1,15
five-upset heat,five-upset heat,symptom,2,2,1,1,1
restless fetal movement,restless fetal movement,symptom,2,2,1,1,1
eyelid eversion,eyelid eversion,symptom,1,1,6,0,0
calf muscle cramps,calf muscle cramps,symptom,15,16,0,0.8,84
furuncular myiasis,furuncular myiasis,symptom,9,9,3,1,36
thickened arachnoid membrane,thickened arachnoid membrane,symptom,9,9,2,1,36
arachnoid adhesions,arachnoid adhesions,symptom,19,19,2,0.643275,110
palmar prominence,palmar prominence,symptom,4,4,0,1,6
bloody urine,bloody urine,symptom,11,11,4,1,55
absence of active tuberculous lesions,absence of active tuberculous lesions,symptom,11,11,4,1,55
triangular face,triangular face,symptom,6,6,0,1,15
protruding auricles,protruding auricles,symptom,6,6,0,1,15
large eyes,large eyes,symptom,6,6,0,1,15
chest/back,chest/back,symptom,12,12,3,1,66
other lesions,other lesions,symptom,12,12,3,1,66
oily scales,oily scales,symptom,25,26,3,1,300
pneumoconiosis,pneumoconiosis,symptom,2,2,55,1,1
occupational poisoning,occupational poisoning,symptom,2,2,55,1,1
occupational dermatoses,occupational dermatoses,symptom,2,2,55,1,1
followed by redness of the nipple,followed by redness of the nipple,symptom,14,14,3,1,91
areola skin,areola skin,symptom,14,14,3,1,91
commonly occurring at the supraclavicular fossa posterior to the sternocleidomastoid muscle,commonly occurring at the supraclavicular fossa posterior to the sternocleidomastoid muscle,symptom,11,11,3,0.872727,48
inability to examine the fundus,inability to examine the fundus,symptom,5,6,6,0.7,7
proliferation of thick-walled,proliferation of thick-walled,symptom,2,2,0,1,1
thin-walled blood vessels,thin-walled blood vessels,symptom,6,6,0,0.466667,7
in the dermis,in the dermis,symptom,4,4,0,0.333333,2
the affected limb droops,the affected limb droops,symptom,7,7,2,1,21
the shoulder cannot be abducted,the shoulder cannot be abducted,symptom,7,7,2,1,21
the elbow is slightly flexed,the elbow is slightly flexed,symptom,7,7,2,1,21
the forearm is pronated. there is atrophy of the thenar,the forearm is pronated. there is atrophy of the thenar,symptom,13,13,2,0.474359,37
hypotenar muscles on the affected side,hypotenar muscles on the affected side,symptom,7,7,2,1,21
loss of sensation can affect the entire upper limb,loss of sensation can affect the entire upper limb,symptom,7,7,2,1,21
the tongue is larger than normal,the tongue is larger than normal,symptom,1,1,56,0,0
numerous intersecting grooves of varying depths on its surface,numerous intersecting grooves of varying depths on its surface,symptom,1,1,56,0,0
lifted skin edges,lifted skin edges,symptom,6,6,3,1,15
ichthyosiform erythroderma,ichthyosiform erythroderma,symptom,20,22,3,0.789474,150
delayed tooth eruption,delayed tooth eruption,symptom,11,11,2,1,55
there are no obvious symptoms or signs,there are no obvious symptoms or signs,symptom,1,1,0,0,0
clouding of the cornea from transparency,clouding of the cornea from transparency,symptom,5,5,6,0.4,4
reduced visual acuity,reduced visual acuity,symptom,3,3,6,1,3
keratoconus,keratoconus,symptom,3,3,6,1,3
bronchial spasm,bronchial spasm,symptom,20,20,1,0.626316,119
impaired breathing,impaired breathing,symptom,17,17,2,0.845588,115
prominent ears,prominent ears,symptom,8,8,2,1,28
skeletal pain,skeletal pain,symptom,13,13,2,1,78
chest wall venous distention,chest wall venous distention,symptom,12,12,1,1,66
asymptomatic during interictal period,asymptomatic during interictal period,symptom,6,6,1,1,15
varying lengths of interictal intervals,varying lengths of interictal intervals,symptom,6,6,1,1,15
limbs flailing,limbs flailing,symptom,5,5,1,1,10
occurring at night,occurring at night,symptom,5,5,1,1,10
pubic diastasis,pubic diastasis,symptom,2,2,3,1,1
bladder bulging,bladder bulging,symptom,2,2,3,1,1
placental abruption,placental abruption,symptom,22,23,4,0.458874,106
localized tender uterus,localized tender uterus,symptom,6,6,4,1,15
clots,clots,symptom,6,6,4,1,15
indentation on the maternal surface of the placenta,indentation on the maternal surface of the placenta,symptom,6,6,4,1,15
work fatigue,work fatigue,symptom,2,2,2,1,1
femoral nerve damage,femoral nerve damage,symptom,7,7,2,1,21
heavy lips,heavy lips,symptom,2,2,2,1,1
prominent lip protrusion,prominent lip protrusion,symptom,2,2,2,1,1
small vessel fibroid necrosis,small vessel fibroid necrosis,symptom,10,10,4,1,45
hyperbilirubinemia,hyperbilirubinemia,symptom,7,7,1,1,21
violaceous rash,violaceous rash,symptom,3,3,3,1,3
systolic tremor,systolic tremor,symptom,11,11,1,1,55
precordial bulging,precordial bulging,symptom,47,65,1,0.511563,553
valvulopathy,valvulopathy,symptom,11,11,1,1,55
increased pacing rate,increased pacing rate,symptom,11,11,1,1,55
bruits of femoral arteries,bruits of femoral arteries,symptom,11,11,1,1,55
annular constriction of the ascending aorta root,annular constriction of the ascending aorta root,symptom,11,11,1,1,55
out difficulty coughing or making other sounds,out difficulty coughing or making other sounds,symptom,1,1,1,0,0
lymph nodes in superficial locations exhibit painless,lymph nodes in superficial locations exhibit painless,symptom,15,15,7,1,105
firmness akin to a ping-pong ball or the hardness of a nose tip. as lymphoma is a systemic disease,firmness akin to a ping-pong ball or the hardness of a nose tip. as lymphoma is a systemic disease,symptom,15,15,7,1,105
besides the aforementioned local symptoms,besides the aforementioned local symptoms,symptom,15,15,7,1,105
including fever,including fever,symptom,15,15,7,1,105
peripheral joint lesions,peripheral joint lesions,symptom,4,4,0,1,6
enthesitis including achilles tendonitis,enthesitis including achilles tendonitis,symptom,4,4,0,1,6
plantar fasciitis,plantar fasciitis,symptom,4,4,0,1,6
warm to touch,warm to touch,symptom,3,3,0,1,3
grunting,grunting,symptom,6,6,1,1,15
permanent baldness,permanent baldness,symptom,7,7,3,1,21
loose hair roots,loose hair roots,symptom,7,7,3,1,21
fullness in the epigastrium,fullness in the epigastrium,symptom,36,38,0,0.388889,245
stiff neck,stiff neck,symptom,12,12,7,0.757576,50
progressive difficulty urinating,progressive difficulty urinating,symptom,1,1,4,0,0
resembling tides,resembling tides,symptom,6,6,1,1,15
overall body heat,overall body heat,symptom,6,6,1,1,15
each episode lasting for 10-15 minutes,each episode lasting for 10-15 minutes,symptom,6,6,1,1,15
partial teeth in the upper,partial teeth in the upper,symptom,11,11,18,1,55
lower jaw are not in vertical contact,lower jaw are not in vertical contact,symptom,11,11,18,1,55
localized opening in posterior teeth,localized opening in posterior teeth,symptom,11,11,18,1,55
loss of cutting,loss of cutting,symptom,11,11,18,1,55
chewing function,chewing function,symptom,11,11,18,1,55
breathing functions as well as facial appearance,breathing functions as well as facial appearance,symptom,11,11,18,1,55
blunt angle of m,blunt angle of m,symptom,11,11,18,1,55
lower lips often cannot close,lower lips often cannot close,symptom,11,11,18,1,55
radiculoneuritis,radiculoneuritis,symptom,4,4,7,1,6
benign prostatic hyperplasia,benign prostatic hyperplasia,symptom,5,5,4,1,10
gait instability,gait instability,symptom,25,25,2,1,300
low small bowel obstruction,low small bowel obstruction,symptom,7,7,7,1,21
depersonalization,depersonalization,symptom,4,4,2,1,6
lymphatic metastasis,lymphatic metastasis,symptom,3,3,3,1,3
enlargement of the supraclavicular,enlargement of the supraclavicular,symptom,3,3,3,1,3
anterior scalene lymph nodes,anterior scalene lymph nodes,symptom,7,8,3,0.619048,13
endometriosis,endometriosis,symptom,10,10,3,0.622222,28
which progressively worsen,which progressively worsen,symptom,3,3,4,1,3
pleural fluid,pleural fluid,symptom,13,15,1,0.846154,66
patellar pain,patellar pain,symptom,3,3,0,1,3
liver metastasis,liver metastasis,symptom,2,2,8,1,1
pendulum sign,pendulum sign,symptom,6,6,8,1,15
coughing chokes,coughing chokes,symptom,6,6,8,1,15
multiple organ involvement,multiple organ involvement,symptom,6,6,0,0.8,12
threatened preterm labor,threatened preterm labor,symptom,2,2,7,1,1
exudative sores,exudative sores,symptom,4,4,3,1,6
flat scars,flat scars,symptom,7,7,3,1,21
keloids,keloids,symptom,7,7,3,1,21
bleeding after intercourse,bleeding after intercourse,symptom,10,11,4,0.822222,37
genital deformities,genital deformities,symptom,10,10,0,0.533333,24
azoospermia,azoospermia,symptom,3,3,4,1,3
persistent localized pain,persistent localized pain,symptom,4,4,0,1,6
surface-exp,surface-exp,symptom,4,4,0,1,6
breast fullness,breast fullness,symptom,3,3,0,1,3
cryptogenic pain,cryptogenic pain,symptom,11,11,7,1,55
fulminant pain,fulminant pain,symptom,9,9,2,1,36
often combined,often combined,symptom,7,7,7,1,21
other intra-abdominal organ damage,other intra-abdominal organ damage,symptom,7,7,7,1,21
significant abdominal distension,significant abdominal distension,symptom,7,7,7,1,21
vulvar immaturity,vulvar immaturity,symptom,4,4,3,1,6
chronic dull or acute pain,chronic dull or acute pain,symptom,6,6,4,1,15
aggravated at night,aggravated at night,symptom,6,6,4,1,15
pain in the forefoot after prolonged or intense physical activity,pain in the forefoot after prolonged or intense physical activity,symptom,0,0,57,0,0
hardened epididymis,hardened epididymis,symptom,21,25,4,0.695238,146
epididymal calculi,epididymal calculi,symptom,5,5,7,1,10
thickened vas deferens,thickened vas deferens,symptom,5,5,7,1,10
hemorrhagic disease,hemorrhagic disease,symptom,11,11,7,1,55
increased shadows of pulmonary hila,increased shadows of pulmonary hila,symptom,8,8,1,1,28
diffuse tympanic sounds,diffuse tympanic sounds,symptom,8,8,1,1,28
cases presenting,cases presenting,symptom,24,25,1,0.565217,156
wounds are grayish-yellow,wounds are grayish-yellow,symptom,8,8,0,1,28
charred yellow,charred yellow,symptom,8,8,0,1,28
retrograde dissemination of cancer cells,retrograde dissemination of cancer cells,symptom,24,24,7,1,276
diverticulosis of the digestive tract,diverticulosis of the digestive tract,symptom,24,24,7,1,276
painful muscle spasms,painful muscle spasms,symptom,4,5,2,1,6
iodine-induced thyrotoxicosis,iodine-induced thyrotoxicosis,symptom,7,7,2,1,21
limitation in forward flexion,limitation in forward flexion,symptom,7,7,0,1,21
restricted anterior,restricted anterior,symptom,7,7,0,1,21
posterior shoulder movement,posterior shoulder movement,symptom,7,7,0,1,21
which is sensitive to touch;,which is sensitive to touch;,symptom,5,5,7,1,10
a pulling sensation internally,a pulling sensation internally,symptom,5,5,7,1,10
positive down syndrome screening,positive down syndrome screening,symptom,1,1,58,0,0
induced labor,induced labor,symptom,1,1,58,0,0
limb tumors are fusiform,limb tumors are fusiform,symptom,3,3,0,1,3
there is often numbness,there is often numbness,symptom,3,3,0,1,3
the most common lesions are round erythema,the most common lesions are round erythema,symptom,4,4,3,1,6
presence of white plaques on the vocal cords,presence of white plaques on the vocal cords,symptom,1,1,1,0,0
feeling of overall fatigue while watching movies or sports events,feeling of overall fatigue while watching movies or sports events,symptom,5,5,6,1,10
discomfort the next day,discomfort the next day,symptom,5,5,6,1,10
sensation of eye strain,sensation of eye strain,symptom,5,5,6,1,10
shortened limbs,shortened limbs,symptom,3,3,0,1,3
walking is characterized by a rolling gait,walking is characterized by a rolling gait,symptom,3,3,0,1,3
abnormal body habitus,abnormal body habitus,symptom,11,11,3,1,55
fungal infections,fungal infections,symptom,11,11,3,1,55
radiating along the distribution of the trigeminal nerve on the same side,radiating along the distribution of the trigeminal nerve on the same side,symptom,15,15,0,1,105
hot stimuli,hot stimuli,symptom,15,15,0,1,105
abnormal pupil reflex,abnormal pupil reflex,symptom,6,6,6,1,15
focal muscle tonus disorder,focal muscle tonus disorder,symptom,6,6,2,1,15
rejection reactions,rejection reactions,symptom,4,4,4,1,6
paroxysmal dizziness,paroxysmal dizziness,symptom,14,14,2,1,91
1-3cm in size,1-3cm in size,symptom,5,5,8,1,10
mostly occurs on one side,mostly occurs on one side,symptom,5,5,8,1,10
pain in the frontal area,pain in the frontal area,symptom,10,10,2,1,45
in neonates,in neonates,symptom,6,6,7,1,15
followed by eyelid,followed by eyelid,symptom,6,6,7,1,15
aphasia or crossed paralysis,aphasia or crossed paralysis,symptom,19,19,2,1,171
crossed sensory disorders,crossed sensory disorders,symptom,19,19,2,1,171
oral asymmetry,oral asymmetry,symptom,19,19,2,1,171
dysrhythmia,dysrhythmia,symptom,7,7,1,1,21
the presence of tumors of varying sizes in the vulva,the presence of tumors of varying sizes in the vulva,symptom,4,4,8,1,6
minimal pain,minimal pain,symptom,4,4,8,1,6
lobulated in shape,lobulated in shape,symptom,4,4,8,1,6
laceration of the lips,laceration of the lips,symptom,4,4,0,1,6
tooth fracture,tooth fracture,symptom,4,4,0,1,6
purulent dermatitis,purulent dermatitis,symptom,4,4,7,1,6
widening of the hilar region,widening of the hilar region,symptom,13,13,1,1,78
trehalase deficiency,trehalase deficiency,symptom,10,10,7,1,45
during nighttime sleep,during nighttime sleep,symptom,13,13,3,1,78
vaginal effusion,vaginal effusion,symptom,4,4,7,1,6
spasms or pyloric or duodenal bulb outlet obstruction,spasms or pyloric or duodenal bulb outlet obstruction,symptom,4,4,7,1,6
precordial oppression,precordial oppression,symptom,21,21,1,1,210
vulvar squamous papillomatosis,vulvar squamous papillomatosis,symptom,2,2,4,1,1
proportionate or disproportionate physique,proportionate or disproportionate physique,symptom,3,3,0,1,3
smaller head circumference,smaller head circumference,symptom,28,34,0,0.333333,126
length compared to normal newborns,length compared to normal newborns,symptom,3,3,0,1,3
lasting more than 2 months per year,lasting more than 2 months per year,symptom,10,13,1,0.888889,40
presenting in a herpetiform or annular arrangement,presenting in a herpetiform or annular arrangement,symptom,3,3,3,1,3
obesity striae,obesity striae,symptom,10,10,2,1,45
characterized by chronic progressive muscle weakness,characterized by chronic progressive muscle weakness,symptom,4,4,2,1,6
asymmetric symptoms,asymmetric symptoms,symptom,4,4,2,1,6
predominantly affecting the distal limbs,predominantly affecting the distal limbs,symptom,4,4,2,1,6
little or no sensory symptoms following the distribution of peripheral nerves,little or no sensory symptoms following the distribution of peripheral nerves,symptom,4,4,2,1,6
tubers,tubers,symptom,14,14,2,1,91
spiritual emptiness,spiritual emptiness,symptom,4,4,2,1,6
idleness,idleness,symptom,4,4,2,1,6
loneliness,loneliness,symptom,4,4,2,1,6
pessimism,pessimism,symptom,18,18,2,0.633987,97
limited social interactions,limited social interactions,symptom,4,4,2,1,6
even dislocation,even dislocation,symptom,9,9,0,1,36
detachment of the iris root,detachment of the iris root,symptom,6,6,2,1,15
heterochromia of the iris,heterochromia of the iris,symptom,6,6,2,1,15
tingling in fingers,tingling in fingers,symptom,11,11,2,1,55
multiple small papillary projections,multiple small papillary projections,symptom,5,5,3,1,10
sebaceous substance,sebaceous substance,symptom,5,5,3,1,10
finger-like protrusions on the skin surface,finger-like protrusions on the skin surface,symptom,5,5,3,1,10
skin neoplasm,skin neoplasm,symptom,4,4,3,1,6
arthropathy,arthropathy,symptom,1,1,3,0,0
knife-cutting-like pain,knife-cutting-like pain,symptom,10,10,0,1,45
pain in the middle part of the spine at the spinous processes,pain in the middle part of the spine at the spinous processes,symptom,3,3,9,1,3
squatting restrictions,squatting restrictions,symptom,3,3,9,1,3
corneal inflammation,corneal inflammation,symptom,4,4,6,1,6
common maculopapular rash,common maculopapular rash,symptom,6,6,7,1,15
non-pruritic,non-pruritic,symptom,6,6,7,1,15
non-painful lesions of various morphologies,non-painful lesions of various morphologies,symptom,6,6,7,1,15
vaginal discharge of clear water varying in volume,vaginal discharge of clear water varying in volume,symptom,3,3,7,1,3
glans pruritus,glans pruritus,symptom,3,3,3,1,3
paroxysmal muscle cramps,paroxysmal muscle cramps,symptom,3,3,7,1,3
contractile pain,contractile pain,symptom,3,3,7,1,3
primarily in the gastrocnemius muscle,primarily in the gastrocnemius muscle,symptom,3,3,7,1,3
symmetrical pain,symmetrical pain,symptom,8,8,0,1,28
ant crawling,ant crawling,symptom,21,21,0,0.547619,115
insect crawling sensations,insect crawling sensations,symptom,8,8,0,1,28
pain during erection,pain during erection,symptom,4,4,0,1,6
joint symptoms such as redness,joint symptoms such as redness,symptom,8,8,0,1,28
heat in palms,heat in palms,symptom,20,21,9,0.7,133
little coating,little coating,symptom,21,23,9,0.771429,162
cry easily,cry easily,symptom,13,13,1,1,78
delayed teething,delayed teething,symptom,13,13,1,1,78
a distinct orange border around the ankle,a distinct orange border around the ankle,symptom,13,13,3,1,78
resemble gray mortar,resemble gray mortar,symptom,1,1,3,0,0
reticulate blue patches,reticulate blue patches,symptom,8,8,3,1,28
disciform degeneration of the macula,disciform degeneration of the macula,symptom,3,3,6,1,3
macular avoidance phenomenon,macular avoidance phenomenon,symptom,3,3,6,1,3
diminished will,diminished will,symptom,4,4,2,1,6
congenital eyelid deformities,congenital eyelid deformities,symptom,9,9,0,0.638889,23
thromboembolism,thromboembolism,symptom,4,4,1,1,6
cyclical pain,cyclical pain,symptom,2,2,0,1,1
central facial,central facial,symptom,24,24,2,0.728261,201
lingual paralysis,lingual paralysis,symptom,20,20,2,1,190
pyramidal signs,pyramidal signs,symptom,20,20,2,1,190
reduced short-term memory,reduced short-term memory,symptom,25,28,2,0.803333,241
excess amniotic fluid,excess amniotic fluid,symptom,8,8,4,1,28
mild increases in blood cholesterol,mild increases in blood cholesterol,symptom,4,4,7,1,6
triglycerides,triglycerides,symptom,4,4,7,1,6
benign reactive changes,benign reactive changes,symptom,11,11,3,1,55
numerous neck wrinkles,numerous neck wrinkles,symptom,11,11,3,1,55
loss of skin fullness,loss of skin fullness,symptom,11,11,3,1,55
distensible atrophic striae,distensible atrophic striae,symptom,29,30,3,0.628079,255
scaliness,scaliness,symptom,11,11,3,1,55
scaphocephalic scalp,scaphocephalic scalp,symptom,11,11,3,1,55
follicular occlusion,follicular occlusion,symptom,11,11,3,1,55
ocular motility disorders,ocular motility disorders,symptom,12,13,6,0.772727,51
enlarged pores,enlarged pores,symptom,2,2,3,1,1
hypogeusia,hypogeusia,symptom,7,7,2,1,21
the disease is characterized by sudden onset,the disease is characterized by sudden onset,symptom,16,16,6,1,120
presence of numerous follicles,presence of numerous follicles,symptom,16,16,6,1,120
watery secretions,watery secretions,symptom,16,16,6,1,120
swelling of the preauricular lymph nodes,swelling of the preauricular lymph nodes,symptom,16,16,6,1,120
damage to the hypothalamus,damage to the hypothalamus,symptom,7,7,2,1,21
genital erections,genital erections,symptom,1,1,2,0,0
negative weil-felix test,negative weil-felix test,symptom,8,8,7,1,28
protracted,protracted,symptom,5,5,1,1,10
congested oral mucosa,congested oral mucosa,symptom,5,5,3,1,10
asymmetry of the labia majora or anus,asymmetry of the labia majora or anus,symptom,5,5,3,1,10
soft non-tender masses,soft non-tender masses,symptom,5,5,3,1,10
visual recognition disorders,visual recognition disorders,symptom,6,6,2,1,15
drug intoxication,drug intoxication,symptom,6,6,2,1,15
low sperm vitality,low sperm vitality,symptom,4,4,3,1,6
swelling of the spermatic cord,swelling of the spermatic cord,symptom,4,4,3,1,6
enlarged scrotum,enlarged scrotum,symptom,4,4,3,1,6
fussiness before sleep,fussiness before sleep,symptom,5,5,3,1,10
changes in visual field,changes in visual field,symptom,9,10,6,0.861111,31
acute gastric dilatation,acute gastric dilatation,symptom,14,17,7,0.945055,86
periumbilical intermittent colic,periumbilical intermittent colic,symptom,5,5,7,1,10
ischemic necrosis of the appendix wall,ischemic necrosis of the appendix wall,symptom,5,5,7,1,10
positional signs,positional signs,symptom,10,10,2,1,45
lentiform nucleus arteriosclerosis occlusion,lentiform nucleus arteriosclerosis occlusion,symptom,10,10,2,1,45
the nipple is retracted into the areola,the nipple is retracted into the areola,symptom,1,1,59,0,0
making it difficult for infants to latch on,making it difficult for infants to latch on,symptom,1,1,59,0,0
swellings,swellings,symptom,20,21,0,0.568421,108
dental fluorosis,dental fluorosis,symptom,2,2,0,1,1
cervical spondylosis,cervical spondylosis,symptom,5,5,0,1,10
cervical hemivertebra malformation,cervical hemivertebra malformation,symptom,5,5,0,1,10
cervical spinal stenosis,cervical spinal stenosis,symptom,5,5,0,1,10
retraction sign,retraction sign,symptom,7,7,1,1,21
black eschar in the palate,black eschar in the palate,symptom,9,9,1,1,36
pigmentation of oral mucosa,pigmentation of oral mucosa,symptom,21,22,3,0.690476,145
blood mucus stools,blood mucus stools,symptom,11,11,7,1,55
teeth grinding,teeth grinding,symptom,13,13,7,0.717949,56
increased erythrocyte sedimentation rate (esr),increased erythrocyte sedimentation rate (esr),symptom,7,7,7,1,21
presence of white/gray hair,presence of white/gray hair,symptom,2,2,3,1,1
formation of hard fecaliths in the colon,formation of hard fecaliths in the colon,symptom,4,4,7,1,6
burning sensation at the entrance of the vagina,burning sensation at the entrance of the vagina,symptom,4,4,4,1,6
congenital toxoplasmosis,congenital toxoplasmosis,symptom,14,14,6,0.615385,56
reddish inner eyelids,reddish inner eyelids,symptom,8,8,6,1,28
granule proliferation,granule proliferation,symptom,8,8,6,1,28
lackluster sclera,lackluster sclera,symptom,8,8,6,1,28
retracts when the tongue is extended,retracts when the tongue is extended,symptom,11,11,3,1,55
tingling around the lips,tingling around the lips,symptom,10,10,2,1,45
large cranial defects,large cranial defects,symptom,2,2,3,1,1
periodontal infection,periodontal infection,symptom,2,2,0,1,1
soft birth canal laceration,soft birth canal laceration,symptom,12,12,4,1,66
retained lochia,retained lochia,symptom,12,12,4,1,66
small or absent tonsils,small or absent tonsils,symptom,11,11,3,1,55
shorter upper body,shorter upper body,symptom,10,10,0,1,45
normal corneas,normal corneas,symptom,10,10,0,1,45
coarse hair,coarse hair,symptom,10,10,0,1,45
decreased sense of smell,decreased sense of smell,symptom,16,16,0,1,120
reduced pigmentation of iris,reduced pigmentation of iris,symptom,7,7,6,1,21
partial albinism of skin,partial albinism of skin,symptom,7,7,6,1,21
susceptibility to recurrent respiratory,susceptibility to recurrent respiratory,symptom,7,7,6,1,21
myasthenia of the tongue,myasthenia of the tongue,symptom,3,3,7,1,3
tendon sprain,tendon sprain,symptom,10,10,0,1,45
thumbs,thumbs,symptom,17,17,0,0.551471,75
single yellow,single yellow,symptom,8,8,0,1,28
or plaques that may ulcerate,or plaques that may ulcerate,symptom,8,8,0,1,28
prolonged wound healing after tooth extraction,prolonged wound healing after tooth extraction,symptom,4,4,7,1,6
children presenting,children presenting,symptom,22,22,7,1,231
painful feet,painful feet,symptom,33,36,6,0.679924,359
cracked lips,cracked lips,symptom,22,22,7,1,231
bleeding from lips,bleeding from lips,symptom,22,22,7,1,231
a sense of blockage,a sense of blockage,symptom,4,4,8,1,6
a pale green discoloration,a pale green discoloration,symptom,4,4,7,1,6
frequently enlarged lymph nodes in front of the ears,frequently enlarged lymph nodes in front of the ears,symptom,4,4,7,1,6
under the jaw,under the jaw,symptom,13,13,7,0.538462,42
green pigmentation on the surface of the mass,green pigmentation on the surface of the mass,symptom,4,4,7,1,6
overall weakness,overall weakness,symptom,6,6,2,1,15
increased vocal resonance,increased vocal resonance,symptom,11,11,1,1,55
pulmonary hypertrophy,pulmonary hypertrophy,symptom,11,11,1,1,55
upward outward slanting of the eyes,upward outward slanting of the eyes,symptom,14,19,0,0.879121,80
diminished intellectual capacity,diminished intellectual capacity,symptom,17,17,2,1,136
wet-heat sensation,wet-heat sensation,symptom,8,8,3,1,28
papillary atrophy of the tongue,papillary atrophy of the tongue,symptom,15,15,8,0.542857,57
congenital heart conduction abnormalities,congenital heart conduction abnormalities,symptom,17,22,1,0.830882,113
the conjunctiva highly congested,the conjunctiva highly congested,symptom,6,6,6,1,15
thyroid swelling,thyroid swelling,symptom,14,14,7,0.967033,88
slight blackening of the forehead,slight blackening of the forehead,symptom,7,7,7,1,21
general soreness of head,general soreness of head,symptom,16,16,7,1,120
diminished deep,diminished deep,symptom,12,12,7,1,66
superficial reflexes,superficial reflexes,symptom,12,12,7,1,66
nipple abrasion,nipple abrasion,symptom,3,3,3,1,3
yellow viscous sputum,yellow viscous sputum,symptom,11,11,9,1,55
possible blood-stained sputum,possible blood-stained sputum,symptom,11,11,9,1,55
premenstrual breast pain,premenstrual breast pain,symptom,4,4,0,1,6
scarlatiniform tongue,scarlatiniform tongue,symptom,10,10,7,1,45
moaning,moaning,symptom,37,43,1,0.797297,531
co2 retention,co2 retention,symptom,10,10,1,1,45
pancreatic pain,pancreatic pain,symptom,11,11,7,1,55
silent abdomen,silent abdomen,symptom,11,11,7,1,55
heart pounding,heart pounding,symptom,2,2,1,1,1
the sternum is arched forward,the sternum is arched forward,symptom,8,8,3,1,28
the rib cartilages on both sides symmetrically recessed downward,the rib cartilages on both sides symmetrically recessed downward,symptom,8,8,3,1,28
backward,backward,symptom,8,8,3,1,28
forming a groove. the ribs flare outward,forming a groove. the ribs flare outward,symptom,8,8,3,1,28
some patients have asymmetric protrusion of the rib cartilages,some patients have asymmetric protrusion of the rib cartilages,symptom,8,8,3,1,28
one side higher,one side higher,symptom,8,8,3,1,28
the other flatter. often,the other flatter. often,symptom,8,8,3,1,28
the sternum also rotates towards the higher side,the sternum also rotates towards the higher side,symptom,8,8,3,1,28
below-average measurements in height,below-average measurements in height,symptom,4,4,0,1,6
delayed motor,delayed motor,symptom,4,4,0,1,6
resistance to treatment,resistance to treatment,symptom,9,9,2,1,36
disorganized thinking,disorganized thinking,symptom,9,9,2,1,36
throwing things around,throwing things around,symptom,9,9,2,1,36
impulsive harm to others,impulsive harm to others,symptom,9,9,2,1,36
inability to control oneself,inability to control oneself,symptom,9,9,2,1,36
blue iris,blue iris,symptom,17,19,6,0.661765,90
cornea turning brown-yellow; ear,cornea turning brown-yellow; ear,symptom,3,3,2,1,3
nasal cartilages may turn blue; tympanic membrane edges appear gray-black; common reduction in hearing,nasal cartilages may turn blue; tympanic membrane edges appear gray-black; common reduction in hearing,symptom,3,3,2,1,3
centripetal narrowing of the visual field,centripetal narrowing of the visual field,symptom,6,6,6,1,15
crusted chickenpox lesions,crusted chickenpox lesions,symptom,7,7,3,1,21
boys often have very small penises,boys often have very small penises,symptom,9,9,4,1,36
scrotums,scrotums,symptom,9,9,4,1,36
have disproportionately large breasts,have disproportionately large breasts,symptom,9,9,4,1,36
both internal,both internal,symptom,9,9,4,1,36
reduction in vision (unilateral or bilateral),reduction in vision (unilateral or bilateral),symptom,5,5,2,1,10
paralysis of one or more limbs,paralysis of one or more limbs,symptom,5,5,2,1,10
increased discharge resembling cottage cheese,increased discharge resembling cottage cheese,symptom,3,3,4,1,3
disrupted sleep rhythms,disrupted sleep rhythms,symptom,8,8,2,1,28
hypotonia of limbs,hypotonia of limbs,symptom,3,3,2,1,3
pain during childbirth,pain during childbirth,symptom,6,6,4,1,15
numbness in the lumbar,numbness in the lumbar,symptom,5,5,3,1,10
buttock area,buttock area,symptom,5,5,3,1,10
originating from the middle part of the iliac crest,originating from the middle part of the iliac crest,symptom,5,5,3,1,10
radiating downwards,radiating downwards,symptom,5,5,3,1,10
reaching the lateral posterior thigh,reaching the lateral posterior thigh,symptom,5,5,3,1,10
-wringing,-wringing,symptom,7,7,2,1,21
spinal nerve root damage,spinal nerve root damage,symptom,2,2,0,1,1
dizzy spells,dizzy spells,symptom,11,11,1,1,55
hemochromatosis,hemochromatosis,symptom,3,3,7,1,3
osteitis,osteitis,symptom,3,3,3,1,3
renal atrophy,renal atrophy,symptom,6,6,4,1,15
protruding sternum,protruding sternum,symptom,12,12,1,1,66
aggravation of pain during walking,aggravation of pain during walking,symptom,7,7,0,0.571429,12
eye squinting,eye squinting,symptom,10,10,9,1,45
tongue protrusion,tongue protrusion,symptom,10,10,9,1,45
grimacing,grimacing,symptom,10,10,9,1,45
alternating extension,alternating extension,symptom,10,10,9,1,45
flexion of the upper limb joints,flexion of the upper limb joints,symptom,10,10,9,1,45
irregular gait of the lower limbs,irregular gait of the lower limbs,symptom,10,10,9,1,45
disappearance during sleep,disappearance during sleep,symptom,10,10,9,1,45
excessive earwax,excessive earwax,symptom,5,5,2,1,10
blocked ear canal,blocked ear canal,symptom,5,5,2,1,10
dorsal displacement,dorsal displacement,symptom,10,10,0,1,45
proximal depression,proximal depression,symptom,10,10,0,1,45
solitude,solitude,symptom,10,10,2,1,45
weakened arterial pulse,weakened arterial pulse,symptom,26,26,0,1,325
morphological changes of the bladder,morphological changes of the bladder,symptom,4,4,4,1,6
blocked or partially blocked fallopian tubes,blocked or partially blocked fallopian tubes,symptom,11,11,4,1,55
light-colored stool,light-colored stool,symptom,3,3,7,1,3
superficial scars,superficial scars,symptom,12,12,3,1,66
ankylosing spondylitis,ankylosing spondylitis,symptom,12,12,3,1,66
inflammatory diseases,inflammatory diseases,symptom,12,12,3,1,66
necrotizing pyoderma,necrotizing pyoderma,symptom,18,19,3,0.79085,121
clinically symptoms,clinically symptoms,symptom,6,6,7,1,15
may be painless,may be painless,symptom,6,6,7,1,15
presenting only as a lump,presenting only as a lump,symptom,6,6,7,1,15
dysfunction in later stages,dysfunction in later stages,symptom,6,6,7,1,15
acute cramps,acute cramps,symptom,13,13,2,1,78
varying amounts of bleeding,varying amounts of bleeding,symptom,7,7,4,1,21
local venous cord-like induration,local venous cord-like induration,symptom,6,6,0,1,15
lack of sexual interest,lack of sexual interest,symptom,11,11,4,1,55
dem,dem,symptom,11,11,4,1,55
loss of nourishment in the muscles,loss of nourishment in the muscles,symptom,11,11,4,1,55
humans can be bitten by domestic animals such as dogs,humans can be bitten by domestic animals such as dogs,symptom,4,4,60,1,6
cats,cats,symptom,4,4,60,1,6
pigs,pigs,symptom,4,4,60,1,6
or by wild animals such as rats,or by wild animals such as rats,symptom,4,4,60,1,6
wolves,wolves,symptom,4,4,60,1,6
pleural metastasis,pleural metastasis,symptom,7,7,1,1,21
mild itching,mild itching,symptom,16,17,3,0.6,72
crust over,crust over,symptom,4,4,3,1,6
peri-umbilical pain,peri-umbilical pain,symptom,16,20,7,0.8,96
signs of high metabolism,signs of high metabolism,symptom,12,12,6,1,66
inability to lift the head (neck flexor weakness),inability to lift the head (neck flexor weakness),symptom,2,2,2,1,1
systemic circulation congestion,systemic circulation congestion,symptom,5,5,1,1,10
cushingoid facies,cushingoid facies,symptom,5,5,1,1,10
subungual hemorrhage in the form of splitting,subungual hemorrhage in the form of splitting,symptom,4,4,3,1,6
cutaneous hemangioma-like lesions,cutaneous hemangioma-like lesions,symptom,1,1,1,0,0
brain metastasis,brain metastasis,symptom,9,9,2,1,36
top-heavy sensation,top-heavy sensation,symptom,9,9,2,1,36
intolerance to noise,intolerance to noise,symptom,14,14,2,1,91
negativity,negativity,symptom,14,14,2,1,91
common occurrence of interrupted urination,common occurrence of interrupted urination,symptom,7,7,4,1,21
high volume of stools,high volume of stools,symptom,11,11,7,1,55
lesions to joints,lesions to joints,symptom,13,13,7,1,78
throaty noise,throaty noise,symptom,4,4,1,1,6
neck mobility,neck mobility,symptom,7,9,0,0.714286,15
pulsating sensation in head or neck,pulsating sensation in head or neck,symptom,5,5,0,1,10
or turn over,or turn over,symptom,12,12,0,0.606061,40
polymorphic erythema,polymorphic erythema,symptom,6,6,3,1,15
little speech,little speech,symptom,14,14,7,1,91
swollen scrotum,swollen scrotum,symptom,7,7,4,1,21
distributed by the ulnar nerve,distributed by the ulnar nerve,symptom,26,26,0,1,325
bone marrow hematopoietic cell regenerative disorder,bone marrow hematopoietic cell regenerative disorder,symptom,8,8,7,1,28
optic nerve swelling,optic nerve swelling,symptom,2,2,6,1,1
punctate hemorrhage,punctate hemorrhage,symptom,2,2,6,1,1
sunken eyes,sunken eyes,symptom,23,28,7,0.909091,230
scrotal heaviness,scrotal heaviness,symptom,20,21,7,0.715789,136
reducible mass,reducible mass,symptom,20,22,0,0.315789,60
radiating towards the iliac fossa,radiating towards the iliac fossa,symptom,7,7,4,1,21
hypergastrinemia,hypergastrinemia,symptom,9,9,7,1,36
giant gastric antrum syndrome,giant gastric antrum syndrome,symptom,9,9,7,1,36
hirsutism in women,hirsutism in women,symptom,11,11,2,1,55
characterized by hardness,characterized by hardness,symptom,16,16,0,0.591667,71
the lesions initially present as tiny,the lesions initially present as tiny,symptom,5,5,0,1,10
resembling the size,resembling the size,symptom,5,5,0,1,10
shape of seborrheic keratosis,shape of seborrheic keratosis,symptom,5,5,0,1,10
flat warts,flat warts,symptom,5,5,0,1,10
scrotal pain,scrotal pain,symptom,17,18,7,0.573529,78
sprains,sprains,symptom,13,13,0,0.615385,48
avulsion fractures,avulsion fractures,symptom,5,5,0,1,10
pharyngeal burning,pharyngeal burning,symptom,3,3,8,1,3
out sputum,out sputum,symptom,7,7,1,1,21
pain in the affected area after drinking alcohol,pain in the affected area after drinking alcohol,symptom,7,7,1,1,21
umbilical cord are stained green or dark green,umbilical cord are stained green or dark green,symptom,18,18,1,1,153
nostril flaring,nostril flaring,symptom,18,18,1,1,153
eversion of the bladder,eversion of the bladder,symptom,8,8,3,1,28
excretion of urine,excretion of urine,symptom,8,8,3,1,28
/or vagina,/or vagina,symptom,8,8,3,1,28
yellowish-white mucoid sputum,yellowish-white mucoid sputum,symptom,10,10,1,1,45
relaxed upper eyelids,relaxed upper eyelids,symptom,12,12,0,1,66
hard liver texture,hard liver texture,symptom,17,17,7,0.647059,88
liver lobe atrophy,liver lobe atrophy,symptom,12,12,7,1,66
low ejection fraction,low ejection fraction,symptom,12,12,1,1,66
hemodynamic instability,hemodynamic instability,symptom,12,12,1,1,66
abnormal qrs complexes,abnormal qrs complexes,symptom,12,12,1,1,66
vomiting bile or bitter green fluid when coughing,vomiting bile or bitter green fluid when coughing,symptom,6,6,7,1,15
dactylitis,dactylitis,symptom,14,16,4,0.835165,76
menstrual swelling,menstrual swelling,symptom,3,3,0,1,3
presence of small depressions in the lumbosacral skin,presence of small depressions in the lumbosacral skin,symptom,13,13,4,1,78
skin sinuses,skin sinuses,symptom,13,13,4,1,78
midline lumbosacral hemangiomas,midline lumbosacral hemangiomas,symptom,13,13,4,1,78
asymmetrical gluteal cleft,asymmetrical gluteal cleft,symptom,13,13,4,1,78
or subcutaneous tumors,or subcutaneous tumors,symptom,3,3,0,1,3
infant sweating during sleep,infant sweating during sleep,symptom,7,7,2,1,21
limb hypertrophy,limb hypertrophy,symptom,33,33,4,0.337121,178
calcaneal spur,calcaneal spur,symptom,6,6,0,1,15
knee spur,knee spur,symptom,6,6,0,1,15
numbness in the index,numbness in the index,symptom,6,6,0,1,15
impaired glucose tolerance,impaired glucose tolerance,symptom,1,1,2,0,0
symptoms include morning sickness,symptoms include morning sickness,symptom,5,5,7,1,10
soft tissue hematoma,soft tissue hematoma,symptom,2,2,3,1,1
both superficial,both superficial,symptom,9,9,2,1,36
cervical vertigo,cervical vertigo,symptom,11,11,6,1,55
neck burns,neck burns,symptom,11,11,6,1,55
bright red nevus,bright red nevus,symptom,6,6,3,1,15
irregular edges,irregular edges,symptom,6,6,3,1,15
aggravated after feeding,aggravated after feeding,symptom,6,6,1,1,15
enhanced platelet aggregation,enhanced platelet aggregation,symptom,9,9,6,1,36
split ends,split ends,symptom,9,9,6,1,36
swelling in the groin or obturator region,swelling in the groin or obturator region,symptom,10,10,0,1,45
knee flexion,knee flexion,symptom,10,10,0,1,45
uncomfortable hip,uncomfortable hip,symptom,10,10,0,1,45
children dragging feet while walking,children dragging feet while walking,symptom,10,10,0,1,45
wrist movement,wrist movement,symptom,6,6,0,1,15
out pus,out pus,symptom,24,24,7,1,276
lesions appear as milky white or yellow,lesions appear as milky white or yellow,symptom,4,4,3,1,6
their tops rounded,their tops rounded,symptom,4,4,3,1,6
a very thin layer of epidermis,a very thin layer of epidermis,symptom,9,9,3,0.472222,17
raised surface,raised surface,symptom,14,14,0,0.351648,32
post-exercise muscle cramps,post-exercise muscle cramps,symptom,3,3,2,1,3
transient myoglobinuria,transient myoglobinuria,symptom,3,3,2,1,3
muscle fatigue,muscle fatigue,symptom,3,3,2,1,3
semi-flexion of the ulnar three fingers,semi-flexion of the ulnar three fingers,symptom,13,13,0,0.487179,38
milk discharge,milk discharge,symptom,16,16,4,1,120
inability to form a perfect 'o',inability to form a perfect 'o',symptom,9,9,0,1,36
finger pain,finger pain,symptom,20,20,0,0.384211,73
temperature of the limbs,temperature of the limbs,symptom,9,9,0,1,36
aniridia,aniridia,symptom,7,7,6,1,21
purple striae on the abdomen,purple striae on the abdomen,symptom,5,5,7,1,10
inner sides of limbs,inner sides of limbs,symptom,5,5,7,1,10
or labor,or labor,symptom,7,7,0,1,21
hemorrhage commonly occurs on the face,hemorrhage commonly occurs on the face,symptom,4,4,3,1,6
paraplegic paralysis,paraplegic paralysis,symptom,13,13,2,1,78
drawing attention from others,drawing attention from others,symptom,2,2,4,1,1
pupillary changes,pupillary changes,symptom,8,8,2,1,28
arterial wall like,arterial wall like,symptom,2,2,3,1,1
arterial gunshot sound,arterial gunshot sound,symptom,2,2,3,1,1
decreased concentration,decreased concentration,symptom,5,5,2,1,10
crust-like scales,crust-like scales,symptom,25,25,3,1,300
erythromelalgia,erythromelalgia,symptom,12,12,7,1,66
pulsating movement,pulsating movement,symptom,18,18,1,0.575163,88
cross-dressing,cross-dressing,symptom,10,10,9,1,45
sexual sadism,sexual sadism,symptom,10,10,9,1,45
for towels or bed covers),for towels or bed covers),symptom,10,10,9,1,45
abnormal interest in female items,abnormal interest in female items,symptom,10,10,9,1,45
hypersexuality,hypersexuality,symptom,10,10,9,1,45
ultrasound shows the fetus lacks a cranial acoustic figure,ultrasound shows the fetus lacks a cranial acoustic figure,symptom,0,0,61,0,0
changes in the shape of the head,changes in the shape of the head,symptom,4,4,3,1,6
local asymmetrical protrusions of the skull,local asymmetrical protrusions of the skull,symptom,4,4,3,1,6
containing granular ossification isl,containing granular ossification isl,symptom,4,4,3,1,6
affects vision,affects vision,symptom,6,6,6,1,15
rubbing of the eyes,rubbing of the eyes,symptom,6,6,6,1,15
conical thickening,conical thickening,symptom,2,2,0,1,1
weeping sores,weeping sores,symptom,17,17,3,1,136
uneven shoulders,uneven shoulders,symptom,11,11,0,1,55
uneven leg length,uneven leg length,symptom,11,11,0,1,55
moderate intellectual disability,moderate intellectual disability,symptom,4,4,2,1,6
the need to squat to relieve heart fatigue during physical activity,the need to squat to relieve heart fatigue during physical activity,symptom,19,19,1,1,171
a rare complication of intraocular surgery,a rare complication of intraocular surgery,symptom,2,2,0,1,1
insect-bite-like atrophic small pits,insect-bite-like atrophic small pits,symptom,7,7,3,1,21
distributed on the eyebrows,distributed on the eyebrows,symptom,7,7,3,1,21
pinprick sensation,pinprick sensation,symptom,16,16,8,1,120
significant oral odor,significant oral odor,symptom,3,3,7,1,3
a variety of tic movements,a variety of tic movements,symptom,1,1,9,0,0
one or more involuntary vocalizations,one or more involuntary vocalizations,symptom,26,26,9,0.923077,300
katayama fever,katayama fever,symptom,9,9,7,1,36
portosystemic collateral circulation,portosystemic collateral circulation,symptom,9,9,7,1,36
hematomas,hematomas,symptom,2,2,7,1,1
cartilage hypoplasia,cartilage hypoplasia,symptom,3,3,0,1,3
scleral pigmentation,scleral pigmentation,symptom,3,3,0,1,3
abnormal penile appearance,abnormal penile appearance,symptom,1,1,4,0,0
anal heaviness,anal heaviness,symptom,8,8,7,1,28
oral mucositis,oral mucositis,symptom,14,14,7,1,91
eyelid tremor,eyelid tremor,symptom,4,4,6,1,6
contraction of all vaginal muscles leading to abnormal sensations in the vulva,contraction of all vaginal muscles leading to abnormal sensations in the vulva,symptom,5,5,4,1,10
lifting pulsation,lifting pulsation,symptom,11,11,1,1,55
atrioventricular canal defect,atrioventricular canal defect,symptom,21,23,1,0.7,147
transposition of the great arteries,transposition of the great arteries,symptom,11,11,1,1,55
narcolepsy,narcolepsy,symptom,10,10,2,1,45
recurrent colds,recurrent colds,symptom,18,18,7,1,153
encephalocele,encephalocele,symptom,11,11,2,1,55
tuberous sclerosis,tuberous sclerosis,symptom,11,11,2,1,55
early stages include a sensation of teeth floating,early stages include a sensation of teeth floating,symptom,5,5,9,1,10
weak chewing ability,weak chewing ability,symptom,5,5,9,1,10
flat lichen,flat lichen,symptom,11,11,3,1,55
skeletal mass,skeletal mass,symptom,22,24,6,0.627706,145
elevated leukocyte count,elevated leukocyte count,symptom,14,14,7,1,91
dry nose,dry nose,symptom,19,19,7,1,171
bulging abdominal veins,bulging abdominal veins,symptom,19,19,7,1,171
transient fever,transient fever,symptom,11,11,7,1,55
polyarthritis,polyarthritis,symptom,1,1,7,0,0
commonly occurs in the lower limbs,commonly occurs in the lower limbs,symptom,13,13,3,1,78
especially in the calf muscles,especially in the calf muscles,symptom,13,13,3,1,78
writhing,writhing,symptom,13,13,3,1,78
needle pricks,needle pricks,symptom,13,13,3,1,78
under cold stimuli,under cold stimuli,symptom,5,5,3,1,10
female bladder neck obstruction,female bladder neck obstruction,symptom,7,7,4,1,21
vulvar nodules,vulvar nodules,symptom,9,9,3,1,36
the surface of papillomas or small warts may appear grayish-white,the surface of papillomas or small warts may appear grayish-white,symptom,9,9,3,1,36
hyperpigmented,hyperpigmented,symptom,11,11,3,0.672727,37
or dark red. the tumoral surface is often dry,or dark red. the tumoral surface is often dry,symptom,9,9,3,1,36
short limbs,short limbs,symptom,18,22,0,0.464052,71
broad face,broad face,symptom,7,7,0,1,21
short fingers,short fingers,symptom,6,6,0,1,15
bow-shaped lower limbs,bow-shaped lower limbs,symptom,6,6,0,1,15
intelligence usually unaffected,intelligence usually unaffected,symptom,6,6,0,1,15
longitudinal thumb compression causing pain,longitudinal thumb compression causing pain,symptom,6,6,0,1,15
significant orofacial cleft,significant orofacial cleft,symptom,4,4,8,1,6
dysfunction in sucking,dysfunction in sucking,symptom,4,4,8,1,6
hypernasality,hypernasality,symptom,4,4,8,1,6
ida infection,ida infection,symptom,13,13,3,1,78
mucosal adhesion,mucosal adhesion,symptom,13,13,3,1,78
scanty sputum,scanty sputum,symptom,16,18,7,0.991667,119
cases progress rapidly showing pneumonia,cases progress rapidly showing pneumonia,symptom,15,15,7,1,105
monolid,monolid,symptom,2,2,6,1,1
sensory deficits,sensory deficits,symptom,18,18,2,1,153
armpit sweating,armpit sweating,symptom,6,6,1,1,15
an unusual smell,an unusual smell,symptom,6,6,1,1,15
signs of low-intestinal obstruction appearing from several days to months,signs of low-intestinal obstruction appearing from several days to months,symptom,3,3,7,1,3
congested tonsils,congested tonsils,symptom,5,5,7,1,10
while larger ones can cause pain,while larger ones can cause pain,symptom,4,4,1,1,6
a feeling of obstruction,a feeling of obstruction,symptom,4,4,1,1,6
turbinate hypertrophy,turbinate hypertrophy,symptom,18,18,1,1,153
nasal vestibular cyst,nasal vestibular cyst,symptom,18,18,1,1,153
esophageal dilation,esophageal dilation,symptom,14,14,2,1,91
uterine height compared to other pregnant women at the same stage,uterine height compared to other pregnant women at the same stage,symptom,8,8,4,1,28
high uterine sensitivity,high uterine sensitivity,symptom,8,8,4,1,28
stimulations can induce contractions,stimulations can induce contractions,symptom,8,8,4,1,28
uncoordinated contractions,uncoordinated contractions,symptom,8,8,4,1,28
posterior embryotoxon,posterior embryotoxon,symptom,4,4,6,1,6
delayed wound healing,delayed wound healing,symptom,11,11,7,1,55
underdeveloped sexual organs,underdeveloped sexual organs,symptom,11,11,7,1,55
secondary deformities,secondary deformities,symptom,7,7,0,1,21
presence of a fully developed nipple,presence of a fully developed nipple,symptom,5,5,0,1,10
in the accessory breast,in the accessory breast,symptom,5,5,0,1,10
chylocele,chylocele,symptom,12,12,0,1,66
cardiac rigidity,cardiac rigidity,symptom,19,23,1,0.836257,143
hemorrhagic exudate,hemorrhagic exudate,symptom,12,12,1,1,66
petechiae on the conjunctiva,petechiae on the conjunctiva,symptom,17,17,6,1,136
flat papillae on the palpebral conjunctiva,flat papillae on the palpebral conjunctiva,symptom,17,17,6,1,136
exposure of yellow pus spots,exposure of yellow pus spots,symptom,17,17,6,1,136
palpable lump in the areola,palpable lump in the areola,symptom,2,2,4,1,1
head movements,head movements,symptom,7,7,0,1,21
local bony protuberance,local bony protuberance,symptom,7,7,0,1,21
v-esotropia,v-esotropia,symptom,1,1,62,0,0
a-exotropia,a-exotropia,symptom,1,1,62,0,0
epiglottic,epiglottic,symptom,6,6,6,1,15
vocal cord hyperplastic lesions,vocal cord hyperplastic lesions,symptom,6,6,6,1,15
tonsillar tuberculosis,tonsillar tuberculosis,symptom,6,6,6,1,15
under the breasts,under the breasts,symptom,11,11,4,1,55
verrucous (wart-like) proliferations,verrucous (wart-like) proliferations,symptom,11,11,4,1,55
exudates develop on the base,exudates develop on the base,symptom,11,11,4,1,55
a rancid odor,a rancid odor,symptom,11,11,4,1,55
surrounded by narrow erythema,surrounded by narrow erythema,symptom,13,13,4,0.75641,59
exacerbation during fatigue or overcast weather,exacerbation during fatigue or overcast weather,symptom,3,3,4,1,3
sternal protrusion of the chest,sternal protrusion of the chest,symptom,9,9,1,1,36
liver qi stagnation,liver qi stagnation,symptom,24,24,3,0.554348,153
presence of a central dark spot,presence of a central dark spot,symptom,2,2,6,1,1
baby's sleep disturbance,baby's sleep disturbance,symptom,9,9,3,1,36
lower-left abdominal pain,lower-left abdominal pain,symptom,3,3,7,1,3
apathetic behavior,apathetic behavior,symptom,9,9,2,1,36
characterized by well-demarcated,characterized by well-demarcated,symptom,4,4,3,1,6
non-inflammatory,non-inflammatory,symptom,4,4,3,1,6
dry surfaces covered,dry surfaces covered,symptom,4,4,3,1,6
pain in the lower limbs after prolonged st,pain in the lower limbs after prolonged st,symptom,7,7,0,1,21
pigmentation in the lower part of the calf,pigmentation in the lower part of the calf,symptom,7,7,0,1,21
ulcerations of the throat,ulcerations of the throat,symptom,3,3,3,1,3
skull fracture,skull fracture,symptom,7,7,2,1,21
spinal scoliosis,spinal scoliosis,symptom,13,13,0,0.474359,37
prematurely aged features,prematurely aged features,symptom,2,2,0,1,1
increased food intake,increased food intake,symptom,14,14,1,1,91
reduced physical activity,reduced physical activity,symptom,20,20,1,0.757895,144
inappropriate laughter,inappropriate laughter,symptom,11,11,2,1,55
loss of control,loss of control,symptom,20,20,2,0.657895,125
voluminous stools,voluminous stools,symptom,21,21,7,1,210
which are round or oval-shaped,which are round or oval-shaped,symptom,1,1,0,0,0
finger numbness,finger numbness,symptom,14,14,0,0.714286,65
swelling of the tongue,swelling of the tongue,symptom,4,4,7,1,6
episodes of worsening pain,episodes of worsening pain,symptom,18,18,7,1,153
vomitus being yellow or grass-green in color,vomitus being yellow or grass-green in color,symptom,18,18,7,1,153
tissue pain,tissue pain,symptom,7,7,3,0.809524,17
commonly begins in one eye,commonly begins in one eye,symptom,11,11,6,1,55
the lens often shows subcapsular opacities appearing as rosette petal-like,the lens often shows subcapsular opacities appearing as rosette petal-like,symptom,11,11,6,1,55
streak-like,streak-like,symptom,11,11,6,1,55
feet together,feet together,symptom,3,6,0,1,3
discharge of residual tissues,discharge of residual tissues,symptom,2,2,4,1,1
inflammatory mass,inflammatory mass,symptom,3,3,7,1,3
poor immunity,poor immunity,symptom,4,4,2,1,6
increased gluconeogenesis,increased gluconeogenesis,symptom,10,10,7,1,45
positive hepatitis b e antigen (hbeag),positive hepatitis b e antigen (hbeag),symptom,16,17,7,0.816667,98
difficulty in reading small print,difficulty in reading small print,symptom,10,10,6,1,45
color differentiation,color differentiation,symptom,10,10,6,1,45
difficulty distinguishing between red,difficulty distinguishing between red,symptom,10,10,6,1,45
cervical spondylotic degeneration,cervical spondylotic degeneration,symptom,4,4,0,1,6
cervicalgia,cervicalgia,symptom,4,4,0,1,6
maturation disorders of bone marrow megakaryocytes,maturation disorders of bone marrow megakaryocytes,symptom,9,9,7,1,36
megacolon,megacolon,symptom,2,2,0,1,1
the '5p's (pain,the '5p's (pain,symptom,12,12,1,1,66
paralysis),paralysis),symptom,12,12,1,1,66
scratching marks,scratching marks,symptom,44,44,3,0.845666,800
conjunctival foreign body sensation,conjunctival foreign body sensation,symptom,1,1,6,0,0
peptic ulcer in children,peptic ulcer in children,symptom,11,11,7,1,55
skin yellowing,skin yellowing,symptom,2,2,3,1,1
vomiting of a purple-blue substance,vomiting of a purple-blue substance,symptom,12,12,3,1,66
throat soreness,throat soreness,symptom,12,12,3,1,66
a feeling of dragging,a feeling of dragging,symptom,4,4,4,1,6
local mass,local mass,symptom,4,4,4,1,6
prominent shoulder blades,prominent shoulder blades,symptom,3,3,6,1,3
hunched back,hunched back,symptom,3,3,6,1,3
speech disturbance,speech disturbance,symptom,8,8,2,1,28
pain at exposed sites,pain at exposed sites,symptom,10,10,3,1,45
facial collapse,facial collapse,symptom,8,8,0,1,28
cervical radiculitis causes pain,cervical radiculitis causes pain,symptom,5,5,2,1,10
cephalalgia,cephalalgia,symptom,7,7,2,1,21
acute cervical inflammation,acute cervical inflammation,symptom,11,11,4,1,55
nerve function in the lower limbs,nerve function in the lower limbs,symptom,7,7,2,1,21
large head,large head,symptom,19,19,2,0.561404,96
locking of the lumbar region,locking of the lumbar region,symptom,8,8,2,1,28
lumbar distension,lumbar distension,symptom,8,8,2,1,28
excessive childbirth,excessive childbirth,symptom,8,8,2,1,28
sudden cramps,sudden cramps,symptom,13,13,2,1,78
yellow-green frothy vaginal discharge,yellow-green frothy vaginal discharge,symptom,13,13,4,1,78
loss of wakefulness,loss of wakefulness,symptom,4,4,2,1,6
breast dull pain,breast dull pain,symptom,6,6,0,1,15
changes in the nipple,changes in the nipple,symptom,6,6,0,1,15
changes in breast contour,changes in breast contour,symptom,6,6,0,1,15
clear borders,clear borders,symptom,6,6,0,1,15
varying sizes. the color fades when the tumor is pressed,varying sizes. the color fades when the tumor is pressed,symptom,6,6,0,1,15
returns once the pressure is relieved,returns once the pressure is relieved,symptom,6,6,0,1,15
abnormal odor from the reproductive tract,abnormal odor from the reproductive tract,symptom,19,19,4,0.637427,109
lesions on the vestibule,lesions on the vestibule,symptom,11,11,4,1,55
initially like beans,initially like beans,symptom,3,3,0,1,3
clustering like a string of pearls,clustering like a string of pearls,symptom,3,3,0,1,3
swelling or indentation of the forehead,swelling or indentation of the forehead,symptom,16,16,6,1,120
posterior displacement of the supraorbital rim,posterior displacement of the supraorbital rim,symptom,16,16,6,1,120
tear overflow,tear overflow,symptom,16,16,6,1,120
excessive menstrual flow,excessive menstrual flow,symptom,1,1,7,0,0
exposed veins,exposed veins,symptom,8,8,7,1,28
absence of testes,absence of testes,symptom,1,1,4,0,0
impaired pharyngeal peristalsis,impaired pharyngeal peristalsis,symptom,1,1,8,0,0
spinal trauma,spinal trauma,symptom,5,5,0,1,10
startled perception,startled perception,symptom,2,2,9,1,1
warm palms,warm palms,symptom,9,9,9,1,36
warm h,warm h,symptom,6,6,2,1,15
red cheeks,red cheeks,symptom,6,6,2,1,15
tidal fever in the afternoon,tidal fever in the afternoon,symptom,6,6,2,1,15
determined by the amount of melanin in the skin,determined by the amount of melanin in the skin,symptom,2,2,3,1,1
commonly occurs in exposed areas,commonly occurs in exposed areas,symptom,2,2,3,1,1
presence of brown pigmentation in nails,presence of brown pigmentation in nails,symptom,6,6,0,1,15
ear cartilage,ear cartilage,symptom,6,6,0,1,15
distension of the frontal,distension of the frontal,symptom,7,7,6,1,21
temporal scalp veins,temporal scalp veins,symptom,7,7,6,1,21
blurry eyes,blurry eyes,symptom,2,2,6,1,1
visuospatial skills impairment,visuospatial skills impairment,symptom,5,5,2,1,10
executive function disorder,executive function disorder,symptom,5,5,2,1,10
purulent exudates,purulent exudates,symptom,5,5,3,1,10
blue-gray or blue-black nodules,blue-gray or blue-black nodules,symptom,8,8,3,1,28
nipple inflammation,nipple inflammation,symptom,8,8,4,1,28
nipple cracking,nipple cracking,symptom,8,8,4,1,28
out seeing the toes,out seeing the toes,symptom,12,12,2,1,66
limitation of voluntary eye movements,limitation of voluntary eye movements,symptom,12,12,2,1,66
greasy sweat,greasy sweat,symptom,10,10,4,1,45
rales on chest auscultation,rales on chest auscultation,symptom,7,7,6,1,21
burning sensations on the half-toe,burning sensations on the half-toe,symptom,14,14,0,1,91
symptoms worsening after activities,symptoms worsening after activities,symptom,14,14,0,1,91
surrounding red halo,surrounding red halo,symptom,3,3,3,1,3
satellite nodules,satellite nodules,symptom,3,3,3,1,3
jaw pain,jaw pain,symptom,2,2,0,1,1
facial spasm,facial spasm,symptom,3,3,6,1,3
blue or black nodules,blue or black nodules,symptom,2,2,3,1,1
or ulcerative tumors,or ulcerative tumors,symptom,2,2,3,1,1
amyloid deposits,amyloid deposits,symptom,21,26,3,0.638095,134
swelling of the parotid area,swelling of the parotid area,symptom,6,6,0,0.4,6
alleviated by rest,alleviated by rest,symptom,6,6,0,1,15
feet resembling dance,feet resembling dance,symptom,4,4,2,1,6
choreic gait,choreic gait,symptom,4,4,2,1,6
suppressed respiration,suppressed respiration,symptom,11,11,1,1,55
tidal breathing,tidal breathing,symptom,11,11,1,1,55
right heart dysfunction,right heart dysfunction,symptom,11,11,1,1,55
significantly irregular cycle,significantly irregular cycle,symptom,11,11,4,1,55
chloasma,chloasma,symptom,11,11,4,1,55
aggravation from fatigue,aggravation from fatigue,symptom,5,5,4,1,10
prone to frequent strains,prone to frequent strains,symptom,5,5,4,1,10
heaviness in the limbs,heaviness in the limbs,symptom,7,7,3,1,21
beak-like pointed nose,beak-like pointed nose,symptom,11,11,0,1,55
gray-white hair across the body,gray-white hair across the body,symptom,11,11,0,1,55
loss of tendon reflex,loss of tendon reflex,symptom,11,11,0,1,55
white eyebrows,white eyebrows,symptom,11,11,0,1,55
scar atrophic depressions,scar atrophic depressions,symptom,2,2,3,1,1
cerebral herniation,cerebral herniation,symptom,9,9,2,1,36
if located at the pons,if located at the pons,symptom,11,11,2,1,55
in the brain parenchyma,in the brain parenchyma,symptom,11,11,2,1,55
painless mass on the skin surface,painless mass on the skin surface,symptom,8,8,0,1,28
hip dislocation,hip dislocation,symptom,2,2,0,1,1
bone fissures,bone fissures,symptom,2,2,0,1,1
blue maculae,blue maculae,symptom,8,8,3,1,28
pruritic scratch marks,pruritic scratch marks,symptom,8,8,3,1,28
scrotal pruritus,scrotal pruritus,symptom,8,8,3,1,28
episodic moderate to severe,episodic moderate to severe,symptom,4,4,2,1,6
visions,visions,symptom,3,3,2,1,3
frequent expulsion of air from the vagina,frequent expulsion of air from the vagina,symptom,4,4,2,1,6
similar to flatulence,similar to flatulence,symptom,4,4,2,1,6
uncontrollable by the individual,uncontrollable by the individual,symptom,5,5,2,0.6,6
producing a continuous rustling sound,producing a continuous rustling sound,symptom,4,4,2,1,6
absence of corneal,absence of corneal,symptom,3,3,2,1,3
subcutaneous fat necrosis,subcutaneous fat necrosis,symptom,11,12,3,0.581818,32
plaques start to soften,plaques start to soften,symptom,7,7,3,1,21
absorb around the full moon,absorb around the full moon,symptom,7,7,3,1,21
completely resolving after several months,completely resolving after several months,symptom,7,7,3,1,21
nodules are distributed sporadically,nodules are distributed sporadically,symptom,7,7,3,1,21
mucus leakage,mucus leakage,symptom,6,6,3,1,15
limb dysmetria,limb dysmetria,symptom,11,11,2,1,55
erythematous face,erythematous face,symptom,11,11,2,1,55
nasal telangiectasias,nasal telangiectasias,symptom,11,11,2,1,55
ankle sprain,ankle sprain,symptom,9,9,0,1,36
biliary ascariasis,biliary ascariasis,symptom,11,11,7,1,55
intestinal ascariasis,intestinal ascariasis,symptom,11,11,7,1,55
slow urine stream,slow urine stream,symptom,11,11,4,1,55
long breaths,long breaths,symptom,6,6,2,1,15
apathetic reactions,apathetic reactions,symptom,6,6,2,1,15
postoperative internal hernia,postoperative internal hernia,symptom,5,5,7,1,10
weak occlusion,weak occlusion,symptom,3,3,0,1,3
a vascular lesion formed by the branchial dilation of the terminal ends of small arteries in the skin,a vascular lesion formed by the branchial dilation of the terminal ends of small arteries in the skin,symptom,0,0,63,0,0
hyperpigmentation in the lower leg,hyperpigmentation in the lower leg,symptom,3,3,6,1,3
moderate pronation of the forearm,moderate pronation of the forearm,symptom,6,6,0,1,15
reluctance to supinate or flex the elbow,reluctance to supinate or flex the elbow,symptom,6,6,0,1,15
unwillingness to raise,unwillingness to raise,symptom,6,6,0,1,15
urethral protrusion,urethral protrusion,symptom,1,1,4,0,0
facial fever,facial fever,symptom,7,7,6,1,21
general heaviness of the body,general heaviness of the body,symptom,11,11,7,1,55
discomfort all over,discomfort all over,symptom,11,11,7,1,55
scanty sweating,scanty sweating,symptom,11,11,7,1,55
out desire to drink water,out desire to drink water,symptom,11,11,7,1,55
gastric dilation,gastric dilation,symptom,12,12,4,1,66
brain trauma,brain trauma,symptom,6,6,2,1,15
respiratory rhythm disorders,respiratory rhythm disorders,symptom,6,6,2,1,15
gastrointestinal damage,gastrointestinal damage,symptom,6,6,2,1,15
perianal burning pain,perianal burning pain,symptom,11,11,3,1,55
multiply,multiply,symptom,11,11,3,1,55
tending to coalesce or overlap,tending to coalesce or overlap,symptom,11,11,3,1,55
presenting as cauliflower-like,presenting as cauliflower-like,symptom,11,11,3,1,55
fungiform,fungiform,symptom,11,11,3,1,55
or cockscomb-like proliferative lesions,or cockscomb-like proliferative lesions,symptom,11,11,3,1,55
some lesions at their base may have a pedicle,some lesions at their base may have a pedicle,symptom,11,11,3,1,55
drawal behavior in children,drawal behavior in children,symptom,7,7,2,1,21
biliary atresia,biliary atresia,symptom,7,7,7,1,21
vaginal masses,vaginal masses,symptom,4,4,4,1,6
history of thoracolumbar sprain,history of thoracolumbar sprain,symptom,9,9,0,1,36
pain at the thoracolumbar junction,pain at the thoracolumbar junction,symptom,9,9,0,1,36
passive posture,passive posture,symptom,9,9,0,1,36
menstruation at an unusually early age,menstruation at an unusually early age,symptom,2,2,3,1,1
turbidity causing sticky obstruction,turbidity causing sticky obstruction,symptom,4,4,64,1,6
affecting the flow of qi,affecting the flow of qi,symptom,4,4,64,1,6
blood in the meridians,blood in the meridians,symptom,4,4,64,1,6
collaterals,collaterals,symptom,4,4,64,1,6
appetite reduction,appetite reduction,symptom,11,11,2,1,55
increased head circumference,increased head circumference,symptom,11,11,2,1,55
generalized pruritus,generalized pruritus,symptom,6,6,7,1,15
pelvic fractures,pelvic fractures,symptom,13,13,4,1,78
distal ischemia,distal ischemia,symptom,7,7,0,1,21
cold toes,cold toes,symptom,7,7,0,1,21
eventually leading to intense burning pain,eventually leading to intense burning pain,symptom,7,7,0,1,21
color transition from red to dark to black,color transition from red to dark to black,symptom,7,7,0,1,21
potentially leading to the falling off of toe joints,potentially leading to the falling off of toe joints,symptom,7,7,0,1,21
abdominal area,abdominal area,symptom,4,4,4,1,6
renal ischemia,renal ischemia,symptom,8,8,1,1,28
kidney shrinkage,kidney shrinkage,symptom,8,8,1,1,28
loin pain,loin pain,symptom,2,2,4,1,1
long-term recurrent coughing,long-term recurrent coughing,symptom,7,7,1,1,21
exacerbation of the condition when exposed to cold,exacerbation of the condition when exposed to cold,symptom,7,7,1,1,21
jelly-like stools,jelly-like stools,symptom,25,25,7,1,300
bone hyperplasia,bone hyperplasia,symptom,7,7,0,1,21
vitreous opacity,vitreous opacity,symptom,10,10,6,1,45
retinal tears,retinal tears,symptom,10,11,6,1,45
does not cause any clinical symptoms,does not cause any clinical symptoms,symptom,0,0,65,0,0
cracked tongue,cracked tongue,symptom,11,11,3,1,55
swelling in the corresponding facial area,swelling in the corresponding facial area,symptom,8,8,0,1,28
vestibular sulcus,vestibular sulcus,symptom,8,8,0,1,28
pus oozing from the periodontium,pus oozing from the periodontium,symptom,8,8,0,1,28
nodal head,nodal head,symptom,5,5,2,1,10
characterized by painless necrosis,characterized by painless necrosis,symptom,6,6,0,1,15
delayed umbilical cord detachment due to infection in newborns,delayed umbilical cord detachment due to infection in newborns,symptom,6,6,0,1,15
distant metastasis of breast cancer,distant metastasis of breast cancer,symptom,2,2,0,1,1
commonly occurs in the eyebrow eyelids,commonly occurs in the eyebrow eyelids,symptom,3,3,3,1,3
where a wax-like plug is often found,where a wax-like plug is often found,symptom,3,3,3,1,3
continuous machinery-like murmur,continuous machinery-like murmur,symptom,17,19,1,0.757353,103
asthmatic symptoms in pregnant women,asthmatic symptoms in pregnant women,symptom,7,7,1,1,21
diastolic sighing murmur,diastolic sighing murmur,symptom,7,7,1,1,21
hyperuria,hyperuria,symptom,7,7,7,1,21
cortisol insufficiency,cortisol insufficiency,symptom,7,7,7,1,21
changes in appetite,changes in appetite,symptom,12,12,2,1,66
alternating agitation,alternating agitation,symptom,12,12,2,1,66
wound suppuration,wound suppuration,symptom,3,3,7,1,3
skin abrasion,skin abrasion,symptom,3,3,7,1,3
insufficient ventilation,insufficient ventilation,symptom,11,11,1,1,55
sciatic neuralgia,sciatic neuralgia,symptom,4,4,4,1,6
even neurogenic claudication,even neurogenic claudication,symptom,4,4,4,1,6
rubella-like rash,rubella-like rash,symptom,3,3,7,1,3
roseola-like rash,roseola-like rash,symptom,3,3,7,1,3
tongue movement impairment,tongue movement impairment,symptom,32,32,7,1,496
presence of a small or absent vagina,presence of a small or absent vagina,symptom,22,22,0,1,231
large ears,large ears,symptom,22,22,0,1,231
broad neck,broad neck,symptom,22,22,0,1,231
webbing,webbing,symptom,22,22,0,1,231
barrel-shaped or shield-shaped thorax,barrel-shaped or shield-shaped thorax,symptom,22,22,0,1,231
widely spaced nipples,widely spaced nipples,symptom,22,22,0,1,231
cubitus valgus,cubitus valgus,symptom,25,26,0,0.8,240
short fourth,short fourth,symptom,22,22,0,1,231
fifth metacarpal or metatarsal bones,fifth metacarpal or metatarsal bones,symptom,22,22,0,1,231
simian crease,simian crease,symptom,22,22,0,1,231
stocking-type hypoesthesia,stocking-type hypoesthesia,symptom,12,12,2,1,66
no other discomfort,no other discomfort,symptom,1,1,7,0,0
increased secretion of scalp oils,increased secretion of scalp oils,symptom,2,2,3,1,1
sail sign of the placenta,sail sign of the placenta,symptom,8,8,1,1,28
early morning awakening,early morning awakening,symptom,3,3,2,1,3
easy to wake up midway,easy to wake up midway,symptom,3,3,2,1,3
alternating esotropia,alternating esotropia,symptom,1,1,3,0,0
ocular mucus,ocular mucus,symptom,2,2,6,1,1
underdeveloped testes,underdeveloped testes,symptom,37,44,4,0.34985,233
potentially fatal upper respiratory tract bleeding,potentially fatal upper respiratory tract bleeding,symptom,11,11,1,1,55
fatigue of the eyes,fatigue of the eyes,symptom,9,9,6,1,36
redness of the sclera,redness of the sclera,symptom,9,9,6,1,36
poor r wave progression in the precordial leads,poor r wave progression in the precordial leads,symptom,11,11,1,1,55
limbs show lichenoid changes,limbs show lichenoid changes,symptom,2,2,3,1,1
contains stones,contains stones,symptom,5,5,4,1,10
fetor hepaticus,fetor hepaticus,symptom,11,11,7,1,55
associated hypertension,associated hypertension,symptom,8,8,7,1,28
expulsion of ascaris worms,expulsion of ascaris worms,symptom,8,8,7,1,28
grey complexion,grey complexion,symptom,8,8,7,1,28
weak vital energy,weak vital energy,symptom,16,16,7,1,120
long clear urination,long clear urination,symptom,16,16,7,1,120
tender tongue,tender tongue,symptom,16,16,7,1,120
tense pulse,tense pulse,symptom,16,16,7,1,120
diascopy reveals hard plaque,diascopy reveals hard plaque,symptom,1,1,3,0,0
s or feet,s or feet,symptom,4,4,1,1,6
keratin-like thickening,keratin-like thickening,symptom,2,2,0,1,1
scale armor-like flakiness,scale armor-like flakiness,symptom,2,2,0,1,1
'duck walk' gait,'duck walk' gait,symptom,2,2,0,1,1
spastic tetraplegia,spastic tetraplegia,symptom,19,19,0,1,171
reduced spontaneous movements,reduced spontaneous movements,symptom,7,7,2,1,21
fatigue after sucking,fatigue after sucking,symptom,7,7,2,1,21
a sense of pressure,a sense of pressure,symptom,4,4,2,1,6
slight paralysis,slight paralysis,symptom,5,5,2,1,10
inability to look downward,inability to look downward,symptom,20,24,6,0.626316,119
eye distension,eye distension,symptom,30,32,6,0.54023,235
ial food reflux,ial food reflux,symptom,3,3,8,1,3
enlarged central dark spot,enlarged central dark spot,symptom,3,3,6,1,3
lateral thigh pain,lateral thigh pain,symptom,4,4,0,1,6
increased pain after scratching,increased pain after scratching,symptom,39,39,3,1,741
varying extents of lesions,varying extents of lesions,symptom,39,39,3,1,741
mainly affecting the labia majora,mainly affecting the labia majora,symptom,39,39,3,1,741
interlabial sulci,interlabial sulci,symptom,39,39,3,1,741
often presenting symmetrical lesions,often presenting symmetrical lesions,symptom,39,39,3,1,741
the surface color being mostly dark red or pink,the surface color being mostly dark red or pink,symptom,39,39,3,1,741
interspersed clearly bounded white patches,interspersed clearly bounded white patches,symptom,39,39,3,1,741
extraintestinal tuberculosis,extraintestinal tuberculosis,symptom,12,12,7,1,66
mass moves,mass moves,symptom,8,8,3,1,28
occasional neck distention,occasional neck distention,symptom,8,8,3,1,28
pain exacerbated by activity,pain exacerbated by activity,symptom,8,8,3,1,28
local hemorrhage,local hemorrhage,symptom,6,6,0,1,15
pelvic meningocele,pelvic meningocele,symptom,6,6,0,1,15
dural ectasia,dural ectasia,symptom,6,6,0,1,15
loss of lumbar lordosis,loss of lumbar lordosis,symptom,9,9,0,0.694444,25
difficulty in passing food,difficulty in passing food,symptom,2,2,8,1,1
immediate vomiting upon ingestion,immediate vomiting upon ingestion,symptom,2,2,8,1,1
extreme fatigue,extreme fatigue,symptom,22,22,7,1,231
burning sensation at the affected area,burning sensation at the affected area,symptom,13,13,3,1,78
oozing after rupture,oozing after rupture,symptom,13,13,3,1,78
drying,drying,symptom,13,13,3,1,78
sensation of bone grating,sensation of bone grating,symptom,5,5,0,1,10
viscous secretion on the glans penis,viscous secretion on the glans penis,symptom,6,6,3,1,15
presence of white pseudomembranous patches,presence of white pseudomembranous patches,symptom,6,6,3,1,15
pelvis drooping,pelvis drooping,symptom,9,9,0,1,36
unable to rise,unable to rise,symptom,9,9,0,1,36
abnormal protrusion of the back,abnormal protrusion of the back,symptom,6,6,0,0.666667,10
splenic hyperfunction,splenic hyperfunction,symptom,18,21,7,0.797386,122
minimal or no verbal communication,minimal or no verbal communication,symptom,6,6,3,1,15
clear yellow fluid that crusts over,clear yellow fluid that crusts over,symptom,10,10,3,1,45
in a week,in a week,symptom,10,10,3,1,45
out scarring,out scarring,symptom,10,10,3,1,45
secretion),secretion),symptom,2,2,4,1,1
mucous patches,mucous patches,symptom,4,4,4,1,6
weak neck,weak neck,symptom,5,5,2,1,10
unable to lift head,unable to lift head,symptom,5,5,2,1,10
unilateral grouped,unilateral grouped,symptom,2,2,3,1,1
episodic swelling,episodic swelling,symptom,1,1,0,0,0
family history of similar condition,family history of similar condition,symptom,5,5,0,1,10
immature appearance,immature appearance,symptom,5,5,0,1,10
normal intelligence,normal intelligence,symptom,5,5,0,1,10
corresponding delay in bone age maturity,corresponding delay in bone age maturity,symptom,5,5,0,1,10
a sweet,a sweet,symptom,4,4,3,1,6
rotten smell on burn wounds,rotten smell on burn wounds,symptom,4,4,3,1,6
easy agitation,easy agitation,symptom,11,11,2,1,55
malignant ureteral stricture,malignant ureteral stricture,symptom,6,6,4,1,15
anal fistula,anal fistula,symptom,9,9,0,0.611111,22
negative transillumination test,negative transillumination test,symptom,4,4,3,1,6
cystic mass in the joint,cystic mass in the joint,symptom,2,2,0,1,1
pulpitis,pulpitis,symptom,3,3,0,1,3
pancreatic fibrosis,pancreatic fibrosis,symptom,10,10,7,1,45
velvety thickening in the groin,velvety thickening in the groin,symptom,6,6,3,1,15
mons pubis,mons pubis,symptom,6,6,3,1,15
multiple skin tags,multiple skin tags,symptom,6,6,3,1,15
abnormal sensations in the sacral region,abnormal sensations in the sacral region,symptom,8,8,0,1,28
inability to produce high pitch,inability to produce high pitch,symptom,3,3,4,1,3
loss of cricothyroid muscle contraction or traction feeling,loss of cricothyroid muscle contraction or traction feeling,symptom,3,3,4,1,3
dull light reflex,dull light reflex,symptom,10,10,2,1,45
increased intestinal water absorption,increased intestinal water absorption,symptom,12,12,7,1,66
cessation of bleeding during surgery,cessation of bleeding during surgery,symptom,9,9,1,1,36
ligament rupture,ligament rupture,symptom,9,9,0,1,36
most cases present,most cases present,symptom,3,3,3,1,3
extended menstrual periods,extended menstrual periods,symptom,2,2,4,1,1
cartilage collapse during inhalation,cartilage collapse during inhalation,symptom,2,2,1,1,1
a sensation of a lump in the upper abdomen that resembles a cup-sized mass,a sensation of a lump in the upper abdomen that resembles a cup-sized mass,symptom,0,0,66,0,0
umbilical redness,umbilical redness,symptom,3,3,7,1,3
absence of nails,absence of nails,symptom,11,11,4,1,55
blunted renal calyces,blunted renal calyces,symptom,11,11,4,1,55
moth-eaten appearance of glomerular basement membrane,moth-eaten appearance of glomerular basement membrane,symptom,11,11,4,1,55
absence or hypoplasia of the patella,absence or hypoplasia of the patella,symptom,11,11,4,1,55
nail dysplasia,nail dysplasia,symptom,11,11,4,1,55
foul-smelling lochia,foul-smelling lochia,symptom,5,5,7,1,10
prone to catching colds,prone to catching colds,symptom,2,2,7,1,1
scapular 'pseudoparalysis',scapular 'pseudoparalysis',symptom,6,6,6,1,15
the tumor has a fatty appearance,the tumor has a fatty appearance,symptom,1,1,3,0,0
airway entrapment,airway entrapment,symptom,18,18,1,1,153
predominantly proximal limb,predominantly proximal limb,symptom,4,4,2,1,6
increased susceptibility to infections,increased susceptibility to infections,symptom,21,21,7,0.819048,172
frequent urge to urinate,frequent urge to urinate,symptom,7,7,9,1,21
moist white fur,moist white fur,symptom,7,7,9,1,21
profound sorrow,profound sorrow,symptom,6,6,2,1,15
hypermagnesemia,hypermagnesemia,symptom,22,23,1,0.683983,158
neurodermatitis,neurodermatitis,symptom,8,8,3,0.928571,26
furrowed brow,furrowed brow,symptom,9,9,2,1,36
sardonic smile,sardonic smile,symptom,9,9,2,1,36
feet resembling gloves,feet resembling gloves,symptom,9,9,0,1,36
socks distribution,socks distribution,symptom,9,9,0,1,36
salt craving,salt craving,symptom,15,15,7,0.904762,95
gastrointestinal congestion,gastrointestinal congestion,symptom,14,14,7,1,91
pruritus vulvae,pruritus vulvae,symptom,7,7,3,1,21
swollen epiglottis,swollen epiglottis,symptom,8,8,7,1,28
swelling at the distal radius,swelling at the distal radius,symptom,12,12,0,1,66
abnormal mobility,abnormal mobility,symptom,12,12,0,1,66
inability to exert force,inability to exert force,symptom,19,20,0,0.625731,107
inability to hold objects,inability to hold objects,symptom,12,12,0,1,66
post-inflammatory hyperpigmentation,post-inflammatory hyperpigmentation,symptom,12,12,3,1,66
persistent erythema,persistent erythema,symptom,12,12,3,1,66
atrophic or hypertrophic scarring,atrophic or hypertrophic scarring,symptom,12,12,3,1,66
emotional incontinence,emotional incontinence,symptom,9,9,2,1,36
easy to startle during sleep,easy to startle during sleep,symptom,3,3,3,1,3
disappearance of the psoas shadow,disappearance of the psoas shadow,symptom,4,4,7,1,6
the nail plate shows diffused milky white discoloration,the nail plate shows diffused milky white discoloration,symptom,0,0,67,0,0
oral herpes,oral herpes,symptom,8,8,3,1,28
crossed motor,crossed motor,symptom,6,6,2,1,15
eyeball inward deviation,eyeball inward deviation,symptom,5,5,6,1,10
infant vomiting,infant vomiting,symptom,5,5,7,1,10
swelling of the lesion site,swelling of the lesion site,symptom,15,15,0,0.866667,91
significant increase in menstrual flow,significant increase in menstrual flow,symptom,1,1,4,0,0
transient tic disorder,transient tic disorder,symptom,25,25,9,1,300
cursing,cursing,symptom,25,25,9,1,300
shoulder shrugging,shoulder shrugging,symptom,25,25,9,1,300
neck retracting,neck retracting,symptom,25,25,9,1,300
chest puffing,chest puffing,symptom,25,25,9,1,300
body twisting,body twisting,symptom,25,25,9,1,300
yelling,yelling,symptom,25,25,9,1,300
mimicking speech,mimicking speech,symptom,25,25,9,1,300
mimicking actions,mimicking actions,symptom,25,25,9,1,300
orbital recession,orbital recession,symptom,10,10,2,1,45
compression of tectum,compression of tectum,symptom,10,10,2,1,45
transventricular malformation,transventricular malformation,symptom,10,10,2,1,45
lateral ventricle enlargement,lateral ventricle enlargement,symptom,10,10,2,1,45
paleness of the skin,paleness of the skin,symptom,12,12,1,1,66
discomfort during occlusion,discomfort during occlusion,symptom,2,2,68,1,1
often affecting several teeth,often affecting several teeth,symptom,2,2,68,1,1
the involved teeth's pulp remaining vital,the involved teeth's pulp remaining vital,symptom,2,2,68,1,1
small or deformed pinna,small or deformed pinna,symptom,2,2,0,1,1
blood in vomit appearing coffee-colored,blood in vomit appearing coffee-colored,symptom,27,28,2,0.834758,293
swelling at the injection site,swelling at the injection site,symptom,20,20,1,0.894737,170
slowed movement,slowed movement,symptom,2,2,7,1,1
fullness of the elbow,fullness of the elbow,symptom,6,6,0,1,15
shortened appearance of the forearm,shortened appearance of the forearm,symptom,6,6,0,1,15
hollowing behind the elbow,hollowing behind the elbow,symptom,6,6,0,1,15
abnormal teeth,abnormal teeth,symptom,4,4,0,1,6
hair; underdeveloped cartilage,hair; underdeveloped cartilage,symptom,4,4,0,1,6
papulonodules,papulonodules,symptom,4,4,3,1,6
ulceration at the site of scars,ulceration at the site of scars,symptom,4,4,3,1,6
fever resembling malaria,fever resembling malaria,symptom,4,4,7,1,6
skin patterning,skin patterning,symptom,3,3,3,1,3
massive hemorrhage,massive hemorrhage,symptom,2,2,1,1,1
decline in physical strength in men,decline in physical strength in men,symptom,1,1,69,0,0
premature decline in sexual function,premature decline in sexual function,symptom,1,1,69,0,0
ala nasi,ala nasi,symptom,9,9,7,1,36
vestibule area,vestibule area,symptom,9,9,7,1,36
electrolyte disorders,electrolyte disorders,symptom,13,13,7,1,78
food allergies,food allergies,symptom,21,21,1,1,210
intense sexual desires,intense sexual desires,symptom,7,7,6,1,21
repetitive collection of objects used by the opposite sex,repetitive collection of objects used by the opposite sex,symptom,7,7,6,1,21
chest fullness,chest fullness,symptom,19,19,1,0.748538,128
regular respiration rate,regular respiration rate,symptom,15,15,2,1,105
foggy turbidity or porcelain white turbidity,foggy turbidity or porcelain white turbidity,symptom,11,11,6,1,55
smaller pupil than normal,smaller pupil than normal,symptom,11,11,6,1,55
unclear vision inside the eye,unclear vision inside the eye,symptom,11,11,6,1,55
varying amounts of blood or sudden increase,varying amounts of blood or sudden increase,symptom,5,5,4,1,10
which can last for several months continuously,which can last for several months continuously,symptom,5,5,4,1,10
defecatory disorders,defecatory disorders,symptom,7,7,7,1,21
visceral hypertrophy,visceral hypertrophy,symptom,8,8,2,1,28
cutaneous pigmentation,cutaneous pigmentation,symptom,8,8,2,1,28
foamy stools,foamy stools,symptom,14,14,7,1,91
thin vulvar epidermis,thin vulvar epidermis,symptom,1,1,3,0,0
widened cerebral sulci,widened cerebral sulci,symptom,22,23,2,0.753247,174
manifestation starts in the oral mucosa,manifestation starts in the oral mucosa,symptom,5,5,3,1,10
bronchial stenosis,bronchial stenosis,symptom,4,4,1,1,6
tremor of fingertips,tremor of fingertips,symptom,5,5,1,1,10
purulent endophthalmitis leading to blindness,purulent endophthalmitis leading to blindness,symptom,8,8,6,1,28
chest wall collapse,chest wall collapse,symptom,5,5,1,1,10
hemorrhagic rash,hemorrhagic rash,symptom,8,8,3,0.714286,20
eye congestion,eye congestion,symptom,6,6,6,1,15
intraocular foreign body sensation,intraocular foreign body sensation,symptom,14,14,6,1,91
pain around the eyebrow,pain around the eyebrow,symptom,14,14,6,1,91
iris congestion,iris congestion,symptom,14,14,6,1,91
colorblindness,colorblindness,symptom,3,3,6,1,3
abnormal color perception,abnormal color perception,symptom,3,3,6,1,3
segmental or lobar opacities in the lower lobes of the lungs,segmental or lobar opacities in the lower lobes of the lungs,symptom,11,11,1,1,55
often bilateral,often bilateral,symptom,9,9,0,1,36
palmoplantar pustulosis,palmoplantar pustulosis,symptom,9,9,0,1,36
pyogenic sweat gl,pyogenic sweat gl,symptom,9,9,0,1,36
pectus carinatum (protruding breastbone),pectus carinatum (protruding breastbone),symptom,7,7,2,1,21
increased space between teeth,increased space between teeth,symptom,7,7,2,1,21
lumbar spine),lumbar spine),symptom,7,7,2,1,21
indifferent or restless expression,indifferent or restless expression,symptom,16,17,1,0.875,105
a cord-like hard object in the tonsillar fossa,a cord-like hard object in the tonsillar fossa,symptom,5,5,2,1,10
reduced menstrual flow or only spotting,reduced menstrual flow or only spotting,symptom,7,7,2,1,21
a sense of emptiness in the lower abdomen,a sense of emptiness in the lower abdomen,symptom,7,7,2,1,21
white segments in stools,white segments in stools,symptom,12,12,7,1,66
collapsed nasal bridge,collapsed nasal bridge,symptom,4,4,0,1,6
common in the labia majora or clitoris,common in the labia majora or clitoris,symptom,14,14,3,0.527473,48
varying hardness,varying hardness,symptom,9,9,3,1,36
visible capillary expansion on the surface,visible capillary expansion on the surface,symptom,9,9,3,1,36
this condition have a wide space between the eyes,this condition have a wide space between the eyes,symptom,12,12,0,1,66
epicanthic folds,epicanthic folds,symptom,12,12,0,1,66
small external ears,small external ears,symptom,12,12,0,1,66
shortened anterior-posterior head diameter,shortened anterior-posterior head diameter,symptom,12,12,0,1,66
milk regurgitation,milk regurgitation,symptom,1,1,7,0,0
lumbar degeneration,lumbar degeneration,symptom,9,9,2,1,36
lumbar disc herniation,lumbar disc herniation,symptom,9,9,2,1,36
vulvar skin is white or presents,vulvar skin is white or presents,symptom,39,39,3,1,741
affecting sexual life,affecting sexual life,symptom,39,39,3,1,741
thyroid storm,thyroid storm,symptom,17,17,1,0.676471,92
thyrotoxic heart disease,thyrotoxic heart disease,symptom,6,6,6,1,15
butterfly rash on the face,butterfly rash on the face,symptom,12,12,4,1,66
diminished auditory,diminished auditory,symptom,9,9,2,1,36
visual perception,visual perception,symptom,9,9,2,1,36
mostly temporary,mostly temporary,symptom,2,2,4,1,1
typically lasting for up to 2-5 days,typically lasting for up to 2-5 days,symptom,2,2,4,1,1
friction rubs,friction rubs,symptom,3,3,0,1,3
gasping,gasping,symptom,2,2,8,1,1
radiating to the wrist,radiating to the wrist,symptom,6,6,0,1,15
inflammation visible in the palate,inflammation visible in the palate,symptom,4,4,3,1,6
bilirubin-calcium stones,bilirubin-calcium stones,symptom,16,16,7,1,120
intrahepatic duct obstruction,intrahepatic duct obstruction,symptom,25,30,7,0.76,228
clay-colored stools,clay-colored stools,symptom,26,29,7,0.778462,253
black pigment stones,black pigment stones,symptom,16,16,7,1,120
worsening right-sided abdominal pain,worsening right-sided abdominal pain,symptom,21,25,7,0.82381,173
dry retching,dry retching,symptom,2,2,7,1,1
hemorrhagic manifestations in the skin,hemorrhagic manifestations in the skin,symptom,4,4,7,1,6
occult pain behind the sternum,occult pain behind the sternum,symptom,7,7,8,1,21
delayed childbirth,delayed childbirth,symptom,8,8,4,1,28
tongue sores,tongue sores,symptom,9,9,9,1,36
asymmetric soft palate movement,asymmetric soft palate movement,symptom,7,7,9,1,21
capillary hemorrhage,capillary hemorrhage,symptom,13,13,7,1,78
yellowish-brown to dark brown crusts,yellowish-brown to dark brown crusts,symptom,3,3,3,1,3
the cyst appears as a semispherical mass,the cyst appears as a semispherical mass,symptom,4,4,3,1,6
a broad base,a broad base,symptom,4,4,3,1,6
or light red in color,or light red in color,symptom,4,4,3,1,6
limited mobility of the affected limb,limited mobility of the affected limb,symptom,7,7,0,1,21
displacement of the great arteries,displacement of the great arteries,symptom,6,6,1,1,15
breath smelling like garlic,breath smelling like garlic,symptom,7,7,2,1,21
startles,startles,symptom,4,4,2,1,6
facial or extremities twitching,facial or extremities twitching,symptom,4,4,2,1,6
tonsillar enlargement,tonsillar enlargement,symptom,12,12,7,1,66
lumbosacral plexus post-radiation,lumbosacral plexus post-radiation,symptom,1,1,0,0,0
non-reducible hernia,non-reducible hernia,symptom,2,2,70,1,1
partially reducible hernia,partially reducible hernia,symptom,2,2,70,1,1
sliding hernia,sliding hernia,symptom,2,2,70,1,1
spasmodic coughing,spasmodic coughing,symptom,12,12,1,1,66
inhalation syndrome,inhalation syndrome,symptom,12,12,1,1,66
lower abdominal pain spreading  to the midline,lower abdominal pain spreading  to the midline,symptom,7,8,7,0.571429,12
gradual progressive muscular atrophy of the upper limbs,gradual progressive muscular atrophy of the upper limbs,symptom,0,0,71,0,0
or large bite marks,or large bite marks,symptom,4,4,0,1,6
inconspicuous adam's apple,inconspicuous adam's apple,symptom,12,12,4,1,66
rib fusion,rib fusion,symptom,12,12,4,1,66
swelling of the supraclavicular,swelling of the supraclavicular,symptom,5,5,3,1,10
suprapubic mass,suprapubic mass,symptom,7,7,4,1,21
neurotic reactions,neurotic reactions,symptom,7,7,7,1,21
varying symptoms,varying symptoms,symptom,3,3,0,1,3
inability of the affected hip to flex or adduct,inability of the affected hip to flex or adduct,symptom,3,3,0,1,3
congestion of visual field,congestion of visual field,symptom,2,2,6,1,1
while blood pressure normalizes when lying down,while blood pressure normalizes when lying down,symptom,8,8,2,1,28
carcinoid flushing,carcinoid flushing,symptom,7,7,4,1,21
bruit over thyroid,bruit over thyroid,symptom,18,18,1,1,153
preference for cold over heat,preference for cold over heat,symptom,18,18,1,1,153
inflammation of the abdominal incision,inflammation of the abdominal incision,symptom,4,4,4,1,6
enlarged mucous gl,enlarged mucous gl,symptom,12,12,7,1,66
febrile hemorrhage,febrile hemorrhage,symptom,4,4,1,1,6
increased respiratory rate,increased respiratory rate,symptom,9,9,7,1,36
feeling of oppression,feeling of oppression,symptom,4,4,3,1,6
cardiac output obstruction,cardiac output obstruction,symptom,4,4,4,1,6
portal venous stasis,portal venous stasis,symptom,4,4,4,1,6
variable size of the tumor,variable size of the tumor,symptom,6,6,3,1,15
achalasia of the cardia,achalasia of the cardia,symptom,17,17,8,1,136
weakened esophageal peristalsis,weakened esophageal peristalsis,symptom,17,17,8,1,136
persistent pain that  intensifies,persistent pain that  intensifies,symptom,7,7,7,1,21
various types of ectopic beats,various types of ectopic beats,symptom,5,5,1,1,10
involvement of the interventricular septum,involvement of the interventricular septum,symptom,5,5,1,1,10
conduction system leading to atrioventricular or intraventricular conduction disorders,conduction system leading to atrioventricular or intraventricular conduction disorders,symptom,5,5,1,1,10
simple bimaxillary dental arch protrusion or bimaxillary dental arch protrusion,simple bimaxillary dental arch protrusion or bimaxillary dental arch protrusion,symptom,6,6,72,1,15
abnormal position of the upper,abnormal position of the upper,symptom,6,6,72,1,15
lower jaw bones,lower jaw bones,symptom,6,6,72,1,15
neutral molar relationship,neutral molar relationship,symptom,6,6,72,1,15
basically normal anterior teeth overbite,basically normal anterior teeth overbite,symptom,6,6,72,1,15
overjet,overjet,symptom,6,6,72,1,15
a convex lateral profile,a convex lateral profile,symptom,6,6,72,1,15
decompression sickness,decompression sickness,symptom,3,3,1,1,3
dysbarism,dysbarism,symptom,3,3,1,1,3
syphilis infection,syphilis infection,symptom,10,10,4,1,45
syphilitic hepatitis,syphilitic hepatitis,symptom,10,10,4,1,45
normal or pale red color,normal or pale red color,symptom,3,3,3,1,3
commonly occurs at the metaphysis of long bones,commonly occurs at the metaphysis of long bones,symptom,2,2,0,1,1
experiencing persistent moderate swelling,experiencing persistent moderate swelling,symptom,2,2,0,1,1
affected areas may experience mild pain,affected areas may experience mild pain,symptom,20,20,7,1,190
cases manifest,cases manifest,symptom,9,9,1,1,36
penile-style urethra,penile-style urethra,symptom,11,13,4,0.854545,47
erythema-like dermatitis,erythema-like dermatitis,symptom,10,10,3,1,45
serological changes,serological changes,symptom,10,10,3,1,45
enlarged extremities,enlarged extremities,symptom,12,12,1,1,66
alcoholic tremor,alcoholic tremor,symptom,12,12,2,1,66
leukonychia,leukonychia,symptom,3,3,3,1,3
crowding phenomenon in amblyopic eye,crowding phenomenon in amblyopic eye,symptom,3,3,6,1,3
urinary tract stricture,urinary tract stricture,symptom,7,7,4,1,21
penile induration,penile induration,symptom,7,7,4,1,21
not provided,not provided,symptom,22,22,7,1,231
underdeveloped anorectum,underdeveloped anorectum,symptom,2,2,0,1,1
rectal atresia,rectal atresia,symptom,2,2,0,1,1
pigmentation on the flexor side of the waist,pigmentation on the flexor side of the waist,symptom,3,3,0,1,3
axillae,axillae,symptom,3,3,0,1,3
pain in affected joints,pain in affected joints,symptom,4,4,0,1,6
collapsing episodes,collapsing episodes,symptom,27,27,2,1,351
abdominal pain starting on one side of the abdomen,abdominal pain starting on one side of the abdomen,symptom,4,4,7,1,6
extend independently,extend independently,symptom,6,6,0,1,15
fingers stuck in an extended or flexed position,fingers stuck in an extended or flexed position,symptom,6,6,0,1,15
progressive speech impairment,progressive speech impairment,symptom,13,13,1,1,78
palpebral conjunctival adhesion,palpebral conjunctival adhesion,symptom,2,2,6,1,1
feeling of heat,feeling of heat,symptom,7,7,1,1,21
functional limitation on the outer side of the shoulder,functional limitation on the outer side of the shoulder,symptom,8,8,0,0.571429,16
positive tinel's sign,positive tinel's sign,symptom,4,4,0,1,6
sucrose-isomaltose intolerance,sucrose-isomaltose intolerance,symptom,11,11,7,1,55
intestinal dilatation,intestinal dilatation,symptom,11,11,7,1,55
renal glucosuria,renal glucosuria,symptom,9,9,4,1,36
eschars,eschars,symptom,15,15,7,1,105
meninges,meninges,symptom,15,15,7,1,105
reduced sensitivity to green,reduced sensitivity to green,symptom,12,12,6,1,66
dull or crisp sounds during shoulder movements,dull or crisp sounds during shoulder movements,symptom,4,4,0,1,6
sensation of snapping,sensation of snapping,symptom,4,4,0,1,6
friction sounds when moving the scapula,friction sounds when moving the scapula,symptom,4,4,0,1,6
myasthenia of muscles,myasthenia of muscles,symptom,2,2,1,1,1
excessive catecholamine secretion,excessive catecholamine secretion,symptom,20,20,1,1,190
pharyngeal foreign body sensation,pharyngeal foreign body sensation,symptom,8,8,3,1,28
cerebral palsy,cerebral palsy,symptom,8,8,2,1,28
choreoathetoid movements,choreoathetoid movements,symptom,15,16,2,0.666667,70
atherosclerotic plaque,atherosclerotic plaque,symptom,18,18,1,1,153
among others,among others,symptom,7,7,0,1,21
red face,red face,symptom,19,19,9,1,171
quick temper,quick temper,symptom,19,19,9,1,171
a wiry,a wiry,symptom,19,19,9,1,171
sound but no substance,sound but no substance,symptom,10,10,7,1,45
vomiting or rash,vomiting or rash,symptom,6,6,2,1,15
raynaud's disease,raynaud's disease,symptom,3,3,7,1,3
flushing reactions in the extremities,flushing reactions in the extremities,symptom,24,24,2,1,276
polyneuropathy,polyneuropathy,symptom,32,35,2,0.743952,369
abnormally large breast volume,abnormally large breast volume,symptom,2,2,0,1,1
sensation of chest compression,sensation of chest compression,symptom,2,2,0,1,1
valvular heart disease,valvular heart disease,symptom,19,22,1,0.736842,126
combined valve prolapse,combined valve prolapse,symptom,11,11,1,1,55
eyelid hypertrophy,eyelid hypertrophy,symptom,7,7,6,1,21
lens protein leakage,lens protein leakage,symptom,7,7,6,1,21
papillary muscle rupture,papillary muscle rupture,symptom,9,9,1,1,36
urgent but incomplete micturition,urgent but incomplete micturition,symptom,7,7,4,1,21
thick gel-like substance in urine,thick gel-like substance in urine,symptom,7,7,4,1,21
irregular border,irregular border,symptom,2,2,3,1,1
purulent secretion from the preputial orifice,purulent secretion from the preputial orifice,symptom,20,20,3,1,190
phimosis,phimosis,symptom,20,20,3,1,190
skin often broken or purplish-red,skin often broken or purplish-red,symptom,5,5,2,1,10
often flares up in summer,often flares up in summer,symptom,11,11,3,1,55
psoriatic arthritis,psoriatic arthritis,symptom,16,16,3,1,120
extensive skin shedding,extensive skin shedding,symptom,16,16,3,1,120
pulse cessation,pulse cessation,symptom,3,3,1,1,3
soft speech,soft speech,symptom,7,7,7,1,21
easy urination,easy urination,symptom,7,7,7,1,21
continuous dizziness,continuous dizziness,symptom,7,7,7,1,21
visible bulging veins,visible bulging veins,symptom,2,2,3,1,1
frequent awakenings,frequent awakenings,symptom,6,6,2,1,15
reversed sleep cycles,reversed sleep cycles,symptom,6,6,2,1,15
fainting when suddenly st,fainting when suddenly st,symptom,3,3,6,1,3
otitis media,otitis media,symptom,7,7,7,1,21
painful ejaculation,painful ejaculation,symptom,13,17,4,0.871795,68
pasty stools,pasty stools,symptom,5,5,7,1,10
involvement of the motor conduction bundle,involvement of the motor conduction bundle,symptom,23,23,0,1,253
anterior horn lesions of the spinal cord,anterior horn lesions of the spinal cord,symptom,23,23,0,1,253
cervical spinal extradural lesions,cervical spinal extradural lesions,symptom,23,23,0,1,253
proctalgia fugax,proctalgia fugax,symptom,9,9,4,1,36
the upper lip mucosa is divided into upper,the upper lip mucosa is divided into upper,symptom,4,4,9,1,6
lower parts by transverse sulci of varying depths,lower parts by transverse sulci of varying depths,symptom,4,4,9,1,6
the inner layer of parallel double red lips appearing relaxed,the inner layer of parallel double red lips appearing relaxed,symptom,4,4,9,1,6
supraorbital fossa depression,supraorbital fossa depression,symptom,7,7,3,1,21
right-to-left intracardiac shunting,right-to-left intracardiac shunting,symptom,14,14,1,1,91
pain exacerbates,pain exacerbates,symptom,4,4,1,1,6
breaths or coughing,breaths or coughing,symptom,4,4,1,1,6
relaxation of the upper eyelids,relaxation of the upper eyelids,symptom,13,14,0,0.653846,51
vision often appears as a foggy blur,vision often appears as a foggy blur,symptom,6,6,6,1,15
tendency to fall,tendency to fall,symptom,11,11,2,1,55
pale red patches,pale red patches,symptom,2,2,3,1,1
nasal regions,nasal regions,symptom,4,4,3,1,6
short tongue,short tongue,symptom,15,15,1,1,105
majority of cases initially present,majority of cases initially present,symptom,9,9,0,1,36
limits movement. in a minority of cases,limits movement. in a minority of cases,symptom,9,9,0,1,36
significant pain is observed,significant pain is observed,symptom,9,9,0,1,36
particularly at night,particularly at night,symptom,9,9,0,1,36
prominent venous distension,prominent venous distension,symptom,9,9,0,1,36
there are no clinical symptoms; however,there are no clinical symptoms; however,symptom,4,4,2,1,6
disturbed sleep,disturbed sleep,symptom,6,6,2,1,15
cranial baldness,cranial baldness,symptom,6,6,2,1,15
transverse grooves on nails,transverse grooves on nails,symptom,6,6,3,1,15
compulsive head,compulsive head,symptom,2,2,0,1,1
social sensitivity disorder,social sensitivity disorder,symptom,12,12,1,1,66
peripheral nerve biopsy shows reduced myelinated fibers,peripheral nerve biopsy shows reduced myelinated fibers,symptom,2,2,73,1,1
disorganized axonal structures,disorganized axonal structures,symptom,2,2,73,1,1
atrophy of unmyelinated fibers,atrophy of unmyelinated fibers,symptom,2,2,73,1,1
aching of limbs,aching of limbs,symptom,13,13,7,1,78
vesicular rashes,vesicular rashes,symptom,11,11,7,1,55
nocturnal sweating,nocturnal sweating,symptom,4,4,7,1,6
pain behind the patella,pain behind the patella,symptom,5,5,0,1,10
discomfort when moving,discomfort when moving,symptom,5,5,0,1,10
becoming more apparent,becoming more apparent,symptom,5,5,0,1,10
knee buckling when ascending or descending stairs,knee buckling when ascending or descending stairs,symptom,8,8,0,0.5,14
unattainable upon pressing,unattainable upon pressing,symptom,14,14,0,1,91
occasional dizziness,occasional dizziness,symptom,14,14,0,1,91
a pulse that is deep,a pulse that is deep,symptom,14,14,0,1,91
pyrrolidine,pyrrolidine,symptom,8,8,2,1,28
positive trousseau sign,positive trousseau sign,symptom,8,8,2,1,28
the appearance of stripes or spots on fingernails,the appearance of stripes or spots on fingernails,symptom,8,8,2,1,28
a variable number of soybean-sized nodules in the breast,a variable number of soybean-sized nodules in the breast,symptom,2,2,3,1,1
patchy rashes,patchy rashes,symptom,2,2,3,1,1
the presence of fixed black dots before eyes,the presence of fixed black dots before eyes,symptom,4,4,6,1,6
significant deterioration of visual acuity,significant deterioration of visual acuity,symptom,4,4,6,1,6
prominent pain in the left subcostal area,prominent pain in the left subcostal area,symptom,9,9,1,1,36
patients often exhibit symptoms such as copious,patients often exhibit symptoms such as copious,symptom,5,5,2,1,10
looseness,looseness,symptom,2,2,4,1,1
loss of luster,loss of luster,symptom,2,2,4,1,1
erythema migrans,erythema migrans,symptom,8,8,7,1,28
lactation disorder,lactation disorder,symptom,7,7,3,1,21
spinal cord pathology,spinal cord pathology,symptom,3,3,2,1,3
weakened posterior tibial,weakened posterior tibial,symptom,11,11,2,1,55
orbital blowout fracture,orbital blowout fracture,symptom,7,7,2,1,21
hemiplegic gait,hemiplegic gait,symptom,3,3,2,1,3
or prolonged menstruation,or prolonged menstruation,symptom,8,8,4,1,28
spasmodic intestinal colic,spasmodic intestinal colic,symptom,12,12,7,1,66
absence or incomplete development of ovaries,absence or incomplete development of ovaries,symptom,8,8,4,1,28
vaginal atresia,vaginal atresia,symptom,8,8,4,1,28
acute strain or chronic damage to the shoulder,acute strain or chronic damage to the shoulder,symptom,4,4,0,1,6
pain below the acromion,pain below the acromion,symptom,4,4,0,1,6
relatively hard nodules on the oral mucosa,relatively hard nodules on the oral mucosa,symptom,12,14,3,0.984848,65
white curd-like deposits,white curd-like deposits,symptom,11,11,3,1,55
gray-brown or black thickening,gray-brown or black thickening,symptom,4,4,4,1,6
papillomatous appearances,papillomatous appearances,symptom,4,4,4,1,6
tofu-dregs-like sputum,tofu-dregs-like sputum,symptom,13,13,1,1,78
eyeball contusion,eyeball contusion,symptom,9,9,6,1,36
atrophic nails,atrophic nails,symptom,12,12,2,1,66
reduced parathyroid function,reduced parathyroid function,symptom,12,12,2,1,66
occipital baldness,occipital baldness,symptom,2,2,3,1,1
petechial bleeding,petechial bleeding,symptom,3,3,7,1,3
extending the finger,extending the finger,symptom,5,5,0,1,10
triggering phenomenon,triggering phenomenon,symptom,5,5,0,1,10
worse in the morning,worse in the morning,symptom,5,5,0,1,10
significant impairment in recent memory,significant impairment in recent memory,symptom,10,10,2,1,45
recent events amnesia,recent events amnesia,symptom,10,10,2,1,45
abnormal dentition,abnormal dentition,symptom,9,9,3,1,36
anterior chamber pigment deposits,anterior chamber pigment deposits,symptom,4,4,3,1,6
slackening,slackening,symptom,8,8,3,1,28
antenatal pelvic measurement shows a narrow entrance,antenatal pelvic measurement shows a narrow entrance,symptom,1,1,74,0,0
or the fetal head does not engage in primiparas close to the due date,or the fetal head does not engage in primiparas close to the due date,symptom,1,1,74,0,0
wet limbs,wet limbs,symptom,5,5,1,1,10
long bone growth disorder,long bone growth disorder,symptom,19,19,0,1,171
xerosis conjunctivae,xerosis conjunctivae,symptom,9,9,1,1,36
facial flame nevi,facial flame nevi,symptom,20,20,4,1,190
diaphragmatic hernia,diaphragmatic hernia,symptom,20,20,4,1,190
umbilical region,umbilical region,symptom,12,12,7,1,66
a common state of psychological tension,a common state of psychological tension,symptom,1,1,75,0,0
which can occur even in the strongest individuals,which can occur even in the strongest individuals,symptom,1,1,75,0,0
arousal pupil,arousal pupil,symptom,11,11,2,1,55
urinary hesitancy,urinary hesitancy,symptom,14,14,7,1,91
localized skin fragility,localized skin fragility,symptom,19,19,3,1,171
squamae,squamae,symptom,19,19,3,1,171
reddening upon exposure to heat,reddening upon exposure to heat,symptom,19,19,3,1,171
tight skin,tight skin,symptom,14,14,7,1,91
pain on both sides of the flanks,pain on both sides of the flanks,symptom,14,14,7,1,91
blood scab,blood scab,symptom,9,9,0,1,36
a crateriform appearance,a crateriform appearance,symptom,4,4,3,1,6
the presence of greenish or brownish teeth in newborns,the presence of greenish or brownish teeth in newborns,symptom,8,8,2,1,28
curling of both lower limbs,curling of both lower limbs,symptom,5,5,7,1,10
weakened piloerection,weakened piloerection,symptom,6,6,3,1,15
hyperactive piloerection,hyperactive piloerection,symptom,6,6,3,1,15
after exposure to light,after exposure to light,symptom,4,4,3,1,6
patients feel a burning sensation,patients feel a burning sensation,symptom,4,4,3,1,6
eyelid pruritus,eyelid pruritus,symptom,2,2,6,1,1
recurrent episodes of internal carotid artery system transient ischemic attacks (tia),recurrent episodes of internal carotid artery system transient ischemic attacks (tia),symptom,6,6,2,1,15
ipsilateral transient blindness,ipsilateral transient blindness,symptom,6,6,2,1,15
weakened or absent pulsation of the internal carotid artery,weakened or absent pulsation of the internal carotid artery,symptom,6,6,2,1,15
twisted small bile ducts,twisted small bile ducts,symptom,12,12,7,1,66
in allergic individuals,in allergic individuals,symptom,7,7,3,1,21
peripheral erythema,peripheral erythema,symptom,7,7,3,1,21
anterior protrusion of the lower jaw,anterior protrusion of the lower jaw,symptom,2,2,9,1,1
hypertrophy of the mucus gl,hypertrophy of the mucus gl,symptom,13,13,1,1,78
sputum sounds,sputum sounds,symptom,13,13,1,1,78
soft tissue syndactyly,soft tissue syndactyly,symptom,1,1,76,0,0
osseous syndactyly,osseous syndactyly,symptom,1,1,76,0,0
reduced cognitive function,reduced cognitive function,symptom,6,6,2,1,15
cryptotia,cryptotia,symptom,3,3,0,1,3
cup ear,cup ear,symptom,3,3,0,1,3
macrotia,macrotia,symptom,3,3,0,1,3
fragility of nails,fragility of nails,symptom,3,3,3,1,3
transverse ridging of the nails,transverse ridging of the nails,symptom,3,3,3,1,3
tumor surface ulceration,tumor surface ulceration,symptom,2,2,9,1,1
worm-like protrusions of tendons,worm-like protrusions of tendons,symptom,9,9,3,1,36
dark-brown coloration,dark-brown coloration,symptom,9,9,3,1,36
cornea appears white or gray,cornea appears white or gray,symptom,10,10,6,1,45
purulent discharge in gray-white color,purulent discharge in gray-white color,symptom,10,10,6,1,45
schizophrenia,schizophrenia,symptom,10,10,2,1,45
manic-depressive psychosis,manic-depressive psychosis,symptom,10,10,2,1,45
menopausal psychosis,menopausal psychosis,symptom,10,10,2,1,45
paranoid psychosis,paranoid psychosis,symptom,10,10,2,1,45
ocular distension,ocular distension,symptom,4,4,6,1,6
generalized tonic,generalized tonic,symptom,4,4,2,1,6
presence of bacterial plaque or ulceration on the cornea,presence of bacterial plaque or ulceration on the cornea,symptom,3,3,3,1,3
a sensation of constriction in the upper abdomen,a sensation of constriction in the upper abdomen,symptom,9,9,7,1,36
cullen's sign around the navel,cullen's sign around the navel,symptom,9,9,7,1,36
renal impairment,renal impairment,symptom,10,10,0,0.555556,25
enlargement of the left ventricular cavity,enlargement of the left ventricular cavity,symptom,11,11,1,1,55
hearing deficit,hearing deficit,symptom,2,2,0,1,1
voracious eating behavior,voracious eating behavior,symptom,7,7,7,1,21
avoiding food,avoiding food,symptom,7,7,7,1,21
diluted semen,diluted semen,symptom,13,13,7,1,78
weak ejaculation,weak ejaculation,symptom,13,13,7,1,78
unequal heights of the shoulders,unequal heights of the shoulders,symptom,11,11,0,1,55
anterior superior iliac spines,anterior superior iliac spines,symptom,11,11,0,1,55
asymmetric thorax,asymmetric thorax,symptom,11,11,0,1,55
chest deformities,chest deformities,symptom,11,11,0,1,55
squamous metaplasia,squamous metaplasia,symptom,8,10,4,0.714286,20
a buzzing sound,a buzzing sound,symptom,8,8,0,1,28
thrill over the fistula area,thrill over the fistula area,symptom,8,8,0,1,28
thickened pleura,thickened pleura,symptom,10,10,1,1,45
hematogenous dissemination,hematogenous dissemination,symptom,21,22,7,0.780952,164
-like feeling,-like feeling,symptom,10,10,1,1,45
pimples,pimples,symptom,1,1,3,0,0
extensive calcification of the abdominal wall,extensive calcification of the abdominal wall,symptom,11,11,1,1,55
calcification shadows,calcification shadows,symptom,11,11,1,1,55
calcification deposits,calcification deposits,symptom,11,11,1,1,55
diastolic thrill,diastolic thrill,symptom,11,11,1,1,55
increased urobilinogen excretion,increased urobilinogen excretion,symptom,4,4,7,1,6
characterized by progressive myelopathy,characterized by progressive myelopathy,symptom,4,4,2,1,6
a normal trunk,a normal trunk,symptom,9,9,0,1,36
dermatitis-like lesions,dermatitis-like lesions,symptom,5,5,3,1,10
pleural thickening,pleural thickening,symptom,11,11,1,1,55
limitations on continued walking,limitations on continued walking,symptom,4,4,0,1,6
unconsciously clenching teeth during the day,unconsciously clenching teeth during the day,symptom,2,2,7,1,1
enlarged tonsils,enlarged tonsils,symptom,13,13,7,0.769231,60
respiratory dysfunction,respiratory dysfunction,symptom,11,11,2,0.763636,42
symptoms of brain damage,symptoms of brain damage,symptom,7,7,2,1,21
episodic or persistent,episodic or persistent,symptom,5,5,7,1,10
nodules on fingers,nodules on fingers,symptom,9,9,3,1,36
heels,heels,symptom,9,9,3,1,36
irregular contractions,irregular contractions,symptom,2,2,4,1,1
pelvic narrowing,pelvic narrowing,symptom,5,5,4,0.4,4
discomfort due to acid distension,discomfort due to acid distension,symptom,18,18,4,1,153
soft legs,soft legs,symptom,18,18,4,1,153
a sense of constriction in the chest,a sense of constriction in the chest,symptom,18,18,4,1,153
weakness in urination,weakness in urination,symptom,18,18,4,1,153
mild hyperlipidemia,mild hyperlipidemia,symptom,4,4,7,1,6
renal involvement,renal involvement,symptom,13,13,4,1,78
ocular deviation,ocular deviation,symptom,4,4,6,1,6
nail changes to spoon shape,nail changes to spoon shape,symptom,8,8,7,1,28
tender liver,tender liver,symptom,8,8,7,1,28
extension of the wrist,extension of the wrist,symptom,8,8,0,1,28
inner ear swelling,inner ear swelling,symptom,14,14,0,1,91
ear bleeding upon probing,ear bleeding upon probing,symptom,14,14,0,1,91
ear effusion,ear effusion,symptom,14,14,0,1,91
blood-stained ear secretions,blood-stained ear secretions,symptom,14,14,0,1,91
catecholaminergic dependency,catecholaminergic dependency,symptom,12,12,1,1,66
sudden protrusion of the abdomen or epigastric area,sudden protrusion of the abdomen or epigastric area,symptom,9,9,7,1,36
intolerable intermittent pain,intolerable intermittent pain,symptom,9,9,7,1,36
easy to fall,easy to fall,symptom,8,8,2,1,28
burping,burping,symptom,7,7,7,1,21
the pores closing,the pores closing,symptom,6,6,0,1,15
encountering wind,encountering wind,symptom,6,6,0,1,15
cold leading to blood,cold leading to blood,symptom,6,6,0,1,15
qi congealment,qi congealment,symptom,6,6,0,1,15
discomfort in the heart,discomfort in the heart,symptom,12,12,7,1,66
soreness in bones,soreness in bones,symptom,12,12,7,1,66
hemorrhage into the joints,hemorrhage into the joints,symptom,7,7,7,1,21
adhesive scab,adhesive scab,symptom,3,3,3,1,3
hemorrhagic crust,hemorrhagic crust,symptom,3,3,3,1,3
heavy eyelids,heavy eyelids,symptom,5,5,6,1,10
minimal but persistent flow,minimal but persistent flow,symptom,2,2,7,1,1
poor fibrous structure,poor fibrous structure,symptom,3,3,0,1,3
pain may radiate to the ipsilateral head,pain may radiate to the ipsilateral head,symptom,13,14,9,0.589744,46
affecting the patient's sleep,affecting the patient's sleep,symptom,5,5,9,1,10
hearing impairment due to swelling of the external auditory canal,hearing impairment due to swelling of the external auditory canal,symptom,5,5,9,1,10
curved fifth finger,curved fifth finger,symptom,13,13,0,1,78
abnormal dry,abnormal dry,symptom,7,7,1,1,21
lax skin,lax skin,symptom,7,7,1,1,21
s relatively large,s relatively large,symptom,7,7,1,1,21
claw-shaped,claw-shaped,symptom,7,7,1,1,21
accelerated thinking,accelerated thinking,symptom,11,11,2,1,55
molluscum contagiosum,molluscum contagiosum,symptom,9,9,3,1,36
abnormal mammary secretion,abnormal mammary secretion,symptom,3,3,0,1,3
abdominal wall vein distension,abdominal wall vein distension,symptom,12,12,7,1,66
isolated alt elevation,isolated alt elevation,symptom,12,12,7,1,66
shadows covering the vision field,shadows covering the vision field,symptom,2,2,6,1,1
the root of the thigh,the root of the thigh,symptom,3,3,7,1,3
nephrocalcinosis,nephrocalcinosis,symptom,10,10,7,1,45
chest wall sinus tract,chest wall sinus tract,symptom,5,5,0,1,10
sternal swelling,sternal swelling,symptom,5,5,0,1,10
external auditory canal stenosis,external auditory canal stenosis,symptom,10,10,3,1,45
taller stature,taller stature,symptom,31,31,4,0.483871,225
distance between fingertips greater than height,distance between fingertips greater than height,symptom,15,15,4,1,105
absence of adam's apple,absence of adam's apple,symptom,15,15,4,1,105
shy,shy,symptom,15,15,4,1,105
inactive,inactive,symptom,15,15,4,1,105
lack of masculine traits,lack of masculine traits,symptom,15,15,4,1,105
tachypulse,tachypulse,symptom,12,12,7,1,66
itching that worsens at night,itching that worsens at night,symptom,12,12,4,1,66
sensitivity to sound,sensitivity to sound,symptom,11,11,2,1,55
distractibility,distractibility,symptom,11,11,2,1,55
periorbital tissue fullness,periorbital tissue fullness,symptom,6,6,6,1,15
sudden vomiting of blood,sudden vomiting of blood,symptom,8,8,7,1,28
carotid pulse,carotid pulse,symptom,2,2,1,1,1
if the cornea is involved,if the cornea is involved,symptom,16,16,6,1,120
it can lead to the prolapse of the reddish membrane under the eyelid,it can lead to the prolapse of the reddish membrane under the eyelid,symptom,16,16,6,1,120
blood spots covering the cornea,blood spots covering the cornea,symptom,16,16,6,1,120
abnormal lipid metabolism,abnormal lipid metabolism,symptom,11,11,4,1,55
redness of the vulva,redness of the vulva,symptom,4,4,2,1,6
cord-like masses in the urethra,cord-like masses in the urethra,symptom,8,8,4,1,28
nodular or hemorrhagic masses at the urethral opening,nodular or hemorrhagic masses at the urethral opening,symptom,8,8,4,1,28
heliotrope rash over the eyelids,heliotrope rash over the eyelids,symptom,11,11,7,1,55
fingers while working,fingers while working,symptom,5,5,0,1,10
abnormal q-angle,abnormal q-angle,symptom,4,4,0,1,6
patellar apprehension,patellar apprehension,symptom,4,4,0,1,6
micropsia,micropsia,symptom,7,7,6,1,21
ibular movement,ibular movement,symptom,12,12,0,1,66
gurgling breath sounds,gurgling breath sounds,symptom,6,6,8,1,15
gurgling sensation in the neck when swallowing,gurgling sensation in the neck when swallowing,symptom,6,6,8,1,15
superficial vein varicosity in the upper limb,superficial vein varicosity in the upper limb,symptom,3,3,0,1,3
a feeling of impending doom,a feeling of impending doom,symptom,12,12,1,1,66
arc-shaped drooping between lobes,arc-shaped drooping between lobes,symptom,15,15,7,1,105
peripheral opacity in the lower lobes of the lungs,peripheral opacity in the lower lobes of the lungs,symptom,15,15,7,1,105
segmental or lobar distribution,segmental or lobar distribution,symptom,15,15,7,1,105
presence of dry,presence of dry,symptom,15,15,7,1,105
elevated blood urea nitrogen,elevated blood urea nitrogen,symptom,7,7,7,1,21
multiple exostoses,multiple exostoses,symptom,1,1,77,0,0
metaphyseal dysplasia,metaphyseal dysplasia,symptom,1,1,77,0,0
urogenital sinus,urogenital sinus,symptom,12,12,4,1,66
abnormal proliferation,abnormal proliferation,symptom,2,2,0,1,1
emotional changes,emotional changes,symptom,2,2,7,1,1
motivational disorders,motivational disorders,symptom,2,2,7,1,1
absent in late stage,absent in late stage,symptom,3,3,2,1,3
trunk twisting,trunk twisting,symptom,24,24,2,1,276
involuntary abdominal gyrations,involuntary abdominal gyrations,symptom,24,24,2,1,276
space perception,space perception,symptom,13,13,2,1,78
oral swelling,oral swelling,symptom,2,2,8,1,1
long-segment ascending aorta hypoplasia,long-segment ascending aorta hypoplasia,symptom,21,22,1,0.585714,123
reduced arterial blood oxygen saturation,reduced arterial blood oxygen saturation,symptom,11,11,7,1,55
decreased height,decreased height,symptom,3,3,0,1,3
paroxysmal cough resembling a bark,paroxysmal cough resembling a bark,symptom,9,9,6,1,36
episodic focal sweating,episodic focal sweating,symptom,2,2,1,1,1
weakness to paralysis of limbs,weakness to paralysis of limbs,symptom,10,10,2,1,45
disorders of hearing,disorders of hearing,symptom,10,10,2,1,45
skin hemorrhage,skin hemorrhage,symptom,2,2,7,1,1
intractable hemorrhage,intractable hemorrhage,symptom,2,2,7,1,1
thickening of the long bones,thickening of the long bones,symptom,7,7,0,1,21
weak sputum expulsion,weak sputum expulsion,symptom,9,9,9,1,36
post-exercise dizziness,post-exercise dizziness,symptom,9,9,9,1,36
phlegm-heat congealing,phlegm-heat congealing,symptom,9,9,9,1,36
phlegm-fire obstructing the clear orifices,phlegm-fire obstructing the clear orifices,symptom,9,9,9,1,36
distortion of vision,distortion of vision,symptom,6,6,6,1,15
decreased masticatory function,decreased masticatory function,symptom,1,1,2,0,0
complete baldness,complete baldness,symptom,3,3,3,1,3
corneal vascular proliferation,corneal vascular proliferation,symptom,3,3,6,1,3
perleche,perleche,symptom,3,3,6,1,3
aging on body parts,aging on body parts,symptom,2,2,4,1,1
constricting pain,constricting pain,symptom,11,11,1,1,55
pea to millet-sized round or oval-shaped nodules,pea to millet-sized round or oval-shaped nodules,symptom,21,21,2,1,210
retinal artery occlusion,retinal artery occlusion,symptom,8,8,6,1,28
abnormal arteriography,abnormal arteriography,symptom,8,8,6,1,28
color weakness,color weakness,symptom,4,4,6,1,6
slightly bluish when the infant cries. the protrusion decreases in size or disappears when the infant is calm,slightly bluish when the infant cries. the protrusion decreases in size or disappears when the infant is calm,symptom,5,5,3,1,10
clear blister fluid,clear blister fluid,symptom,10,10,3,1,45
spontaneous bursting,spontaneous bursting,symptom,10,10,3,1,45
irregular heart rhythm,irregular heart rhythm,symptom,9,9,1,1,36
as well as potential urinary,as well as potential urinary,symptom,9,9,2,1,36
occult gastric pain,occult gastric pain,symptom,8,8,7,1,28
mid to small wet crackles during inhalation,mid to small wet crackles during inhalation,symptom,5,5,1,1,10
mucus or bloody pus stool,mucus or bloody pus stool,symptom,13,13,7,1,78
skin surface tension,skin surface tension,symptom,9,9,7,1,36
purplish-red nodules,purplish-red nodules,symptom,9,9,7,1,36
difficulty in vocal cord abduction,difficulty in vocal cord abduction,symptom,4,4,1,1,6
cardiopulmonary failure,cardiopulmonary failure,symptom,8,8,1,1,28
bronchial-alveolar rales,bronchial-alveolar rales,symptom,8,8,1,1,28
mild cough,mild cough,symptom,3,3,1,1,3
psychological suppression,psychological suppression,symptom,2,2,2,1,1
occurring intermittently,occurring intermittently,symptom,2,2,8,1,1
transverse colon displacement,transverse colon displacement,symptom,17,18,7,0.75,102
idioventricular rhythm,idioventricular rhythm,symptom,12,12,1,1,66
pupil constriction,pupil constriction,symptom,25,25,6,0.623333,187
lytic bone lesions,lytic bone lesions,symptom,8,8,7,1,28
singultus (hiccup),singultus (hiccup),symptom,9,9,7,1,36
jaw clenching,jaw clenching,symptom,2,2,7,1,1
pronation strength in the forearm,pronation strength in the forearm,symptom,4,4,0,1,6
sensory disturbances in the fingers,sensory disturbances in the fingers,symptom,4,4,0,1,6
paroxysmal nausea,paroxysmal nausea,symptom,12,12,2,1,66
notable itching,notable itching,symptom,6,6,3,1,15
inferiority,inferiority,symptom,11,11,2,1,55
white spots in the swollen area that are hard to rupture,white spots in the swollen area that are hard to rupture,symptom,12,12,0,1,66
release pus,release pus,symptom,12,12,0,1,66
nail loss,nail loss,symptom,12,12,0,1,66
striae adiposae,striae adiposae,symptom,9,9,1,1,36
abdominal obesity,abdominal obesity,symptom,9,9,1,1,36
male-pattern obesity,male-pattern obesity,symptom,9,9,1,1,36
increased deposition of urate in joints,increased deposition of urate in joints,symptom,8,8,0,1,28
uric acid crystals,uric acid crystals,symptom,8,8,0,1,28
history of trauma to the lower leg,history of trauma to the lower leg,symptom,6,6,0,1,15
involvement of the corticospinal tract,involvement of the corticospinal tract,symptom,8,8,0,1,28
localized neurological signs,localized neurological signs,symptom,8,8,0,1,28
organic neurological damage,organic neurological damage,symptom,8,8,0,1,28
loss of knee reflex,loss of knee reflex,symptom,7,7,2,1,21
sparse menstruation,sparse menstruation,symptom,2,2,4,1,1
poor erection hardness,poor erection hardness,symptom,11,11,4,1,55
congenital pseudarthrosis of the tibia,congenital pseudarthrosis of the tibia,symptom,3,3,4,1,3
fibula,fibula,symptom,3,3,4,1,3
lack of sebum,lack of sebum,symptom,3,3,0,1,3
often itchy,often itchy,symptom,3,3,0,1,3
facial angiofibroma,facial angiofibroma,symptom,1,1,2,0,0
pistol shot femoral artery sounds,pistol shot femoral artery sounds,symptom,18,18,1,1,153
tortuous vessel wall,tortuous vessel wall,symptom,9,9,2,1,36
instability of posture,instability of posture,symptom,2,2,2,1,1
inability to sleep deeply,inability to sleep deeply,symptom,6,6,2,1,15
inability to fall back asleep after waking up,inability to fall back asleep after waking up,symptom,6,6,2,1,15
intestinal rupture due to open abdominal injuries can lead to leakage of small intestinal fluid from the wound,intestinal rupture due to open abdominal injuries can lead to leakage of small intestinal fluid from the wound,symptom,3,3,7,1,3
the eyelid is red,the eyelid is red,symptom,6,6,3,1,15
formation of a nodule. after several days,formation of a nodule. after several days,symptom,23,23,3,0.628458,159
the nodule may feel fluctuant,the nodule may feel fluctuant,symptom,6,6,3,1,15
eventually form an ulcer,eventually form an ulcer,symptom,6,6,3,1,15
anal lesion,anal lesion,symptom,9,9,7,1,36
perianal cyst,perianal cyst,symptom,9,9,7,1,36
fissure ulcer,fissure ulcer,symptom,9,9,7,1,36
retinal whitening,retinal whitening,symptom,2,2,6,1,1
obliteration of the psoas shadow,obliteration of the psoas shadow,symptom,6,6,7,1,15
calf soreness,calf soreness,symptom,14,14,0,1,91
thrombus organization,thrombus organization,symptom,14,14,0,1,91
slowed blood flow,slowed blood flow,symptom,14,14,0,1,91
toes coolness,toes coolness,symptom,14,14,0,1,91
appearing pale or purple-red,appearing pale or purple-red,symptom,14,14,0,1,91
congenital heart defects,congenital heart defects,symptom,16,16,7,1,120
motor disturbances in lower limbs,motor disturbances in lower limbs,symptom,19,19,0,1,171
twitching pain,twitching pain,symptom,16,16,4,1,120
loud screaming,loud screaming,symptom,16,16,4,1,120
increased vocal pitch,increased vocal pitch,symptom,11,11,0,1,55
cranial suture separation,cranial suture separation,symptom,19,20,2,0.74269,127
blood-stained leukorrhea,blood-stained leukorrhea,symptom,8,8,4,1,28
neck lump,neck lump,symptom,13,13,1,1,78
a firm lump can be felt on the eyelid,a firm lump can be felt on the eyelid,symptom,2,2,0,1,1
widely spaced eyes,widely spaced eyes,symptom,6,6,0,1,15
excessive hairiness,excessive hairiness,symptom,6,6,0,1,15
abnormal qrs waves,abnormal qrs waves,symptom,18,23,1,0.843137,129
unusual breath patterns,unusual breath patterns,symptom,11,11,1,1,55
worsening discomfort after st,worsening discomfort after st,symptom,7,7,4,1,21
decreased corneal sensation,decreased corneal sensation,symptom,7,7,6,1,21
retinochoroiditis,retinochoroiditis,symptom,2,2,7,1,1
anal region covered by skin,anal region covered by skin,symptom,7,7,7,1,21
upper abdominal burning pain,upper abdominal burning pain,symptom,4,4,7,1,6
pulmonary congestion,pulmonary congestion,symptom,18,18,1,0.843137,129
pus or blood in stool,pus or blood in stool,symptom,3,3,4,1,3
swelling at the affected area,swelling at the affected area,symptom,3,3,2,1,3
facial venous distension,facial venous distension,symptom,9,9,1,1,36
asterixis,asterixis,symptom,7,7,2,1,21
lack of pubertal development,lack of pubertal development,symptom,4,4,0,1,6
webbed neck,webbed neck,symptom,4,4,0,1,6
renal concentrating dysfunction,renal concentrating dysfunction,symptom,9,9,4,1,36
tonsillar hyperemia,tonsillar hyperemia,symptom,17,17,7,1,136
breath smelling of almonds,breath smelling of almonds,symptom,13,13,1,1,78
erythroderma (well-demarcated,erythroderma (well-demarcated,symptom,4,4,3,1,6
discharge of the foreskin,discharge of the foreskin,symptom,9,9,3,1,36
symptoms include whitening,symptoms include whitening,symptom,11,11,0,1,55
which disappear upon warming. in cases,which disappear upon warming. in cases,symptom,11,11,0,1,55
hypercortisolism,hypercortisolism,symptom,5,5,2,1,10
adrenal metastasis,adrenal metastasis,symptom,5,5,2,1,10
disproportion between the head,disproportion between the head,symptom,5,5,1,1,10
radial dislocation of the wrist,radial dislocation of the wrist,symptom,5,5,0,1,10
compromised immunity,compromised immunity,symptom,11,11,7,1,55
yellow speckles on nails,yellow speckles on nails,symptom,11,11,7,1,55
acquired bleeding tendencies,acquired bleeding tendencies,symptom,8,8,7,1,28
burning swelling,burning swelling,symptom,4,4,4,1,6
left-sided abdominal pain,left-sided abdominal pain,symptom,19,19,7,1,171
lack of body fluids,lack of body fluids,symptom,4,4,4,1,6
preference for using both h,preference for using both h,symptom,8,8,2,1,28
pain in the occipitocervical region,pain in the occipitocervical region,symptom,8,8,2,1,28
children exhibit growth stagnation,children exhibit growth stagnation,symptom,2,2,78,1,1
boys showing no increase in testicular volume,boys showing no increase in testicular volume,symptom,2,2,78,1,1
girls showing no breast development,girls showing no breast development,symptom,2,2,78,1,1
palpable mass under the vaginal mucosa,palpable mass under the vaginal mucosa,symptom,5,5,4,1,10
a sensation of falling,a sensation of falling,symptom,5,5,4,1,10
cachectic constitution,cachectic constitution,symptom,8,8,7,1,28
fever (usually remittent fever) along,fever (usually remittent fever) along,symptom,9,9,1,1,36
poor communication skills,poor communication skills,symptom,2,2,0,1,1
intestinal rumbling,intestinal rumbling,symptom,7,7,7,1,21
frequent passing of gas,frequent passing of gas,symptom,7,7,7,1,21
pedunculated or protruding masses on the skin surface of the labia majora,pedunculated or protruding masses on the skin surface of the labia majora,symptom,5,5,3,1,10
forming hard,forming hard,symptom,5,5,3,1,10
limbs. the blister fluid is initially pale yellow,limbs. the blister fluid is initially pale yellow,symptom,17,17,3,1,136
some of the blister fluid becomes turbid. there is initially a crescent-shaped accumulation of pus at the base of the blister,some of the blister fluid becomes turbid. there is initially a crescent-shaped accumulation of pus at the base of the blister,symptom,17,17,3,1,136
followed by a gradual increase in pus,followed by a gradual increase in pus,symptom,17,17,3,1,136
but the entire large blister does not completely purulent,but the entire large blister does not completely purulent,symptom,17,17,3,1,136
thus presenting the characteristics of a seropurulent blister. there is no erythema around the blister,thus presenting the characteristics of a seropurulent blister. there is no erythema around the blister,symptom,17,17,3,1,136
the walls are thin,the walls are thin,symptom,17,17,3,1,136
easily ruptured,easily ruptured,symptom,17,17,3,1,136
revealing a bright red,revealing a bright red,symptom,17,17,3,1,136
eroded surface after rupture,eroded surface after rupture,symptom,17,17,3,1,136
hemangiomas are commonly found on limbs,hemangiomas are commonly found on limbs,symptom,6,6,7,1,15
presenting as multiple,presenting as multiple,symptom,6,6,7,1,15
pathogenic invasion outbalances body resistance,pathogenic invasion outbalances body resistance,symptom,10,10,7,1,45
local discomfort from cold,local discomfort from cold,symptom,7,7,0,1,21
weakened or absent peripheral pulse,weakened or absent peripheral pulse,symptom,7,7,0,1,21
diffuse burning pain,diffuse burning pain,symptom,7,7,0,1,21
partial wear of the enamel,partial wear of the enamel,symptom,2,2,0,1,1
anorchism,anorchism,symptom,10,10,4,1,45
localized redness of the skin over the lymph nodes,localized redness of the skin over the lymph nodes,symptom,2,2,7,1,1
paralysis of upward gaze,paralysis of upward gaze,symptom,6,6,2,1,15
erythrophagocytosis,erythrophagocytosis,symptom,6,6,7,1,15
yellow nodular masses,yellow nodular masses,symptom,1,1,3,0,0
prolonged poor posture,prolonged poor posture,symptom,6,6,0,1,15
femoral bruit,femoral bruit,symptom,11,11,1,1,55
which may descend into the scrotum,which may descend into the scrotum,symptom,6,6,0,1,15
the mass disappears when lying flat,the mass disappears when lying flat,symptom,6,6,0,1,15
appears when st,appears when st,symptom,6,6,0,1,15
pregnancy-induced hypertension,pregnancy-induced hypertension,symptom,9,9,4,1,36
hepatocyte necrosis,hepatocyte necrosis,symptom,8,8,7,1,28
left pleuritic,left pleuritic,symptom,3,3,7,1,3
lingering dribble,lingering dribble,symptom,18,18,4,1,153
underdeveloped or malformed uterus,underdeveloped or malformed uterus,symptom,4,4,4,1,6
history of contact,history of contact,symptom,12,12,7,1,66
methomyl,methomyl,symptom,12,12,7,1,66
bladder incontinence,bladder incontinence,symptom,2,2,2,1,1
typically presents in childhood or adolescence,typically presents in childhood or adolescence,symptom,6,6,79,1,15
antisocial behavior,antisocial behavior,symptom,6,6,79,1,15
oppositional defiant behavior,oppositional defiant behavior,symptom,6,6,79,1,15
significant impairment in daily living,significant impairment in daily living,symptom,6,6,79,1,15
social functioning,social functioning,symptom,6,6,79,1,15
symptoms lasting for at least 6 months,symptoms lasting for at least 6 months,symptom,6,6,79,1,15
masticatory muscle spasm,masticatory muscle spasm,symptom,5,5,2,1,10
distension or even pain,distension or even pain,symptom,11,11,7,1,55
abnormally long,abnormally long,symptom,16,16,0,1,120
slender limbs,slender limbs,symptom,16,16,0,1,120
abnormalities in the cardiovascular system,abnormalities in the cardiovascular system,symptom,16,16,0,1,120
especially heart valve anomalies,especially heart valve anomalies,symptom,16,16,0,1,120
aortic aneurysms,aortic aneurysms,symptom,16,16,0,1,120
childhood bed-wetting,childhood bed-wetting,symptom,4,4,4,1,6
habitual wetting of pants,habitual wetting of pants,symptom,4,4,4,1,6
dull moro reflex,dull moro reflex,symptom,13,13,2,1,78
decreased or lost thermal sensation,decreased or lost thermal sensation,symptom,5,5,2,1,10
facial vascular ectasia,facial vascular ectasia,symptom,12,12,1,1,66
fullness after meals,fullness after meals,symptom,31,31,7,1,465
gastrointestinal hemorrhage,gastrointestinal hemorrhage,symptom,11,11,4,1,55
blood mixed,blood mixed,symptom,24,24,7,1,276
extensive pelvic infiltration,extensive pelvic infiltration,symptom,24,24,7,1,276
a continuous rumbling noise behind the eyes,a continuous rumbling noise behind the eyes,symptom,13,13,6,1,78
reduced blink rate,reduced blink rate,symptom,13,13,6,1,78
incessant blinking,incessant blinking,symptom,13,13,6,1,78
sunset sign,sunset sign,symptom,13,13,6,1,78
hyperopia progression,hyperopia progression,symptom,13,13,6,1,78
jerky pulse,jerky pulse,symptom,11,11,1,1,55
brownish hair,brownish hair,symptom,7,7,0,1,21
peculiar mousy odor in urine,peculiar mousy odor in urine,symptom,7,7,0,1,21
sparse dentition,sparse dentition,symptom,7,7,0,1,21
pus in urine,pus in urine,symptom,6,6,4,1,15
extend fingers,extend fingers,symptom,7,7,7,1,21
unicornuate or bicornuate uterus,unicornuate or bicornuate uterus,symptom,2,2,6,1,1
cervical adhesion,cervical adhesion,symptom,2,2,6,1,1
slow urination,slow urination,symptom,10,10,4,1,45
obstructed urination,obstructed urination,symptom,10,10,4,1,45
ranging from bright red to brownish-red,ranging from bright red to brownish-red,symptom,6,6,3,1,15
signs of impending uterine rupture,signs of impending uterine rupture,symptom,11,11,1,1,55
this condition often present,this condition often present,symptom,6,6,0,1,15
especially when the eye moves,especially when the eye moves,symptom,5,5,6,1,10
sudden blindness,sudden blindness,symptom,7,7,6,1,21
transient black veil in one eye,transient black veil in one eye,symptom,7,7,6,1,21
cholecystolithiasis,cholecystolithiasis,symptom,14,14,7,1,91
extrahepatic bile duct stones,extrahepatic bile duct stones,symptom,14,14,7,1,91
gallbladder-heart syndrome,gallbladder-heart syndrome,symptom,14,14,7,1,91
increased medial angulation of the elbow joint,increased medial angulation of the elbow joint,symptom,2,2,0,1,1
altered posterior triangle relationship of the elbow,altered posterior triangle relationship of the elbow,symptom,2,2,0,1,1
obstruction of the appendix lumen,obstruction of the appendix lumen,symptom,7,7,7,1,21
inability to consume food normally,inability to consume food normally,symptom,4,4,7,1,6
more noticeable after meals,more noticeable after meals,symptom,9,9,7,1,36
both dry,both dry,symptom,19,19,1,1,171
pain in the skin of the nasal vestibule,pain in the skin of the nasal vestibule,symptom,9,9,0,1,36
foul-smelling nasal purulence,foul-smelling nasal purulence,symptom,9,9,0,1,36
itching in the nasal vestibule,itching in the nasal vestibule,symptom,9,9,0,1,36
involuntary motion restriction,involuntary motion restriction,symptom,3,3,0,1,3
disseminated cutaneous papular xanthomas,disseminated cutaneous papular xanthomas,symptom,1,1,80,0,0
mucosal xanthomas,mucosal xanthomas,symptom,1,1,80,0,0
intervertebral space changes,intervertebral space changes,symptom,19,19,0,1,171
dural sac herniation,dural sac herniation,symptom,19,19,0,1,171
bamboo spine,bamboo spine,symptom,19,19,0,1,171
destruction occurring in no specific order,destruction occurring in no specific order,symptom,1,1,2,0,0
nonspecific abdominal hidden pain,nonspecific abdominal hidden pain,symptom,7,7,7,1,21
nipple reduction surgery,nipple reduction surgery,symptom,4,4,4,1,6
overgrowth of nerve fibers,overgrowth of nerve fibers,symptom,3,3,3,1,3
interlobar fissures tend to droop in an arc shape,interlobar fissures tend to droop in an arc shape,symptom,11,11,1,1,55
pulse deficit,pulse deficit,symptom,20,25,1,0.873684,166
mydriasis,mydriasis,symptom,4,4,6,1,6
bluish discoloration of oral mucosa,bluish discoloration of oral mucosa,symptom,8,8,1,1,28
loss of embracement reflex,loss of embracement reflex,symptom,8,8,1,1,28
history of spinal tuberculosis,history of spinal tuberculosis,symptom,1,1,0,0,0
some patients have a history of inguinal hernia,some patients have a history of inguinal hernia,symptom,10,10,7,1,45
if it causes intestinal obstruction,if it causes intestinal obstruction,symptom,10,10,7,1,45
elevated position of the testicle on the affected side,elevated position of the testicle on the affected side,symptom,10,10,7,1,45
localized muscle tone abnormalities,localized muscle tone abnormalities,symptom,3,3,0,1,3
ascaris-induced intestinal obstruction,ascaris-induced intestinal obstruction,symptom,12,12,7,1,66
flatus disorder,flatus disorder,symptom,12,12,7,1,66
inability to count pulse rate per minute,inability to count pulse rate per minute,symptom,14,14,1,1,91
newborn bradykinesia,newborn bradykinesia,symptom,40,40,2,1,780
poor gas expulsion,poor gas expulsion,symptom,4,4,7,1,6
release mucinous fluid once ruptured. after several days,release mucinous fluid once ruptured. after several days,symptom,11,11,3,1,55
burning sensations. if the condition persists for an extended period,burning sensations. if the condition persists for an extended period,symptom,11,11,3,1,55
diverticular bleeding,diverticular bleeding,symptom,10,10,7,1,45
jejunal diverticulosis,jejunal diverticulosis,symptom,10,10,7,1,45
jawbone bulging,jawbone bulging,symptom,3,3,3,1,3
lichenoid eruptions,lichenoid eruptions,symptom,6,6,3,1,15
central pinpoint white spots,central pinpoint white spots,symptom,17,17,3,1,136
enlarging to the size of a mung bean,enlarging to the size of a mung bean,symptom,17,17,3,1,136
a central depression resembling a navel,a central depression resembling a navel,symptom,17,17,3,1,136
presenting in grey,presenting in grey,symptom,17,17,3,1,136
cerebrospinal fluid leakage,cerebrospinal fluid leakage,symptom,3,3,2,1,3
fingerprint erasure,fingerprint erasure,symptom,2,2,3,1,1
changes in muscle tone,changes in muscle tone,symptom,9,9,2,1,36
abnormal primitive reflexes,abnormal primitive reflexes,symptom,9,9,2,1,36
flexion deformities of the hips,flexion deformities of the hips,symptom,5,5,0,1,10
colonic distention,colonic distention,symptom,18,18,7,1,153
neck turning,neck turning,symptom,24,24,2,1,276
continuous twitching of a specific part of the body or face,continuous twitching of a specific part of the body or face,symptom,24,24,2,1,276
calf muscle spasm after walking,calf muscle spasm after walking,symptom,24,24,2,1,276
hepatic effusion,hepatic effusion,symptom,8,8,7,1,28
passage of mucus,passage of mucus,symptom,5,5,7,1,10
loss of thermal sensation,loss of thermal sensation,symptom,4,4,0,1,6
high malignancy rate,high malignancy rate,symptom,11,11,7,1,55
usually unilateral large tumors,usually unilateral large tumors,symptom,11,11,7,1,55
containing elements such as bone,containing elements such as bone,symptom,11,11,7,1,55
peritoneal implantation,peritoneal implantation,symptom,11,11,7,1,55
generally does not affect menstruation,generally does not affect menstruation,symptom,11,11,7,1,55
cord-like parotid ducts can be palpated under the buccal mucosa,cord-like parotid ducts can be palpated under the buccal mucosa,symptom,3,3,0,1,3
hematogenous spread,hematogenous spread,symptom,2,2,3,1,1
interlobular septal thickening often showing an arc-shaped drooping,interlobular septal thickening often showing an arc-shaped drooping,symptom,9,9,1,1,36
nausea vomiting,nausea vomiting,symptom,6,6,2,1,15
decidua reaction,decidua reaction,symptom,5,5,4,1,10
typhoid facies,typhoid facies,symptom,11,11,2,1,55
swelling at the tip of infection,swelling at the tip of infection,symptom,13,13,7,1,78
orthostatic dizziness,orthostatic dizziness,symptom,3,3,7,1,3
improving after one week,improving after one week,symptom,6,6,1,1,15
the initial mucosal lesion is a papule or vesicle,the initial mucosal lesion is a papule or vesicle,symptom,8,8,8,1,28
which then forms an ulcer covered,which then forms an ulcer covered,symptom,8,8,8,1,28
a white exudate,a white exudate,symptom,8,8,8,1,28
the base of which may have bleeding points. when the lesions invade deeper structures,the base of which may have bleeding points. when the lesions invade deeper structures,symptom,8,8,8,1,28
they can cause destruction of the epiglottis,they can cause destruction of the epiglottis,symptom,8,8,8,1,28
uvula,uvula,symptom,8,8,8,1,28
leading to perforation,leading to perforation,symptom,8,8,8,1,28
urinary tract bleeding,urinary tract bleeding,symptom,8,8,1,1,28
swelling less apparent than in epidemic parotitis,swelling less apparent than in epidemic parotitis,symptom,4,4,7,1,6
symptom relief after steroid reduction,symptom relief after steroid reduction,symptom,2,2,7,1,1
soreness at the opening of the urethra,soreness at the opening of the urethra,symptom,11,11,4,1,55
purulent cervical mucus,purulent cervical mucus,symptom,11,11,4,1,55
peeping at women going to the toilet,peeping at women going to the toilet,symptom,5,5,1,1,10
bathing,bathing,symptom,5,5,1,1,10
sexual activities,sexual activities,symptom,5,5,1,1,10
experiencing sexual pleasure while watching,experiencing sexual pleasure while watching,symptom,5,5,1,1,10
rapid rupture,rapid rupture,symptom,5,5,3,1,10
pain upon forearm rotation,pain upon forearm rotation,symptom,7,7,0,1,21
limitation of the posterior forearm rotation,limitation of the posterior forearm rotation,symptom,7,7,0,1,21
merge into larger irregular masses. during accelerated growth phase,merge into larger irregular masses. during accelerated growth phase,symptom,7,7,3,1,21
the tumor may be,the tumor may be,symptom,7,7,3,1,21
self-awareness of sweat odor,self-awareness of sweat odor,symptom,3,3,1,1,3
intraperitoneal hemorrhage,intraperitoneal hemorrhage,symptom,15,16,7,0.638095,67
sensation of a bursting head,sensation of a bursting head,symptom,3,3,2,1,3
symptoms of electrolyte disturbances,symptoms of electrolyte disturbances,symptom,4,4,0,1,6
ruddy complexion,ruddy complexion,symptom,6,6,2,1,15
millet-sized to vesicular lesions,millet-sized to vesicular lesions,symptom,19,19,3,1,171
blacking out,blacking out,symptom,11,11,1,1,55
followed by loss of consciousness,followed by loss of consciousness,symptom,11,11,1,1,55
consciousness typically recovering rapidly after several seconds,consciousness typically recovering rapidly after several seconds,symptom,11,11,1,1,55
post-recovery fatigue may occur,post-recovery fatigue may occur,symptom,11,11,1,1,55
significant increase in sweat production,significant increase in sweat production,symptom,8,8,3,1,28
bleeding at the umbilicus,bleeding at the umbilicus,symptom,6,6,7,1,15
puncture sites,puncture sites,symptom,6,6,7,1,15
cases showing gastrointestinal,cases showing gastrointestinal,symptom,6,6,7,1,15
there are no obvious symptoms. in the latter stages,there are no obvious symptoms. in the latter stages,symptom,9,9,7,1,36
clubfoot,clubfoot,symptom,8,8,2,1,28
very short fingernails,very short fingernails,symptom,14,14,2,1,91
localization signs,localization signs,symptom,27,28,2,0.65812,231
surgical trauma,surgical trauma,symptom,14,14,2,1,91
polycythemic face,polycythemic face,symptom,8,8,7,1,28
slow blood flow in viscera,slow blood flow in viscera,symptom,8,8,7,1,28
increased blood stickiness,increased blood stickiness,symptom,8,8,7,1,28
reddish complexion,reddish complexion,symptom,8,8,7,1,28
significant pharyngeal pain in advanced stages,significant pharyngeal pain in advanced stages,symptom,9,9,9,1,36
exacerbated when swallowing,exacerbated when swallowing,symptom,9,9,9,1,36
facial light brown to dark brown pigmentation,facial light brown to dark brown pigmentation,symptom,1,1,81,0,0
subjective pruritus,subjective pruritus,symptom,1,1,81,0,0
decreased glucose tolerance,decreased glucose tolerance,symptom,11,11,1,1,55
neuromuscular symptoms,neuromuscular symptoms,symptom,11,11,1,1,55
absence of the thymus,absence of the thymus,symptom,11,11,3,1,55
significant discomfort after prolonged st,significant discomfort after prolonged st,symptom,8,8,0,1,28
preference for leaning on something,preference for leaning on something,symptom,8,8,0,1,28
fungemia,fungemia,symptom,14,14,1,1,91
abnormal fetal movements,abnormal fetal movements,symptom,6,6,4,1,15
breath smelling of rotten apples,breath smelling of rotten apples,symptom,12,12,7,1,66
sedation,sedation,symptom,18,20,2,0.732026,112
decreased or absent vocal tremor,decreased or absent vocal tremor,symptom,8,8,1,1,28
foul-smelling viscid nasal mucus,foul-smelling viscid nasal mucus,symptom,7,7,0,1,21
recurrent diarrhoea,recurrent diarrhoea,symptom,9,9,7,1,36
digestive dysfunction,digestive dysfunction,symptom,9,9,7,1,36
ulcerative pain,ulcerative pain,symptom,4,4,3,1,6
i.e,i.e,symptom,5,5,2,1,10
such as saying 'ear' as 'ear guo',such as saying 'ear' as 'ear guo',symptom,5,5,2,1,10
cough impulse,cough impulse,symptom,3,3,0,1,3
sensation of stickiness in the throat,sensation of stickiness in the throat,symptom,2,2,9,1,1
exacerbated by shoulder abduction,exacerbated by shoulder abduction,symptom,6,6,0,1,15
history of endometrioma,history of endometrioma,symptom,5,5,7,1,10
splash sounds,splash sounds,symptom,19,19,7,1,171
lung consolidation,lung consolidation,symptom,7,7,7,1,21
enlarged bone ends,enlarged bone ends,symptom,4,4,7,1,6
colonic melanosis,colonic melanosis,symptom,0,0,82,0,0
retractions,retractions,symptom,7,7,1,1,21
or scratching of the vulva by the child,or scratching of the vulva by the child,symptom,9,9,7,1,36
vaginal orifice,vaginal orifice,symptom,9,9,7,1,36
adhesion of the labia minora,adhesion of the labia minora,symptom,9,9,7,1,36
pregnancy vomiting,pregnancy vomiting,symptom,8,8,7,1,28
laziness in speech,laziness in speech,symptom,7,7,2,1,21
isolation,isolation,symptom,2,2,1,1,1
cystic or hard texture,cystic or hard texture,symptom,9,9,7,1,36
may be associated,may be associated,symptom,9,9,7,1,36
larger masses may compress the duodenum causing nausea,larger masses may compress the duodenum causing nausea,symptom,9,9,7,1,36
excoriations oozing fluid,excoriations oozing fluid,symptom,7,7,3,1,21
dish-shaped yellow crusts,dish-shaped yellow crusts,symptom,7,7,3,1,21
before or during menstruation,before or during menstruation,symptom,2,2,7,1,1
which return to normal after the end of menstruation,which return to normal after the end of menstruation,symptom,2,2,7,1,1
torsional,torsional,symptom,4,4,0,1,6
restricted growth in height,restricted growth in height,symptom,4,4,0,1,6
pain in the masticatory muscles,pain in the masticatory muscles,symptom,12,12,0,1,66
audible friction sounds,audible friction sounds,symptom,12,12,0,1,66
positive trendelenburg sign,positive trendelenburg sign,symptom,3,3,0,1,3
positive thomas test,positive thomas test,symptom,3,3,0,1,3
eyes deviate towards the temporal side,eyes deviate towards the temporal side,symptom,2,2,2,1,1
expectorating phlegm,expectorating phlegm,symptom,11,11,1,1,55
proliferation of lymphoid follicles in the throat,proliferation of lymphoid follicles in the throat,symptom,7,7,3,1,21
unresponsive to calls,unresponsive to calls,symptom,8,8,2,1,28
no answer to questions,no answer to questions,symptom,8,8,2,1,28
immovable when pushed,immovable when pushed,symptom,8,8,2,1,28
consciousness is blurred,consciousness is blurred,symptom,8,8,2,1,28
whole body is rigid,whole body is rigid,symptom,8,8,2,1,28
irregular movements of h,irregular movements of h,symptom,8,8,2,1,28
purplish discoloration of the skin around the navel,purplish discoloration of the skin around the navel,symptom,10,10,7,1,45
reduced sexual function,reduced sexual function,symptom,13,13,2,1,78
difficulty in retracting the foreskin,difficulty in retracting the foreskin,symptom,11,11,4,1,55
increased pain when turning over,increased pain when turning over,symptom,4,4,4,1,6
disappearance of skin lines,disappearance of skin lines,symptom,2,2,0,1,1
localized swelling or mass,localized swelling or mass,symptom,5,5,0,1,10
hot palms,hot palms,symptom,3,3,9,1,3
prominent bulging when st,prominent bulging when st,symptom,6,6,0,1,15
straining or coughing,straining or coughing,symptom,6,6,0,1,15
retractable when lying flat,retractable when lying flat,symptom,6,6,0,1,15
dragging abdominal pain,dragging abdominal pain,symptom,6,6,0,1,15
excessive obesity,excessive obesity,symptom,3,3,4,1,3
abnormal birth canal,abnormal birth canal,symptom,3,3,4,1,3
the affected area exhibits a substantial mass that grows rapidly,the affected area exhibits a substantial mass that grows rapidly,symptom,4,4,0,1,6
no 'ping-pong' feel upon palpation,no 'ping-pong' feel upon palpation,symptom,4,4,0,1,6
sudden cessation of respiration,sudden cessation of respiration,symptom,5,5,2,1,10
sprained joint,sprained joint,symptom,2,2,0,1,1
conjunctival itching,conjunctival itching,symptom,2,2,6,1,1
organic mental disorder,organic mental disorder,symptom,3,3,2,1,3
prickly heat,prickly heat,symptom,9,9,3,1,36
nipple pruritus,nipple pruritus,symptom,16,16,4,1,120
diffuse large erythematous plaques on limbs,diffuse large erythematous plaques on limbs,symptom,16,16,3,1,120
initially asymptomatic,initially asymptomatic,symptom,6,6,1,1,15
lacrimal sac fistula,lacrimal sac fistula,symptom,2,2,6,1,1
facial varicose veins,facial varicose veins,symptom,8,8,1,1,28
underdeveloped depressor anguli oris muscle,underdeveloped depressor anguli oris muscle,symptom,13,13,0,1,78
hare lip,hare lip,symptom,13,13,0,1,78
uneven nails,uneven nails,symptom,5,5,3,1,10
which appear light brown,which appear light brown,symptom,23,23,2,1,253
changes in disposition,changes in disposition,symptom,9,9,7,1,36
gas tumor,gas tumor,symptom,5,5,83,1,10
flesh tumor,flesh tumor,symptom,5,5,83,1,10
tendon tumor,tendon tumor,symptom,5,5,83,1,10
blood tumor,blood tumor,symptom,5,5,83,1,10
bone tumor,bone tumor,symptom,5,5,83,1,10
fat tumor,fat tumor,symptom,5,5,83,1,10
renal microvascular fibrinoid necrosis,renal microvascular fibrinoid necrosis,symptom,12,12,4,1,66
localized renal necrosis,localized renal necrosis,symptom,12,12,4,1,66
plump body,plump body,symptom,12,12,4,1,66
lenticulostriate artery occlusion,lenticulostriate artery occlusion,symptom,14,14,2,1,91
thin forearm,thin forearm,symptom,5,5,0,1,10
destroying objects,destroying objects,symptom,5,5,2,1,10
even assaulting others,even assaulting others,symptom,5,5,2,1,10
unclear boundary of the paronychium,unclear boundary of the paronychium,symptom,3,3,6,1,3
feeling of throat blockage,feeling of throat blockage,symptom,5,5,6,1,10
an unpleasant smell emanating from the armpits,an unpleasant smell emanating from the armpits,symptom,5,5,1,1,10
oral soreness,oral soreness,symptom,5,5,3,1,10
lumbar back,lumbar back,symptom,8,8,7,1,28
which grows rapidly,which grows rapidly,symptom,1,1,9,0,0
discomfort above the pubis,discomfort above the pubis,symptom,6,6,4,1,15
foul-smelling urine,foul-smelling urine,symptom,2,2,2,1,1
fever for about 3 days followed by a rash,fever for about 3 days followed by a rash,symptom,23,23,7,1,253
aggravated coughing,aggravated coughing,symptom,23,23,7,1,253
stuffy ears,stuffy ears,symptom,7,7,7,1,21
lower extremity neurogenic pain,lower extremity neurogenic pain,symptom,5,5,2,1,10
patients have minimal plaque,patients have minimal plaque,symptom,4,4,0,1,6
calculus,calculus,symptom,4,4,0,1,6
periodontal tissue destruction  the amount of local irritants,periodontal tissue destruction  the amount of local irritants,symptom,4,4,0,1,6
presence of a splash sound in the abdomen,presence of a splash sound in the abdomen,symptom,4,4,7,1,6
in the broad ligament,in the broad ligament,symptom,4,4,7,1,6
